//ItemIndex   EffectIndex   EffectValue   EffectLevel   ColorR   ColorG   ColorB   ColorSize   ColorMain   ColorSide
//Wings Devil & Angel
6298 32002 3 0 0.53 0.36 1.00 1.0 0.0 0.0
6298 32002 13 0 0.53 0.36 1.00 1.0 0.0 0.0
6298 32002 15 0 0.53 0.36 1.00 1.0 0.0 0.0
6298 32002 25 0 0.53 0.36 1.00 1.0 0.0 0.0
6298 32002 27 0 0.53 0.36 1.00 1.0 0.0 0.0
6298 32002 39 0 0.56 0.45 1.00 2.0 0.0 0.0
6298 32002 43 0 0.56 0.45 1.00 2.0 0.0 0.0
6298 32002 44 0 0.56 0.45 1.00 2.0 0.0 0.0
6298 32002 45 0 0.56 0.45 1.00 2.0 0.0 0.0
6298 32002 46 0 0.56 0.45 1.00 2.0 0.0 0.0
6298 32002 40 0 1.00 0.79 0.60 2.0 0.0 0.0
6298 32002 41 0 1.00 0.79 0.60 1.5 0.0 0.0
6298 32002 42 0 1.00 0.79 0.60 0.8 0.0 0.0
6298 32002 59 0 1.00 0.79 0.60 2.0 0.0 0.0
6298 32002 61 0 1.00 0.79 0.60 1.5 0.0 0.0
6298 32002 61 0 1.00 0.79 0.60 0.8 0.0 0.0
6298 32002 58 0 0.56 0.45 1.00 2.0 0.0 0.0
6298 32002 62 0 0.56 0.45 1.00 2.0 0.0 0.0
6298 32002 63 0 0.56 0.45 1.00 2.0 0.0 0.0
6298 32002 64 0 0.56 0.45 1.00 2.0 0.0 0.0
6298 32002 65 0 0.56 0.45 1.00 2.0 0.0 0.0
//Angelic Bow (bow26.bmd)
2073 32002 22 0 0.50 0.87 0.40 1.0 0.0 0.0
2073 32002 23 0 0.50 0.87 0.40 1.0 0.0 0.0
2073 32002 24 0 0.50 0.87 0.40 1.0 0.0 0.0
2073 32002 27 0 0.50 0.87 0.40 1.0 0.0 0.0
2073 32002 28 0 0.50 0.87 0.40 1.0 0.0 0.0
2073 32002 29 0 0.50 0.87 0.40 1.0 0.0 0.0
2073 32002 13 0 0.50 0.87 0.40 1.5 0.0 0.0
//Devil Crossbow (devilcrossbow.bmd)
2074 32002 6 0 1.00 0.14 0.04 0.8 0.0 0.0
2074 32002 7 0 1.00 0.14 0.04 0.8 0.0 0.0
2074 32002 8 0 1.00 0.14 0.04 0.8 0.0 0.0
2074 32002 9 0 1.00 0.14 0.04 0.8 0.0 0.0
2074 32002 10 0 1.00 0.14 0.04 0.8 0.0 0.0
2074 32002 11 0 1.00 0.14 0.04 0.8 0.0 0.0
2074 32002 16 0 1.00 0.14 0.04 0.8 0.0 0.0
2074 32002 17 0 1.00 0.14 0.04 0.8 0.0 0.0
2074 32002 18 0 1.00 0.14 0.04 0.8 0.0 0.0
2074 32002 19 0 1.00 0.14 0.04 0.8 0.0 0.0
2074 32002 20 0 1.00 0.14 0.04 0.8 0.0 0.0
2074 32002 21 0 1.00 0.14 0.04 0.8 0.0 0.0
2074 32002 22 0 1.00 0.14 0.04 0.8 0.0 0.0
2074 32002 23 0 1.00 0.14 0.04 0.8 0.0 0.0
2074 32002 24 0 1.00 0.14 0.04 0.8 0.0 0.0
2074 32002 25 0 1.00 0.14 0.04 0.8 0.0 0.0
2074 32002 26 0 1.00 0.14 0.04 0.8 0.0 0.0
2074 32002 29 0 1.00 0.14 0.04 0.8 0.0 0.0
2074 32002 30 0 1.00 0.14 0.04 0.8 0.0 0.0
2074 32002 31 0 1.00 0.14 0.04 0.8 0.0 0.0
2074 32002 32 0 1.00 0.14 0.04 0.8 0.0 0.0
2074 32002 33 0 1.00 0.14 0.04 0.8 0.0 0.0
2074 32002 34 0 1.00 0.14 0.04 0.8 0.0 0.0
2074 32002 35 0 1.00 0.14 0.04 0.8 0.0 0.0
2074 32002 36 0 1.00 0.14 0.04 0.8 0.0 0.0
2074 32002 37 0 1.00 0.14 0.04 0.8 0.0 0.0
2074 32002 38 0 1.00 0.14 0.04 0.8 0.0 0.0
2074 32002 39 0 1.00 0.14 0.04 0.8 0.0 0.0
//Thunderbolt (thunder_bolt.bmd)
1043 32002 2 0 0.20 0.46 0.90 0.8 0.0 0.0
1043 32002 3 0 0.20 0.46 0.90 0.8 0.0 0.0
1043 32002 4 0 0.20 0.46 0.90 0.8 0.0 0.0
1043 32002 7 0 0.18 0.50 0.50 1.0 0.0 0.0
1043 32002 7 0 0.50 0.50 0.50 0.3 0.0 0.0
1043 32266 7 0 0.36 1.00 1.00 0.6 0.0 0.0
1043 32266 5 0 0.20 0.46 0.90 0.3 0.0 0.0
1043 32266 6 0 0.20 0.46 0.90 0.3 0.0 0.0
1043 32266 8 0 0.20 0.46 0.90 0.3 0.0 0.0
1043 32002 8 0 0.50 0.50 0.50 0.1 0.0 0.0
//Asura (asura.bmd)
30 32002 3 0 0.98 0.09 0.02 1.2 0.0 0.0
30 32002 4 0 0.98 0.09 0.02 1.2 0.0 0.0
30 32002 5 0 0.98 0.09 0.02 1.2 0.0 0.0
30 32002 6 0 0.98 0.09 0.02 1.2 0.0 0.0
30 32002 7 0 0.98 0.09 0.02 1.2 0.0 0.0
30 32002 8 0 0.98 0.09 0.02 1.2 0.0 0.0
30 32002 9 0 0.98 0.09 0.02 1.1 0.0 0.0
30 32002 10 0 0.98 0.09 0.02 0.9 0.0 0.0
30 32002 11 0 0.98 0.09 0.02 0.8 0.0 0.0
30 32002 12 0 0.98 0.09 0.02 0.7 0.0 0.0
//Miracle Staff (MiracleStaff.bmd)
2595 32002 5 0 0.13 0.19 1.00 0.5 0.0 0.0
2595 32002 6 0 0.13 0.19 1.00 0.5 0.0 0.0
2595 32002 7 0 0.13 0.19 1.00 0.5 0.0 0.0
2595 32002 10 0 0.13 0.19 1.00 0.5 0.0 0.0
2595 32002 11 0 0.13 0.19 1.00 0.5 0.0 0.0
2595 32002 12 0 0.13 0.19 1.00 0.5 0.0 0.0
2595 32002 15 0 0.13 0.19 1.00 0.5 0.0 0.0
2595 32002 16 0 0.13 0.19 1.00 0.5 0.0 0.0
2595 32002 19 0 0.13 0.19 1.00 0.5 0.0 0.0
2595 32002 20 0 0.13 0.19 1.00 0.5 0.0 0.0
2595 32002 21 0 0.13 0.19 1.00 0.5 0.0 0.0
2595 32002 8 0 1.00 0.16 0.47 0.5 0.0 0.0
2595 32002 9 0 1.00 0.16 0.47 0.5 0.0 0.0
2595 32002 17 0 1.00 0.16 0.47 0.5 0.0 0.0
2595 32002 18 0 1.00 0.16 0.47 0.5 0.0 0.0
2595 32002 26 0 1.00 0.16 0.47 1.5 0.0 0.0
2595 32002 26 0 1.00 0.16 0.47 1.5 0.0 0.0
//Spite Staff (kerberos_spear_dark_road.bmd)
2597 32002 3 0 0.99 0.23 0.13 2.0 0.0 0.0
2597 32002 4 0 0.99 0.23 0.13 0.7 0.0 0.0
2597 32002 4 0 1.00 0.75 0.66 0.2 0.0 0.0
2597 32002 4 0 1.00 0.75 0.66 0.2 0.0 0.0
//Magmus Peer (MagmaSpear.bmd)
1548 32002 1 0 1.00 0.18 0.00 1.0 0.0 0.0
1548 32002 2 0 1.00 0.18 0.00 1.2 0.0 0.0
1548 32002 3 0 1.00 0.18 0.00 1.4 0.0 0.0
1548 32002 4 0 1.00 0.18 0.00 1.6 0.0 0.0
1548 32002 6 0 1.00 0.18 0.00 1.6 0.0 0.0
1548 32002 7 0 1.00 0.18 0.00 1.6 0.0 0.0
1548 32002 8 0 1.00 0.18 0.00 1.0 0.0 0.0
//Horn of Steal (hornofsteel.bmd)
1044 32002 1 0 1.00 0.25 1.00 0.5 0.0 0.0
1044 32002 2 0 1.00 0.25 1.00 0.5 0.0 0.0
1044 32002 3 0 1.00 0.25 1.00 0.5 0.0 0.0
1044 32002 4 0 1.00 0.25 1.00 0.5 0.0 0.0
1044 32002 5 0 1.00 0.25 1.00 0.5 0.0 0.0
1044 32002 6 0 1.00 0.25 1.00 0.5 0.0 0.0
1044 32002 7 0 1.00 0.25 1.00 0.5 0.0 0.0
1044 32002 8 0 1.00 0.25 1.00 0.5 0.0 0.0
1044 32002 9 0 1.00 0.25 1.00 2.0 0.0 0.0
//Blast Break (blastbreak.bmd)
37 32002 3 0 0.50 0.73 1.00 0.5 0.0 0.0
37 32002 4 0 0.50 0.73 1.00 0.5 0.0 0.0
37 32002 5 0 0.50 0.73 1.00 0.5 0.0 0.0
37 32002 6 0 0.50 0.73 1.00 0.5 0.0 0.0
37 32002 7 0 0.50 0.73 1.00 0.5 0.0 0.0
37 32002 8 0 0.50 0.73 1.00 0.5 0.0 0.0
37 32002 9 0 0.50 0.73 1.00 0.5 0.0 0.0
37 32002 10 0 0.50 0.73 1.00 0.5 0.0 0.0
37 32002 11 0 0.50 0.73 1.00 0.5 0.0 0.0
//Sonic Blade-Cyclone Sword (balhalla_sword.bmd)
29 32002 1 0 1.00 0.74 0.67 0.8 0.0 0.0
29 32002 2 0 1.00 0.74 0.67 0.8 0.0 0.0
29 32002 3 0 1.00 0.74 0.67 0.8 0.0 0.0
29 32002 4 0 1.00 0.74 0.67 0.8 0.0 0.0
29 32002 5 0 1.00 0.74 0.67 0.8 0.0 0.0
29 32002 6 0 1.00 0.74 0.67 0.8 0.0 0.0
29 32002 7 0 1.00 0.74 0.67 0.8 0.0 0.0
//Wing Saron
6385		32002		  2		    0		 	   0.83		0.52	 0.76	    1.0         0.0	   		0.0 //PINK PINK
6385		32002		  3		    0		 	   0.83		0.52	 0.76	    1.0         0.0	   		0.0 //PINK PINK
6385		32002		  4		    0		 	   0.78		0.58	 0.17	    1.0         0.0	   		0.0 //PINK PINK
6385		32002		  5		    0		 	   0.83		0.52	 0.76	    1.0         0.0	   		0.0 //GOLD GOLD
6385		32002		  6		    0		 	   0.83		0.52	 0.76	    1.0         0.0	   		0.0 //PINK PINK
6385		32002		  7		    0		 	   0.78		0.58	 0.17	    1.0         0.0	   		0.0 //PINK PINK
6385		32002		  8		    0		 	   0.78		0.58	 0.17	    1.0         0.0	   		0.0 //PINK PINK
6385		32002		  9		    0		 	   0.83		0.52	 0.76	    1.0         0.0	   		0.0 //PINK PINK
//Shield Saron
3118		32002		  1		    0		 	   0.83		0.52	 0.76	    1.0         0.0	   		0.0 //PINK PINK
3118		32002		  2		    0		 	   0.83		0.52	 0.76	    1.0         0.0	   		0.0 //PINK PINK
3118		32002		  3		    0		 	   0.83		0.52	 0.76	    1.0         0.0	   		0.0 //PINK PINK
3118		32002		  4		    0		 	   0.83		0.52	 0.76	    1.0         0.0	   		0.0 //PINK PINK
3118		32002		  5		    0		 	   0.83		0.52	 0.76	    1.0         0.0	   		0.0 //PINK PINK
3118		32002		  6		    0		 	   0.83		0.52	 0.76	    1.0         0.0	   		0.0 //PINK PINK
3118		32002		  7		    0		 	   0.83		0.52	 0.76	    1.0         0.0	   		0.0 //PINK PINK
3118		32002		  8		    0		 	   0.83		0.52	 0.76	    1.0         0.0	   		0.0 //PINK PINK
3118		32002		  9		    0		 	   0.83		0.52	 0.76	    1.0         0.0	   		0.0 //PINK PINK
3118		32002		  10		    0		 	   0.83		0.52	 0.76	    1.0         0.0	   		0.0 //PINK PINK
//wing Saron
6386		32002		  11		    0		 	   0.83		0.52	 0.76	    1.4         0.0	   		0.0 //PINK PINK
6386		32002		  12		    0		 	   0.83		0.52	 0.76	    1.4         0.0	   		0.0 //PINK PINK
6386		32002		  13		    0		 	   0.83		0.52	 0.76	    1.4         0.0	   		0.0 //PINK PINK
6386		32002		  14		    0		 	   0.83		0.52	 0.76	    1.4         0.0	   		0.0 //PINK PINK
6386		32002		  15		    0		 	   0.83		0.52	 0.76	    1.4         0.0	   		0.0 //PINK PINK
6386		32002		  16		    0		 	   0.83		0.52	 0.76	    1.4         0.0	   		0.0 //PINK PINK
6386		32002		  20		    0		 	   0.83		0.52	 0.76	    1.4         0.0	   		0.0 //PINK PINK
6386		32002		  26		    0		 	   0.83		0.52	 0.76	    1.4         0.0	   		0.0 //PINK PINK
6386		32002		  27		    0		 	   0.83		0.52	 0.76	    1.4         0.0	   		0.0 //PINK PINK
6386		32002		  29		    0		 	   0.83		0.52	 0.76	    1.4         0.0	   		0.0 //PINK PINK
6386		32002		  30		    0		 	   0.83		0.52	 0.76	    1.4         0.0	   		0.0 //PINK PINK
6386		32002		  33		    0		 	   0.83		0.52	 0.76	    1.4         0.0	   		0.0 //PINK PINK
6386		32002		  36		    0		 	   0.83		0.52	 0.76	    1.4         0.0	   		0.0 //PINK PINK
6386		32002		  44		    0		 	   0.83		0.52	 0.76	    1.4         0.0	   		0.0 //PINK PINK
6386		32002		  53		    0		 	   0.83		0.52	 0.76	    1.4         0.0	   		0.0 //PINK PINK
6386		32002		  54		    0		 	   0.83		0.52	 0.76	    1.4         0.0	   		0.0 //PINK PINK
6386		32002		  17		    0		 	   0.16		0.16	 0.27  	    1.4         0.0	   		0.0 //BLACK BLACK
6386		32002		  18		    0		 	   0.16		0.16	 0.27  	    1.4         0.0	   		0.0 //BLACK BLACK
6386		32002		  19		    0		 	   0.16		0.16	 0.27  	    1.4         0.0	   		0.0 //BLACK BLACK
6386		32002		  21		    0		 	   0.16		0.16	 0.27  	    1.4         0.0	   		0.0 //BLACK BLACK
6386		32002		  22		    0		 	   0.16		0.16	 0.27  	    1.4         0.0	   		0.0 //BLACK BLACK
6386		32002		  23		    0		 	   0.16		0.16	 0.27  	    1.4         0.0	   		0.0 //BLACK BLACK
6386		32002		  24		    0		 	   0.16		0.16	 0.27  	    1.4         0.0	   		0.0 //BLACK BLACK
6386		32002		  25		    0		 	   0.16		0.16	 0.27  	    1.4         0.0	   		0.0 //BLACK BLACK
6386		32002		  28		    0		 	   0.16		0.16	 0.27  	    1.4         0.0	   		0.0 //BLACK BLACK
6386		32002		  31		    0		 	   0.16		0.16	 0.27  	    1.4         0.0	   		0.0 //BLACK BLACK
6386		32002		  34		    0		 	   0.16		0.16	 0.27  	    1.4         0.0	   		0.0 //BLACK BLACK
6386		32002		  39		    0		 	   0.16		0.16	 0.27  	    1.4         0.0	   		0.0 //BLACK BLACK
6386		32002		  42		    0		 	   0.16		0.16	 0.27       1.4         0.0	   		0.0 //BLACK BLACK
6386		32002		  32		    0		 	   0.78		0.58	 0.17	    1.4         0.0	   		0.0 //GOLD GOLD
6386		32002		  35		    0		 	   0.78		0.58	 0.17	    1.4         0.0	   		0.0 //GOLD GOLD
6386		32002		  37		    0		 	   0.78		0.58	 0.17	    1.4         0.0	   		0.0 //GOLD GOLD
6386		32002		  38		    0		 	   0.78		0.58	 0.17	    1.4         0.0	   		0.0 //GOLD GOLD
6386		32002		  40		    0		 	   0.78		0.58	 0.17	    1.4         0.0	   		0.0 //GOLD GOLD
6386		32002		  41		    0		 	   0.78		0.58	 0.17	    1.4         0.0	   		0.0 //GOLD GOLD
6386		32002		  43		    0		 	   0.78		0.58	 0.17	    1.4         0.0	   		0.0 //GOLD GOLD
6386		32002		  45		    0		 	   0.78		0.58	 0.17	    1.4         0.0	   		0.0 //GOLD GOLD
6386		32002		  46		    0		 	   0.78		0.58	 0.17	    1.4         0.0	   		0.0 //GOLD GOLD
6386		32002		  47		    0		 	   0.78		0.58	 0.17	    1.4         0.0	   		0.0 //GOLD GOLD
6386		32002		  48		    0		 	   0.78		0.58	 0.17	    1.4         0.0	   		0.0 //GOLD GOLD
6386		32002		  49		    0		 	   0.78		0.58	 0.17	    1.4         0.0	   		0.0 //GOLD GOLD
6386		32002		  50		    0		 	   0.78		0.58	 0.17	    1.4         0.0	   		0.0 //GOLD GOLD
6386		32002		  51		    0		 	   0.78		0.58	 0.17	    1.4         0.0	   		0.0 //GOLD GOLD
6386		32002		  52		    0		 	   0.78		0.58	 0.17	    1.4         0.0	   		0.0 //GOLD GOLD

6387		32002		  11		    0		 	   0.77		0.58	 0.34	    1.0         0.0	   		0.0
6387		32002		  12		    0		 	   0.77		0.58	 0.34	    1.0         0.0	   		0.0
6387		32002		  13		    0		 	   0.77		0.58	 0.34	    1.0         0.0	   		0.0
6387		32002		  14		    0		 	   0.77		0.58	 0.34	    1.0         0.0	   		0.0
6387		32002		  15		    0		 	   0.77		0.58	 0.34	    1.0         0.0	   		0.0
6387		32002		  16		    0		 	   0.77		0.58	 0.34	    1.0         0.0	   		0.0
6387		32002		  17		    0		 	   0.77		0.58	 0.34	    1.0         0.0	   		0.0
6387		32002		  18		    0		 	   0.77		0.58	 0.34	    1.0         0.0	   		0.0
6387		32002		  19		    0		 	   0.77		0.58	 0.34	    1.0         0.0	   		0.0
6387		32002		  20		    0		 	   0.77		0.58	 0.34	    1.0         0.0	   		0.0
6387		32002		  21		    0		 	   0.77		0.58	 0.34	    1.0         0.0	   		0.0
6387		32002		  22		    0		 	   0.77		0.58	 0.34	    1.0         0.0	   		0.0
6387		32002		  23		    0		 	   0.77		0.58	 0.34	    1.0         0.0	   		0.0
6387		32002		  24		    0		 	   0.77		0.58	 0.34	    1.0         0.0	   		0.0
6387		32002		  25		    0		 	   0.77		0.58	 0.34	    1.0         0.0	   		0.0
6387		32002		  26		    0		 	   0.77		0.58	 0.34	    1.0         0.0	   		0.0
6387		32002		  27		    0		 	   0.77		0.58	 0.34	    1.0         0.0	   		0.0
6387		32002		  28		    0		 	   0.77		0.58	 0.34	    1.0         0.0	   		0.0
6387		32002		  29		    0		 	   0.77		0.58	 0.34	    1.0         0.0	   		0.0
6387		32002		  30		    0		 	   0.77		0.58	 0.34	    1.0         0.0	   		0.0
6387		32002		  31		    0		 	   0.77		0.58	 0.34	    1.0         0.0	   		0.0
6387		32002		  32		    0		 	   0.77		0.58	 0.34	    1.0         0.0	   		0.0
6387		32002		  33		    0		 	   0.77		0.58	 0.34	    1.0         0.0	   		0.0
6387		32002		  34		    0		 	   0.77		0.58	 0.34	    1.0         0.0	   		0.0
6387		32002		  35		    0		 	   0.77		0.58	 0.34	    1.0         0.0	   		0.0
6387		32002		  36		    0		 	   0.77		0.58	 0.34	    1.0         0.0	   		0.0
6387		32002		  37		    0		 	   0.77		0.58	 0.34	    1.0         0.0	   		0.0
6387		32002		  38		    0		 	   0.77		0.58	 0.34	    1.0         0.0	   		0.0
6387		32002		  39		    0		 	   0.77		0.58	 0.34	    1.0         0.0	   		0.0
6387		32002		  40		    0		 	   0.77		0.58	 0.34	    1.0         0.0	   		0.0
6387		32002		  41		    0		 	   0.77		0.58	 0.34	    1.0         0.0	   		0.0
6387		32002		  42		    0		 	   0.77		0.58	 0.34	    1.0         0.0	   		0.0
6387		32002		  43		    0		 	   0.77		0.58	 0.34	    1.0         0.0	   		0.0
6387		32002		  44		    0		 	   0.77		0.58	 0.34	    1.0         0.0	   		0.0
6387		32002		  45		    0		 	   0.77		0.58	 0.34	    1.0         0.0	   		0.0
6387		32002		  46		    0		 	   0.77		0.58	 0.34	    1.0         0.0	   		0.0
6387		32002		  47		    0		 	   0.77		0.58	 0.34	    1.0         0.0	   		0.0
6387		32002		  48		    0		 	   0.77		0.58	 0.34	    1.0         0.0	   		0.0
6387		32002		  49		    0		 	   0.77		0.58	 0.34	    1.0         0.0	   		0.0
6387		32002		  50		    0		 	   0.77		0.58	 0.34	    1.0         0.0	   		0.0
6387		32002		  51		    0		 	   0.77		0.58	 0.34	    1.0         0.0	   		0.0
6387		32002		  52		    0		 	   0.77		0.58	 0.34	    1.0         0.0	   		0.0
6387		32002		  53		    0		 	   0.77		0.58	 0.34	    1.0         0.0	   		0.0
6387		32002		  54		    0		 	   0.77		0.58	 0.34	    1.0         0.0	   		0.0
6387		32002		  55		    0		 	   0.77		0.58	 0.34	    1.0         0.0	   		0.0
6387		32002		  56		    0		 	   0.77		0.58	 0.34	    1.0         0.0	   		0.0
6387		32002		  57		    0		 	   0.77		0.58	 0.34	    1.0         0.0	   		0.0
6387		32002		  58		    0		 	   0.77		0.58	 0.34	    1.0         0.0	   		0.0
6387		32002		  59		    0		 	   0.77		0.58	 0.34	    1.0         0.0	   		0.0
6387		32002		  60		    0		 	   0.77		0.58	 0.34	    1.0         0.0	   		0.0
6387		32002		  61		    0		 	   0.77		0.58	 0.34	    1.0         0.0	   		0.0
6387		32002		  62		    0		 	   0.77		0.58	 0.34	    1.0         0.0	   		0.0
6387		32002		  63		    0		 	   0.77		0.58	 0.34	    1.0         0.0	   		0.0
6387		32002		  64		    0		 	   0.77		0.58	 0.34	    1.0         0.0	   		0.0
6387		32002		  65		    0		 	   0.77		0.58	 0.34	    1.0         0.0	   		0.0
6387		32002		  66		    0		 	   0.77		0.58	 0.34	    1.0         0.0	   		0.0
6387		32002		  67		    0		 	   0.77		0.58	 0.34	    1.0         0.0	   		0.0
6387		32002		  68		    0		 	   0.77		0.58	 0.34	    1.0         0.0	   		0.0
6387		32002		  69		    0		 	   0.77		0.58	 0.34	    1.0         0.0	   		0.0
6387		32002		  70		    0		 	   0.77		0.58	 0.34	    1.0         0.0	   		0.0
6387		32002		  71		    0		 	   0.77		0.58	 0.34	    1.0         0.0	   		0.0
6387		32002		  72		    0		 	   0.77		0.58	 0.34	    1.0         0.0	   		0.0
//Wing Of Gren V2
6387		32003		  73		    0		 	   0.30		0.81	 0.20	    0.5         0.0	   		0.0 //GREEN
6387		32003		  74		    0		 	   0.30		0.81	 0.20	    0.5         0.0	   		0.0 //GREEN
6387		32003		  75		    0		 	   0.30		0.81	 0.20	    0.5         0.0	   		0.0 //GREEN
6387		32003		  76		    0		 	   0.30		0.81	 0.20	    0.5         0.0	   		0.0 //GREEN
6387		32003		  77		    0		 	   0.30		0.81	 0.20	    0.5         0.0	   		0.0 //GREEN
6387		32003		  78		    0		 	   0.30		0.81	 0.20	    0.5         0.0	   		0.0 //GREEN
6387		32003		  79		    0		 	   0.30		0.81	 0.20	    0.5         0.0	   		0.0 //GREEN
6387		32003		  80		    0		 	   0.30		0.81	 0.20	    0.5         0.0	   		0.0 //GREEN
6387		32003		  81		    0		 	   0.30		0.81	 0.20	    0.5         0.0	   		0.0 //GREEN
6387		32003		  82		    0		 	   0.30		0.81	 0.20	    0.5         0.0	   		0.0 //GREEN
6387		32003		  83		    0		 	   0.30		0.81	 0.20	    0.5         0.0	   		0.0 //GREEN
6387		32003		  84		    0		 	   0.30		0.81	 0.20	    0.5         0.0	   		0.0 //GREEN
6387		32003		  85		    0		 	   0.30		0.81	 0.20	    0.5         0.0	   		0.0 //GREEN
6387		32003		  86		    0		 	   0.30		0.81	 0.20	    0.5         0.0	   		0.0 //GREEN
6387		32003		  87		    0		 	   0.30		0.81	 0.20	    0.5         0.0	   		0.0 //GREEN
6387		32003		  88		    0		 	   0.30		0.81	 0.20	    0.5         0.0	   		0.0 //GREEN
6387		32003		  89		    0		 	   0.30		0.81	 0.20	    0.5         0.0	   		0.0 //GREEN
6387		32003		  90		    0		 	   0.30		0.81	 0.20	    0.5         0.0	   		0.0 //GREEN
//Cape Of Gren V2
6388	32003		  01		    0		 	   0.73		0.61	 0.28	    0.8         0.0	   		0.0	
6388	32002		  02		    0		 	   0.73		0.61	 0.28	    0.8         0.0	   		0.0
6388	32002		  03		    0		 	   0.73		0.61	 0.28	    0.8         0.0	   		0.0
6388	32002		  04		    0		 	   0.73		0.61	 0.28	    0.8         0.0	   		0.0
6388	32002		  05		    0		 	   0.73		0.61	 0.28	    0.8         0.0	   		0.0
6388	32002		  06		    0		 	   0.73		0.61	 0.28	    0.8         0.0	   		0.0
6388	32002		  07		    0		 	   0.73		0.61	 0.28	    0.8         0.0	   		0.0
6388	32002		  08		    0		 	   0.73		0.61	 0.28	    0.8         0.0	   		0.0
6388	32002		  09		    0		 	   0.73		0.61	 0.28	    0.8         0.0	   		0.0
6388	32002		  10		    0		 	   0.73		0.61	 0.28	    0.8         0.0	   		0.0
6388	32002		  11		    0		 	   0.73		0.61	 0.28	    0.8         0.0	   		0.0
6388	32002		  12		    0		 	   0.73		0.61	 0.28	    0.8         0.0	   		0.0
6388	32002		  13		    0		 	   0.73		0.61	 0.28	    0.8         0.0	   		0.0
6388	32002		  14		    0		 	   0.73		0.61	 0.28	    0.8         0.0	   		0.0
6388	32002		  15		    0		 	   0.73		0.61	 0.28	    0.8         0.0	   		0.0
6388	32002		  16		    0		 	   0.73		0.61	 0.28	    0.8         0.0                     0.0
//sword Of Gren V2
66		32003		  1			0		       0.30		0.81	 0.20   0.5		0.0 		0.0
66		32003		  2			0		       0.30		0.81	 0.20	0.5		0.0 		0.0
66		32003		  3			0		       0.30		0.81	 0.20	0.5		0.0 		0.0
66		32003		  4			0		       0.30		0.81	 0.20	0.5		0.0 		0.0
66		32003		  5			0		       0.30		0.81	 0.20	0.5		0.0 		0.0
66		32003		  6			0		       0.30		0.81	 0.20	0.5		0.0 		0.0
66		32003		  7			0		       0.30		0.81	 0.20	0.5		0.0 		0.0
66		32003		  8			0		       0.30		0.81	 0.20	0.5		0.0 		0.0
66		32003		  9			0		       0.30		0.81	 0.20	0.5		0.0 		0.0
66		32003		  10			0		       0.30		0.81	 0.20	0.5		0.0 		0.0
66		32003		  11      		0		       0.30		0.81	 0.20	0.5		0.0 		0.0
66		32003		  12			0		       0.30		0.81	 0.20	0.5		0.0 		0.0
66		32003		  13			0		       0.30		0.81	 0.20	0.5		0.0 		0.0
66		32003		  14			0		       0.30		0.81	 0.20	0.5		0.0 		0.0
66		32003		  15			0		       0.30		0.81	 0.20	0.5		0.0 		0.0
66		32003		  16			0		       0.30		0.81	 0.20   0.5		0.0 		0.0
66		32003		  17			0		       0.30		0.81	 0.20	0.5		0.0 		0.0
66		32003		  18			0		       0.30		0.81	 0.20	0.5		0.0 		0.0
66		32003		  19			0		       0.30		0.81	 0.20	0.5		0.0 		0.0
66		32003		  20			0		       0.30		0.81	 0.20	0.5		0.0 		0.0
66		32003		  21			0		       0.30		0.81	 0.20	0.5		0.0 		0.0
66		32003		  22			0		       0.30		0.81	 0.20	0.5		0.0 		0.0
66		32003		  23			0		       0.30		0.81	 0.20	0.5		0.0 		0.0
66		32003		  24			0		       0.30		0.81	 0.20	0.5		0.0 		0.0
66		32003		  25			0		       0.30		0.81	 0.20	0.5		0.0 		0.0
66		32003		  26      		0		       0.30		0.81	 0.20	0.5		0.0 		0.0
//shield Of Gren v2
3119		32003		  1			0		       0.30		0.81	 0.20   0.5		0.0 		0.0
3119		32003		  2			0		       0.30		0.81	 0.20	0.5		0.0 		0.0
3119		32003		  3			0		       0.30		0.81	 0.20	0.5		0.0 		0.0
3119		32003		  4			0		       0.30		0.81	 0.20	0.5		0.0 		0.0
3119		32003		  5			0		       0.30		0.81	 0.20	0.5		0.0 		0.0
3119		32003		  6			0		       0.30		0.81	 0.20	0.5		0.0 		0.0
3119		32003		  7			0		       0.30		0.81	 0.20	0.5		0.0 		0.0
3119		32003		  8			0		       0.30		0.81	 0.20	0.5		0.0 		0.0
3119		32003		  9			0		       0.30		0.81	 0.20	0.5		0.0 		0.0
3119		32003		  10			0		       0.30		0.81	 0.20	0.5		0.0 		0.0
3119		32003		  11      		0		       0.30		0.81	 0.20	0.5		0.0 		0.0
3119		32003		  12			0		       0.30		0.81	 0.20	0.5		0.0 		0.0
//staff Of Gren V2
2624		32003		  1			0		       0.30		0.81	 0.20   0.5		0.0 		0.0
2624		32003		  2			0		       0.30		0.81	 0.20	0.5		0.0 		0.0
2624		32003		  3			0		       0.30		0.81	 0.20	0.5		0.0 		0.0
2624		32003		  4			0		       0.30		0.81	 0.20	0.5		0.0 		0.0
2624		32003		  5			0		       0.30		0.81	 0.20	0.5		0.0 		0.0
2624		32003		  6			0		       0.30		0.81	 0.20	0.5		0.0 		0.0
2624		32003		  7			0		       0.30		0.81	 0.20	0.5		0.0 		0.0
2624		32003		  8			0		       0.30		0.81	 0.20	0.5		0.0 		0.0
2624		32003		  9			0		       0.30		0.81	 0.20	0.5		0.0 		0.0
2624		32003		  10			0		       0.30		0.81	 0.20	0.5		0.0 		0.0
2624		32003		  11      		0		       0.30		0.81	 0.20	0.5		0.0 		0.0
2624		32003		  12			0		       0.30		0.81	 0.20	0.5		0.0 		0.0
2624		32003		  13			0		       0.30		0.81	 0.20	0.5		0.0 		0.0
2624		32003		  14			0		       0.30		0.81	 0.20	0.5		0.0 		0.0
2624		32003		  15			0		       0.30		0.81	 0.20	0.5		0.0 		0.0
2624		32003		  16			0		       0.30		0.81	 0.20   0.5		0.0 		0.0
2624		32003		  17			0		       0.30		0.81	 0.20	0.5		0.0 		0.0
2624		32003		  18			0		       0.30		0.81	 0.20	0.5		0.0 		0.0
2624		32003		  19			0		       0.30		0.81	 0.20	0.5		0.0 		0.0
2624		32003		  20			0		       0.30		0.81	 0.20	0.5		0.0 		0.0
2624		32003		  21			0		       0.30		0.81	 0.20	0.5		0.0 		0.0
2624		32003		  22			0		       0.30		0.81	 0.20	0.5		0.0 		0.0
2624		32003		  23			0		       0.30		0.81	 0.20	0.5		0.0 		0.0
2624		32003		  24			0		       0.30		0.81	 0.20	0.5		0.0 		0.0
2624		32003		  25			0		       0.30		0.81	 0.20	0.5		0.0 		0.0
2624		32003		  26      		0		       0.30		0.81	 0.20	0.5		0.0 		0.0
2624		32003		  27			0		       0.30		0.81	 0.20	0.5		0.0 		0.0
2624		32003		  28			0		       0.30		0.81	 0.20	0.5		0.0 		0.0
2624		32003		  29			0		       0.30		0.81	 0.20	0.5		0.0 		0.0
2624		32003		  30			0		       0.30		0.81	 0.20	0.5		0.0 		0.0
2624		32003		  31			0		       0.30		0.81	 0.20   0.5		0.0 		0.0
2624		32003		  32			0		       0.30		0.81	 0.20	0.5		0.0 		0.0
2624		32003		  33			0		       0.30		0.81	 0.20	0.5		0.0 		0.0
//mace Of Gren V2
1068		32003		  1			0		       0.30		0.81	 0.20   0.5		0.0 		0.0
1068		32003		  2			0		       0.30		0.81	 0.20	0.5		0.0 		0.0
1068		32003		  3			0		       0.30		0.81	 0.20	0.5		0.0 		0.0
1068		32003		  4			0		       0.30		0.81	 0.20	0.5		0.0 		0.0
1068		32003		  5			0		       0.30		0.81	 0.20	0.5		0.0 		0.0
1068		32003		  6			0		       0.30		0.81	 0.20	0.5		0.0 		0.0
1068		32003		  7			0		       0.30		0.81	 0.20	0.5		0.0 		0.0
1068		32003		  8			0		       0.30		0.81	 0.20	0.5		0.0 		0.0
1068		32003		  9			0		       0.30		0.81	 0.20	0.5		0.0 		0.0
1068		32003		  10			0		       0.30		0.81	 0.20	0.5		0.0 		0.0
1068		32003		  11      		0		       0.30		0.81	 0.20	0.5		0.0 		0.0
1068		32003		  12			0		       0.30		0.81	 0.20	0.5		0.0 		0.0
1068		32003		  13			0		       0.30		0.81	 0.20	0.5		0.0 		0.0
1068		32003		  14			0		       0.30		0.81	 0.20	0.5		0.0 		0.0
1068		32003		  15			0		       0.30		0.81	 0.20	0.5		0.0 		0.0
1068		32003		  16			0		       0.30		0.81	 0.20   0.5		0.0 		0.0
1068		32003		  17			0		       0.30		0.81	 0.20	0.5		0.0 		0.0
1068		32003		  18			0		       0.30		0.81	 0.20	0.5		0.0 		0.0
1068		32003		  19			0		       0.30		0.81	 0.20	0.5		0.0 		0.0
1068		32003		  20			0		       0.30		0.81	 0.20	0.5		0.0 		0.0
1068		32003		  21			0		       0.30		0.81	 0.20	0.5		0.0 		0.0
1068		32003		  22			0		       0.30		0.81	 0.20	0.5		0.0 		0.0
1068		32003		  23			0		       0.30		0.81	 0.20	0.5		0.0 		0.0
1068		32003		  24			0		       0.30		0.81	 0.20	0.5		0.0 		0.0
1068		32003		  25			0		       0.30		0.81	 0.20	0.5		0.0 		0.0
//Wing War Cup
6290        32131        47            0             0.00    1.00    0.00    0.5         0.6         0.0
6290        32131        24            0             0.00    1.00    0.00    0.5         0.6         0.0
6290        32131        31            0             0.00    1.00    0.00    0.5         0.6         0.0
6290        32131        40            0             0.00    1.00    0.00    0.5         0.6         0.0
6290        32131        8             0             0.00    1.00    0.00    0.5         0.6         0.0
6290        32131        17            0             0.00    1.00    0.00    0.5         0.6         0.0
6290        32131        46            0             0.00    1.00    0.00    0.5         0.6         0.0
6290        32131        23            0             0.00    1.00    0.00    0.5         0.6         0.0
6290        32131        35            0             0.00    1.00    0.00    0.5         0.6         0.0
6290          32002         39            0             0.0     0.8      0.0     0.5         0.8         0.6
6290          32002         44            0             0.0     0.8      0.0     0.5         0.8         0.6
6290          32002         45            0             0.0     0.8      0.0     0.5         0.8         0.6
6290          32002         12            0             0.0     0.8      0.0     0.5         0.8         0.6
6290          32002         16            0             0.0     0.8      0.0     0.5         0.8         0.6
6290          32002         21            0             0.0     0.8      0.0     0.5         0.8         0.6
6290          32002         22            0             0.0     0.8      0.0     0.5         0.8         0.6
6290          32002         61            0             0.0     0.8      0.0     0.5         0.8         0.6
6290          32002         60            0             0.0     0.8      0.0     0.5         0.8         0.6
6290          32002         59            0             0.0     0.8      0.0     0.5         0.8         0.6
6290          32002         62            0             0.0     0.8      0.0     0.5         0.8         0.6
6290          32002         55            0             0.0     0.8      0.0     0.5         0.8         0.6
6290          32002         52            0             0.0     0.8      0.0     0.5         0.0         0.6
6290          32002         53            0             0.0     0.8      0.0     0.5         0.0         0.6
6290          32002         54            0             0.0     0.8      0.0     0.5         0.0         0.6
6290          32002         4             0             0.0     0.8      0.0     0.5         0.0         0.6
6290          32002         42            0             0.0     0.8      0.0     0.5         0.0         0.6
6290          32002         27            0             0.0     0.8      0.0     0.5         0.0         0.6
6290          32002         21            0             0.0     0.8      0.0     0.5         0.0         0.6
6290          32002         53            0             0.0     0.8      0.0     0.5         0.0         0.6
6290          32002         59            0             0.0     0.8      0.0     0.5         0.0         0.6
6290          32002         5             0             0.0     0.8      0.0     0.5         0.0         0.6
6290          32002         28            0             0.0     0.8      0.0     0.5         0.0         0.6
6290          32002         10            0             0.0     0.8      0.0     0.5         0.0         0.6
6290          32002         33            0             0.0     0.8      0.0     0.5         0.0         0.6
//Wing Of Cup
6291 32131 2 0  0.00 0.80 0.00  1.5 0.1 0.9
6291 32131 10 0 0.00 0.80 0.00  1.5 0.1 0.9
//VSL - Wing Dark Raven - Effect Static
//Red
6288  32002 4  0 0.8 0.032 0.032 3.01 0.0 0.0
6288  32002 5  0 0.8 0.032 0.032 3.01 0.0 0.0
6288  32002 8  0 0.8 0.032 0.032 3.01 0.0 0.0
6288  32002 11 0 0.8 0.032 0.032 3.01 0.0 0.0
6288  32002 15 0 0.8 0.032 0.032 3.01 0.0 0.0
6288  32002 16 0 0.8 0.032 0.032 3.01 0.0 0.0
6288  32002 19 0 0.8 0.032 0.032 3.01 0.0 0.0
6288  32002 22 0 0.8 0.032 0.032 3.01 0.0 0.0

//Wing Of Love 2.0
6309		32002		11		0		0.89	0.36	0.21	1.5		0.0		0.0
6309		32002		12		0		0.89	0.36	0.21	1.5		0.0		0.0
6309		32002		13		0		0.89	0.36	0.21	1.5		0.0		0.0
6309		32002		14		0		0.89	0.36	0.21	1.5		0.0		0.0
6309		32002		15		0		0.89	0.36	0.21	1.5		0.0		0.0
6309		32002		16		0		0.89	0.36	0.21	1.5		0.0		0.0
6309		32002		17		0		0.89	0.36	0.21	1.5		0.0		0.0
6309		32002		18		0		0.89	0.36	0.21	1.5		0.0		0.0
6309		32002		19		0		0.89	0.36	0.21	1.5		0.0		0.0
6309		32002		20		0		0.89	0.36	0.21	1.5		0.0		0.0
6309		32002		21		0		0.89	0.36	0.21	1.5		0.0		0.0
6309		32002		22		0		0.89	0.36	0.21	1.5		0.0		0.0
6309		32002		23		0		0.89	0.36	0.21	1.5		0.0		0.0
6309		32002		24		0		0.89	0.36	0.21	1.5		0.0		0.0
6309		32003		25		0		1.00	0.20	0.20	0.4		0.0		0.0
6309		32003		26		0		1.00	0.20	0.20	0.4		0.0		0.0
///Wing Armagedom
6308           32002           11          0             0.82		0.09	 0.0         1.0          0.0         0.0
6308           32002           12          0             0.82		0.09	 0.0         1.0          0.0         0.0
6308           32002           13          0             0.82		0.09	 0.0         1.0          0.0         0.0
6308           32002           14          0             0.82		0.09	 0.0         1.0          0.0         0.0
6308           32002           15          0             0.82		0.09	 0.0         1.0          0.0         0.0
6308           32002           16          0             0.82		0.09	 0.0         1.0          0.0         0.0
6308           32002           17          0             0.82		0.09	 0.0         1.0          0.0         0.0
6308           32002           18          0             0.82		0.09	 0.0         1.0          0.0         0.0
6308           32002           19          0             0.82		0.09	 0.0         1.0          0.0         0.0
6308           32002           20          0             0.82		0.09	 0.0         1.0          0.0         0.0
6308           32002           21          0             0.82		0.09	 0.0         1.0          0.0         0.0
6308           32002           22          0             0.82		0.09	 0.0         1.0          0.0         0.0
6308           32002           23          0             0.82		0.09	 0.0         1.0          0.0         0.0
6308           32002           24          0             0.82		0.09	 0.0         1.0          0.0         0.0
6308           32002           25          0             0.82		0.09	 0.0         1.0          0.0         0.0
6308           32002           26          0             0.82		0.09	 0.0         1.0          0.0         0.0
6308           32002           27          0             0.82		0.09	 0.0         1.0          0.0         0.0
6308           32002           28          0             0.82		0.09	 0.0         1.0          0.0         0.0
6308           32002           29          0             0.82		0.09	 0.0         1.0          0.0         0.0
6308           32002           30          0             0.82		0.09	 0.0         1.0          0.0         0.0
6308           32002           31          0             0.82		0.09	 0.0         1.0          0.0         0.0
6308           32002           32          0             0.82		0.09	 0.0         1.0          0.0         0.0
6308           32002           33          0             0.82		0.09	 0.0         1.0          0.0         0.0
6308           32002           34          0             0.82		0.09	 0.0         1.0          0.0         0.0
6308           32002           35          0             0.82		0.09	 0.0         1.0          0.0         0.0
6308           32002           36          0             0.82		0.09	 0.0         1.0          0.0         0.0
6308           32002           37          0             0.82		0.09	 0.0         1.0          0.0         0.0
6308           32002           38          0             0.82		0.09	 0.0         1.0          0.0         0.0
6308           32002           39          0             0.82		0.09	 0.0         1.0          0.0         0.0
6308           32002           40          0             0.82		0.09	 0.0         1.0          0.0         0.0
6308           32002           41          0             0.82		0.09	 0.0         1.0          0.0         0.0
6308           32002           42          0             0.82		0.09	 0.0         1.0          0.0         0.0
6308           32002           43          0             0.82		0.09	 0.0         1.0          0.0         0.0
6308           32002           44          0             0.82		0.09	 0.0         1.0          0.0         0.0
6308           32002           45          0             0.82		0.09	 0.0         1.0          0.0         0.0
///Capa Armagedon
6307           32002           1           0             0.82		0.09	 0         0.5          0.0         0.0
6307           32002           2           0             0.82		0.09	 0         0.5          0.0         0.0
6307           32002           3           0             0.82		0.09	 0         0.5          0.0         0.0
6307           32002           4           0             0.82		0.09	 0         0.5          0.0         0.0
6307           32002           5           0             0.82		0.09	 0         0.5          0.0         0.0
6307           32002           6           0             0.82		0.09	 0         0.5          0.0         0.0
6307           32002           7           0             0.82		0.09	 0         0.5          0.0         0.0
6307           32002           8           0             0.82		0.09	 0         0.5          0.0         0.0
6307           32002           9           0             0.82		0.09	 0         0.5          0.0         0.0
6307           32002           10          0             0.82		0.09	 0         0.5          0.0         0.0
6307           32002           11          0             0.82		0.09	 0         0.5          0.0         0.0
6307           32002           12          0             0.82		0.09	 0         0.5          0.0         0.0
6307           32002           13          0             0.82		0.09	 0         0.5          0.0         0.0
6307           32002           14          0             0.82		0.09	 0         0.5          0.0         0.0
6307           32002           15          0             0.82		0.09	 0         0.5          0.0         0.0
6307           32002           16          0             0.82		0.09	 0         0.5          0.0         0.0
6307           32002           17          0             0.82		0.09	 0         0.5          0.0         0.0
6307           32002           18          0             0.82		0.09	 0         0.5          0.0         0.0
6307           32002           19          0             0.82		0.09	 0         0.5          0.0         0.0
6307           32002           20          0             0.82		0.09	 0         0.5          0.0         0.0
6307           32002           32          0             0.82		0.09	 0         0.5          0.0         0.0
6307           32002           34          0             0.82		0.09	 0         0.5          0.0         0.0
6307           32002           35          0             0.82		0.09	 0         0.5          0.0         0.0
6307           32002           36          0             0.82		0.09	 0         0.5          0.0         0.0
6307           32002           37          0             0.82		0.09	 0         0.5          0.0         0.0
6307           32002           38          0             0.82		0.09	 0         0.5          0.0         0.0
6307           32002           46          0             0.82		0.09	 0         0.5          0.0         0.0
6307           32002           49          0             0.82		0.09	 0         0.5          0.0         0.0
6307           32002           50          0             0.82		0.09	 0         0.5          0.0         0.0
///Wing Apocalpese
6311           32002           11          0             0.64		0.16	 0.69      1.0          0.00        0.00
6311           32002           12          0             0.64		0.16	 0.69      1.0          0.00        0.00
6311           32002           13          0             0.64		0.16	 0.69      1.0          0.00        0.00
6311           32002           14          0             0.64		0.16	 0.69      1.0          0.00        0.00
6311           32002           15          0             0.64		0.16	 0.69      1.0          0.00        0.00
6311           32002           16          0             0.64		0.16	 0.69      1.0          0.00        0.00
6311           32002           17          0             0.64		0.16	 0.69      1.0          0.00        0.00
6311           32002           18          0             0.64		0.16	 0.69      1.0          0.00        0.00
6311           32002           19          0             0.64		0.16	 0.69      1.0          0.00        0.00
6311           32002           20          0             0.64		0.16	 0.69      1.0          0.00        0.00
6311           32002           21          0             0.64		0.16	 0.69      1.0          0.00        0.00
6311           32002           22          0             0.64		0.16	 0.69      1.0          0.00        0.00
6311           32002           23          0             0.64		0.16	 0.69      1.0          0.00        0.00
6311           32002           24          0             0.64		0.16	 0.69      1.0          0.00        0.00
6311           32002           25          0             0.64		0.16	 0.69      1.0          0.00        0.00
6311           32002           26          0             0.64		0.16	 0.69      1.0          0.00        0.00
6311           32002           27          0             0.64		0.16	 0.69      1.0          0.00        0.00
6311           32002           28          0             0.64		0.16	 0.69      1.0          0.00        0.00
6311           32002           29          0             0.64		0.16	 0.69      1.0          0.00        0.00
6311           32002           30          0             0.64		0.16	 0.69      1.0          0.00        0.00
///Sword Apocalpse
69         32002           1          0             0.64		0.16	 0.69       0.5          0.00        0.00
69         32002           2          0             0.64		0.16	 0.69       0.5          0.00        0.00
69         32002           3          0             0.64		0.16	 0.69       0.5          0.00        0.00
69         32002           4          0             0.64		0.16	 0.69       0.5          0.00        0.00
69         32002           5          0             0.64		0.16	 0.69      0.5          0.00        0.00
69         32002           6          0             0.64		0.16	 0.69      0.5          0.00        0.00
69         32002           7          0             0.64		0.16	 0.69      0.5          0.00        0.00
69         32002           8          0             0.64		0.16	 0.69      0.5          0.00        0.00
69         32002           9          0             0.64		0.16	 0.69      0.5          0.00        0.00
69         32002           10         0             0.64		0.16	 0.69      0.5          0.00        0.00
69         32002           11         0             0.64		0.16	 0.69      0.5          0.00        0.00
69         32002           12         0             0.64		0.16	 0.69      0.5          0.00        0.00
69         32002           13         0             0.64		0.16	 0.69      0.5          0.00        0.00
69         32002           14         0             0.64		0.16	 0.69      0.5          0.00        0.00
69         32002           15         0             0.64		0.16	 0.69      0.5          0.00        0.00
69         32002           16         0             0.64		0.16	 0.69      0.5          0.00        0.00
69         32002           17         0             0.64		0.16	 0.69      0.5          0.00        0.00
69         32002           18         0             0.64		0.16	 0.69      0.5          0.00        0.00
69         32002           19         0             0.64		0.16	 0.69      0.5          0.00        0.00
69         32002           20         0             0.64		0.16	 0.69      0.5          0.00        0.00
69         32002           21         0             0.64		0.16	 0.69      0.5          0.00        0.00
69         32002           22         0             0.64		0.16	 0.69      0.5          0.00        0.00
69         32002           23         0             0.64		0.16	 0.69      0.5          0.00        0.00
69         32002           24         0             0.64		0.16	 0.69      0.5          0.00        0.00
69         32002           25         0             0.64		0.16	 0.69      0.5          0.00        0.00
69         32002           26         0             0.64		0.16	 0.69      0.5          0.00        0.00
69         32002           27         0             0.64		0.16	 0.69      0.5          0.00        0.00
69         32002           28         0             0.64		0.16	 0.69      0.5          0.00        0.00
69         32002           29         0             0.64		0.16	 0.69      0.5          0.00        0.00
///Capa Apocalpse
6310          32002           0          0             0.64		0.16	 0.69      0.5          0.00        0.00
6310          32002           1          0             0.64		0.16	 0.69      0.5          0.00        0.00
6310          32002           2          0             0.64		0.16	 0.69      0.5          0.00        0.00
6310          32002           3          0             0.64		0.16	 0.69      0.5          0.00        0.00
6310          32002           4          0             0.64		0.16	 0.69      0.5          0.00        0.00
6310          32002           5          0             0.64		0.16	 0.69      0.5          0.00        0.00
6310          32002           6          0             0.64		0.16	 0.69      0.5          0.00        0.00
//Sword Armagedom
68           32002           1           0             0.82		0.09	 0         0.5          0.0         0.0
68           32002           2           0             0.82		0.09	 0         0.5          0.0         0.0
68           32002           3           0             0.82		0.09	 0         0.5          0.0         0.0
68           32002           4           0             0.82		0.09	 0         0.5          0.0         0.0
68           32002           5           0             0.82		0.09	 0         0.5          0.0         0.0
68           32002           6           0             0.82		0.09	 0         0.5          0.0         0.0
68           32002           7           0             0.82		0.09	 0         0.5          0.0         0.0
68           32002           8           0             0.82		0.09	 0         0.5          0.0         0.0
68           32002           9           0             0.82		0.09	 0         0.5          0.0         0.0
68           32002           10          0             0.82		0.09	 0         0.5          0.0         0.0
68           32002           11          0             0.82		0.09	 0         0.5          0.0         0.0
68           32002           12          0             0.82		0.09	 0         0.5          0.0         0.0
68           32002           13          0             0.82		0.09	 0         0.5          0.0         0.0
68           32002           14          0             0.82		0.09	 0         0.5          0.0         0.0
68           32002           15          0             0.82		0.09	 0         0.5          0.0         0.0
68           32002           16          0             0.82		0.09	 0         0.5          0.0         0.0
68           32002           17          0             0.82		0.09	 0         0.5          0.0         0.0
68           32002           18          0             0.82		0.09	 0         0.5          0.0         0.0
68           32002           19          0             0.82		0.09	 0         0.5          0.0         0.0
68           32002           20          0             0.82		0.09	 0         0.5          0.0         0.0
68           32002           21          0             0.82		0.09	 0         0.5          0.0         0.0
68           32002           22          0             0.82		0.09	 0         0.5          0.0         0.0
68           32002           23          0             0.82		0.09	 0         0.5          0.0         0.0
68           32002           24          0             0.82		0.09	 0         0.5          0.0         0.0
68           32002           25          0             0.82		0.09	 0         0.5          0.0         0.0
68           32002           26          0             0.82		0.09	 0         0.5          0.0         0.0
68           32002           27          0             0.82		0.09	 0         0.5          0.0         0.0
68           32002           28          0             0.82		0.09	 0         0.5          0.0         0.0
//Wing Horus
6314           32003           11          0             0.88		0.62	 0.14      1.0          0.00        0.00
6314           32003           12          0             0.88		0.62	 0.14      1.0          0.00        0.00
6314           32003           13          0             0.88		0.62	 0.14      1.0          0.00        0.00
6314           32003           14          0             0.88		0.62	 0.14      1.0          0.00        0.00
6314           32003           15          0             0.88		0.62	 0.14      1.0          0.00        0.00
6314           32003           16          0             0.88		0.62	 0.14      1.0          0.00        0.00
6314           32003           17          0             0.88		0.62	 0.14      1.0          0.00        0.00
6314           32003           18          0             0.88		0.62	 0.14      1.0          0.00        0.00
6314           32003           19          0             0.88		0.62	 0.14      1.0          0.00        0.00
6314           32003           20          0             0.88		0.62	 0.14      1.0          0.00        0.00
6314           32003           21          0             0.88		0.62	 0.14      1.0          0.00        0.00
6314           32003           22          0             0.88		0.62	 0.14      1.0          0.00        0.00
6314           32003           23          0             0.88		0.62	 0.14      1.0          0.00        0.00
6314           32003           24          0             0.88		0.62	 0.14      1.0          0.00        0.00
6314           32003           25          0             0.88		0.62	 0.14      1.0          0.00        0.00
6314           32003           26          0             0.88		0.62	 0.14      1.0          0.00        0.00
6314           32003           27          0             0.88		0.62	 0.14      1.0          0.00        0.00
6314           32003           28          0             0.88		0.62	 0.14      1.0          0.00        0.00
6314           32003           29          0             0.88		0.62	 0.14      1.0          0.00        0.00
6314           32003           30          0             0.88		0.62	 0.14      1.0          0.00        0.00
6314           32003           32          0             0.88		0.62	 0.14      0.2          0.00        0.00
6314           32003           33          0             0.88		0.62	 0.14      0.2          0.00        0.00
6314           32003           34          0             0.88		0.62	 0.14      0.2          0.00        0.00
6314           32003           35          0             0.88		0.62	 0.14      0.2          0.00        0.00
6314           32003           36          0             0.88		0.62	 0.14      0.2          0.00        0.00
6314           32003           37          0             0.88		0.62	 0.14      0.2          0.00        0.00
6314           32003           38          0             0.88		0.62	 0.14      0.2          0.00        0.00
6314           32003           39          0             0.88		0.62	 0.14      0.2          0.00        0.00
6314           32003           40          0             0.88		0.62	 0.14      0.2          0.00        0.00
6314           32003           41          0             0.88		0.62	 0.14      0.2          0.00        0.00
6314           32003           42          0             0.88		0.62	 0.14      0.2          0.00        0.00
6314           32003           43          0             0.88		0.62	 0.14      0.2          0.00        0.00
6314           32003           44          0             0.88		0.62	 0.14      0.2          0.00        0.00
6314           32003           45          0             0.88		0.62	 0.14      0.2          0.00        0.00
6314           32003           46          0             0.88		0.62	 0.14      0.2          0.00        0.00
6314           32003           47          0             0.88		0.62	 0.14      0.2          0.00        0.00
6314           32003           48          0             0.88		0.62	 0.14      0.2          0.00        0.00
//Wing Love 2.0
6315        32387    	   14            0             0.0		0.37		0.49      0.0         0.2         0.2
6315        32387    	   19            0             0.0		0.37		0.49      0.0         0.2         0.2
6315        32387    	   50            0             0.0		0.37		0.49      0.0         0.2         0.2
6315        32387    	   37            0             0.0		0.37		0.49      0.0         0.2         0.2
6315        32387    	   42            0             0.0		0.37		0.49      0.0         0.2         0.2
6315        32387    	   57            0             0.0		0.37		0.49      0.0         0.2         0.2
6315        32387    	   54            0             0.0		0.37		0.49      0.0         0.2         0.2
6315        32387    	   47            0             0.0		0.37		0.49      0.0         0.2         0.2
6315        32387    	   24            0             0.0		0.37		0.49      0.0         0.2         0.2
6315        32387    	   31            0             0.0		0.37		0.49      0.0         0.2         0.2
6315        32387    	   40            0             0.0		0.37		0.49      0.0         0.2         0.2
6315        32387    	   08            0             0.0		0.37		0.49      0.0         0.2         0.2
6315        32387    	   17            0             0.0		0.37		0.49      0.0         0.2         0.2
6315        32387    	   46            0             0.0		0.37		0.49      0.0         0.2         0.2
6315        32387    	   23            0             0.0		0.37		0.49      0.0         0.2         0.2
6315        32387    	   35            0             0.0		0.37		0.49      0.0         0.2         0.2
6315        32387    	   39            0             0.0		0.37		0.49      0.0         0.2         0.2
6315        32387    	   44            0             0.0		0.37		0.49      0.0         0.2         0.2
6315        32387    	   45            0             0.0		0.37		0.49      0.0         0.2         0.2
6315        32387    	   12            0             0.0		0.37		0.49      0.0         0.2         0.2
6315        32387    	   16            0             0.0		0.37		0.49      0.0         0.2         0.2
6315        32387    	   21            0             0.0		0.37		0.49      0.0         0.2         0.2
6315        32387    	   22            0             0.0		0.37		0.49      0.0         0.2         0.2
6315        32387    	   61            0             0.0		0.37		0.49      0.0         0.2         0.2 
6315        32387    	   60            0             0.0		0.37		0.49      0.0         0.2         0.2
6315        32387    	   59            0             0.0		0.37		0.49      0.0         0.2         0.2
6315        32387    	   62            0             0.0		0.37		0.49      0.0         0.2         0.2
6315        32387    	   55            0             0.0		0.37		0.49      0.0         0.2         0.2
6315        32387    	   52            0             0.0		0.37		0.49      0.0         0.2         0.2
6315        32387    	   53            0             0.0		0.37		0.49      0.0         0.2         0.2 
//Sword Boold Vimpire
58           32002           1           0             0.82		0.09	 0         0.5          0.0         0.0
58           32002           2           0             0.82		0.09	 0         0.5          0.0         0.0
58           32002           3           0             0.82		0.09	 0         0.5          0.0         0.0
58           32002           4           0             0.82		0.09	 0         0.5          0.0         0.0
58           32002           5           0             0.82		0.09	 0         0.5          0.0         0.0
58           32002           6           0             0.82		0.09	 0         0.5          0.0         0.0
58           32002           7           0             0.82		0.09	 0         0.5          0.0         0.0
58           32002           8           0             0.82		0.09	 0         0.5          0.0         0.0
58           32002           9           0             0.82		0.09	 0         0.5          0.0         0.0
58           32002           10          0             0.82		0.09	 0         0.5          0.0         0.0
58           32002           11          0             0.82		0.09	 0         0.5          0.0         0.0
58           32002           12          0             0.82		0.09	 0         0.5          0.0         0.0
//Wing Blood Vampire
6321           32002           1           0             0.82		0.09	 0         1.0          0.0         0.0
6321           32002           2           0             0.82		0.09	 0         1.0          0.0         0.0
6321           32002           3           0             0.82		0.09	 0         1.0          0.0         0.0
6321           32002           4           0             0.82		0.09	 0         1.0          0.0         0.0
6321           32002           5           0             0.82		0.09	 0         1.0          0.0         0.0
6321           32002           6           0             0.82		0.09	 0         1.0          0.0         0.0
6321           32002           7           0             0.82		0.09	 0         1.0          0.0         0.0
6321           32002           8           0             0.82		0.09	 0         1.0          0.0         0.0
6321           32002           9           0             0.82		0.09	 0         1.0          0.0         0.0
6321           32002           10          0             0.82		0.09	 0         1.0          0.0         0.0
6321           32002           11          0             0.82		0.09	 0         1.0          0.0         0.0
6321           32002           12          0             0.82		0.09	 0         1.0          0.0         0.0
6321           32002           13          0             0.82		0.09	 0         1.0          0.0         0.0
6321           32002           14          0             0.82		0.09	 0         1.0          0.0         0.0
6321           32002           15          0             0.82		0.09	 0         1.0          0.0         0.0
6321           32002           16          0             0.82		0.09	 0         1.0          0.0         0.0
6321           32002           17          0             0.82		0.09	 0         1.0          0.0         0.0
6321           32002           18          0             0.82		0.09	 0         1.0          0.0         0.0
6321           32002           19          0             0.82		0.09	 0         1.0          0.0         0.0
6321           32002           20          0             0.82		0.09	 0         1.0          0.0         0.0
6321           32002           21          0             0.82		0.09	 0         1.0          0.0         0.0
6321           32002           22          0             0.82		0.09	 0         1.0          0.0         0.0
6321           32002           23          0             0.82		0.09	 0         1.0          0.0         0.0
6321           32002           24          0             0.82		0.09	 0         1.0          0.0         0.0
6321           32002           25          0             0.82		0.09	 0         1.0          0.0         0.0
6321           32002           26          0             0.82		0.09	 0         1.0          0.0         0.0
6321           32002           27          0             0.82		0.09	 0         1.0          0.0         0.0
6321           32002           28          0             0.82		0.09	 0         1.0          0.0         0.0
6321           32002           29          0             0.82		0.09	 0         1.0          0.0         0.0
6321           32002           30          0             0.82		0.09	 0         1.0          0.0         0.0
6321           32002           31          0             0.82		0.09	 0         1.0          0.0         0.0
6321           32002           32          0             0.82		0.09	 0         1.0          0.0         0.0
6321           32002           33          0             0.82		0.09	 0         1.0          0.0         0.0
6321           32002           34          0             0.82		0.09	 0         1.0          0.0         0.0
//Capa Blodd Vampire
6322           32002           1           0             0.82		0.09	 0         0.5          0.0         0.0
6322           32002           2           0             0.82		0.09	 0         0.5          0.0         0.0
6322           32002           3           0             0.82		0.09	 0         0.5          0.0         0.0
6322           32002           4           0             0.82		0.09	 0         0.5          0.0         0.0
6322           32002           5           0             0.82		0.09	 0         0.5          0.0         0.0
6322           32002           6           0             0.82		0.09	 0         0.5          0.0         0.0
6322           32002           7           0             0.82		0.09	 0         0.5          0.0         0.0
6322           32002           8           0             0.82		0.09	 0         0.5          0.0         0.0
6322           32002           9           0             0.82		0.09	 0         0.5          0.0         0.0
6322           32002           10          0             0.82		0.09	 0         0.5          0.0         0.0
6322           32002           11          0             0.82		0.09	 0         0.5          0.0         0.0
6322           32002           12          0             0.82		0.09	 0         0.5          0.0         0.0
6322           32002           21          0             0.82		0.09	 0         0.5          0.0         0.0
6322           32002           22          0             0.82		0.09	 0         0.5          0.0         0.0
//Shield Blood Vampire
3123           32002           1           0             0.82		0.09	 0         0.5          0.0         0.0
3123           32002           2           0             0.82		0.09	 0         0.5          0.0         0.0
3123           32002           3           0             0.82		0.09	 0         0.5          0.0         0.0
3123           32002           4           0             0.82		0.09	 0         0.5          0.0         0.0
3123           32002           5           0             0.82		0.09	 0         0.5          0.0         0.0
3123           32002           6           0             0.82		0.09	 0         0.5          0.0         0.0
3123           32002           7           0             0.82		0.09	 0         0.5          0.0         0.0
3123           32002           8           0             0.82		0.09	 0         0.5          0.0         0.0
3123           32002           9           0             0.82		0.09	 0         0.5          0.0         0.0
3123           32002           10          0             0.82		0.09	 0         0.5          0.0         0.0
3123           32002           11          0             0.82		0.09	 0         0.5          0.0         0.0
//Wing Of Steel 2.0
6323 		32002	      11             0	       		0.8	     0.8    0.8        	1.0         0.0         0.0   
6323 		32002	      12             0	       		0.8	     0.8    0.8        	1.0         0.0         0.0   
6323 		32002	      13             0	       		0.8	     0.8    0.8        	1.0         0.0         0.0   
6323 		32002	      14             0	       		0.8	     0.8    0.8        	1.0         0.0         0.0   
6323 		32002	      15             0	       		0.8	     0.8    0.8        	1.0         0.0         0.0   
6323 		32002	      16             0	       		0.8	     0.8    0.8        	1.0         0.0         0.0   
6323 		32002	      17             0	       		0.8	     0.8    0.8        	1.0         0.0         0.0   
6323 		32002	      18             0	       		0.8	     0.8    0.8        	1.0         0.0         0.0   
6323 		32002	      19             0	       		0.8	     0.8    0.8        	1.0         0.0         0.0   
6323 		32002	      20             0	       		0.8	     0.8    0.8        	1.0         0.0         0.0   
6323 		32002	      21             0	       		0.8	     0.8    0.8        	1.0         0.0         0.0   
6323 		32002	      22             0	       		0.8	     0.8    0.8        	1.0         0.0         0.0   
6323 		32002	      23             0	       		0.8	     0.8    0.8        	1.0         0.0         0.0   
6323 		32002	      24             0	       		0.8	     0.8    0.8        	1.0         0.0         0.0   
6323 		32002	      25             0	       		0.8	     0.8    0.8        	1.0         0.0         0.0   
6323 		32002	      26             0	       		0.8	     0.8    0.8        	1.0         0.0         0.0   
6323 		32002	      27             0	       		0.8	     0.8    0.8        	1.0         0.0         0.0   
6323 		32002	      28             0	       		0.8	     0.8    0.8        	1.0         0.0         0.0   
6323 		32002	      29             0	       		0.8	     0.8    0.8        	1.0         0.0         0.0   
6323 		32002	      30             0	       		0.8	     0.8    0.8        	1.0         0.0         0.0   
6323 		32002	      31             0	       		0.8	     0.8    0.8        	1.0         0.0         0.0   
6323 		32002	      32             0	       		0.8	     0.8    0.8        	1.0         0.0         0.0   
6323 		32002	      33             0	       		0.8	     0.8    0.8        	1.0         0.0         0.0   
6323 		32002	      34             0	       		0.8	     0.8    0.8        	1.0         0.0         0.0   
//Sword Of Steel 2.0
78           32002           1           0             0.86	     0.74   0.41    0.5          0.0         0.0
78           32002           2           0             0.86	     0.74   0.41    0.5          0.0         0.0
78           32002           3           0             0.86	     0.74   0.41    0.5          0.0         0.0
78           32002           4           0             0.86	     0.74   0.41    0.5          0.0         0.0
78           32002           5           0             0.86	     0.74   0.41    0.5          0.0         0.0
//Shield Of Steel 2.0
3124           32002           1           0             0.86	     0.74   0.41    0.5          0.0         0.0
3124           32002           2           0             0.86	     0.74   0.41    0.5          0.0         0.0
3124           32002           3           0             0.86	     0.74   0.41    0.5          0.0         0.0
3124           32002           4           0             0.86	     0.74   0.41    0.5          0.0         0.0
//Capa Of Steel
6324           32002           1           0             0.86	     0.74   0.41    0.5          0.0         0.0
6324           32002           2           0             0.86	     0.74   0.41    0.5          0.0         0.0
6324           32002           3           0             0.86	     0.74   0.41    0.5          0.0         0.0
6324           32002           4           0             0.86	     0.74   0.41    0.5          0.0         0.0
6324           32002           5           0             0.86	     0.74   0.41    0.5          0.0         0.0
6324           32002           6           0             0.86	     0.74   0.41    0.5          0.0         0.0
//Cape Horus
6326           32003           1           0             0.88		0.62	 0.14      0.7          0.0         0.0
6326           32003           2           0             0.88		0.62	 0.14      0.7          0.0         0.0
6326           32003           3           0             0.88		0.62	 0.14      0.7          0.0         0.0
6326           32003           4           0             0.88		0.62	 0.14      0.7          0.0         0.0
6326           32003           5           0             0.88		0.62	 0.14      0.7          0.0         0.0
6326           32003           6           0             0.88		0.62	 0.14      0.7          0.0         0.0
6326           32003           7           0             0.88		0.62	 0.14      0.7          0.0         0.0
6326           32003           8           0             0.88		0.62	 0.14      0.7          0.0         0.0
6326           32003           9           0             0.88		0.62	 0.14      0.7          0.0         0.0
//Wing Horus
6325           32003           11          0             0.88		0.62	 0.14      1.0          0.00        0.00
6325           32003           12          0             0.88		0.62	 0.14      1.0          0.00        0.00
6325           32003           13          0             0.88		0.62	 0.14      1.0          0.00        0.00
6325           32003           14          0             0.88		0.62	 0.14      1.0          0.00        0.00
6325           32003           15          0             0.88		0.62	 0.14      1.0          0.00        0.00
6325           32003           16          0             0.88		0.62	 0.14      1.0          0.00        0.00
6325           32003           17          0             0.88		0.62	 0.14      1.0          0.00        0.00
6325           32003           18          0             0.88		0.62	 0.14      1.0          0.00        0.00
6325           32003           19          0             0.88		0.62	 0.14      1.0          0.00        0.00
6325           32003           20          0             0.88		0.62	 0.14      1.0          0.00        0.00
6325           32003           21          0             0.88		0.62	 0.14      1.0          0.00        0.00
6325           32003           22          0             0.88		0.62	 0.14      1.0          0.00        0.00
6325           32003           23          0             0.88		0.62	 0.14      1.0          0.00        0.00
6325           32003           24          0             0.88		0.62	 0.14      1.0          0.00        0.00
6325           32003           25          0             0.88		0.62	 0.14      1.0          0.00        0.00
6325           32003           26          0             0.88		0.62	 0.14      1.0          0.00        0.00
6325           32003           27          0             0.88		0.62	 0.14      1.0          0.00        0.00
6325           32003           28          0             0.88		0.62	 0.14      1.0          0.00        0.00
6325           32003           29          0             0.88		0.62	 0.14      1.0          0.00        0.00
6325           32003           30          0             0.88		0.62	 0.14      1.0          0.00        0.00
6325           32003           32          0             0.88		0.62	 0.14      0.2          0.00        0.00
6325           32003           33          0             0.88		0.62	 0.14      0.2          0.00        0.00
6325           32003           34          0             0.88		0.62	 0.14      0.2          0.00        0.00
6325           32003           35          0             0.88		0.62	 0.14      0.2          0.00        0.00
6325           32003           36          0             0.88		0.62	 0.14      0.2          0.00        0.00
6325           32003           37          0             0.88		0.62	 0.14      0.2          0.00        0.00
6325           32003           38          0             0.88		0.62	 0.14      0.2          0.00        0.00
6325           32003           39          0             0.88		0.62	 0.14      0.2          0.00        0.00
6325           32003           40          0             0.88		0.62	 0.14      0.2          0.00        0.00
6325           32003           41          0             0.88		0.62	 0.14      0.2          0.00        0.00
6325           32003           42          0             0.88		0.62	 0.14      0.2          0.00        0.00
6325           32003           43          0             0.88		0.62	 0.14      0.2          0.00        0.00
6325           32003           44          0             0.88		0.62	 0.14      0.2          0.00        0.00
6325           32003           45          0             0.88		0.62	 0.14      0.2          0.00        0.00
6325           32003           46          0             0.88		0.62	 0.14      0.2          0.00        0.00
6325           32003           47          0             0.88		0.62	 0.14      0.2          0.00        0.00
6325           32003           48          0             0.88		0.62	 0.14      0.2          0.00        0.00
//Sword Horus
82		32003		1		0		0.88		0.62	 0.14	0.5		0.0		0.0
82		32003		2		0		0.88		0.62	 0.14	0.5		0.0		0.0
82		32003		3		0		0.88		0.62	 0.14	0.5		0.0		0.0
82		32003		4		0		0.88		0.62	 0.14	0.5		0.0		0.0
82		32003		5		0		0.88		0.62	 0.14	0.5		0.0		0.0
82		32003		6		0		0.88		0.62	 0.14	0.5		0.0		0.0
82		32003		7		0		0.88		0.62	 0.14	0.5		0.0		0.0
82		32003		8		0		0.88		0.62	 0.14	0.5		0.0		0.0
82		32003		9		0		0.88		0.62	 0.14	0.5		0.0		0.0
82		32003		10		0		0.88		0.62	 0.14	0.5		0.0		0.0
//Staff Horus
2625           32003           1           0             0.88		0.62	 0.14      0.5          0.00        0.00
2625           32003           2           0             0.88		0.62	 0.14      0.5          0.00        0.00
2625           32003           3           0             0.88		0.62	 0.14      0.5          0.00        0.00
2625           32003           4           0             0.88		0.62	 0.14      0.5          0.00        0.00
2625           32003           5           0             0.88		0.62	 0.14      0.5          0.00        0.00
2625           32003           6           0             0.88		0.62	 0.14      0.5          0.00        0.00
2625           32003           7           0             0.88		0.62	 0.14      0.5          0.00        0.00
2625           32003           8           0             0.88		0.62	 0.14      0.5          0.00        0.00
2625           32003           9           0             0.88		0.62	 0.14      0.5          0.00        0.00
2625           32003           10          0             0.88		0.62	 0.14      0.5          0.00        0.00
2625           32003           11          0             0.88		0.62	 0.14      0.5          0.00        0.00
2625           32003           12          0             0.88		0.62	 0.14      0.5          0.00        0.00
2625           32003           13          0             0.88		0.62	 0.14      0.5          0.00        0.00
2625           32003           14          0             0.88		0.62	 0.14      0.5          0.00        0.00
2625           32003           15          0             0.88		0.62	 0.14      0.5          0.00        0.00
2625           32003           16          0             0.88		0.62	 0.14      0.5          0.00        0.00
2625           32003           17          0             0.88		0.62	 0.14      0.5          0.00        0.00
2625           32003           18          0             0.88		0.62	 0.14      0.5          0.00        0.00
2625           32003           19          0             0.88		0.62	 0.14      0.5          0.00        0.00
2625           32003           20          0             0.88		0.62	 0.14      0.5          0.00        0.00
2625           32003           21          0             0.88		0.62	 0.14      0.5          0.00        0.00
2625           32003           22          0             0.88		0.62	 0.14      0.5          0.00        0.00
2625           32003           23          0             0.88		0.62	 0.14      0.5          0.00        0.00
2625           32003           24          0             0.88		0.62	 0.14      0.5          0.00        0.00
2625           32003           25          0             0.88		0.62	 0.14      0.5          0.00        0.00
2625           32003           26          0             0.88		0.62	 0.14      0.5          0.00        0.00
2625           32003           27          0             0.88		0.62	 0.14      0.5          0.00        0.00
2625           32003           28          0             0.88		0.62	 0.14      0.5          0.00        0.00
2625           32003           29          0             0.88		0.62	 0.14      0.5          0.00        0.00
2625           32003           30          0             0.88		0.62	 0.14      0.5          0.00        0.00
//Shield Horus
3125           32003           1            0             0.88		0.62	 0.14      1.0          0.0         0.0
3125           32003           2            0             0.88		0.62	 0.14      1.0          0.0         0.0
3125           32003           3            0             0.88		0.62	 0.14      1.0          0.0         0.0
3125           32003           4            0             0.88		0.62	 0.14      1.0          0.0         0.0
3125           32003           5            0             0.88		0.62	 0.14      1.0          0.0         0.0
3125           32003           6            0             0.88		0.62	 0.14      1.0          0.0         0.0
3125           32003           7            0             0.88		0.62	 0.14      1.0          0.0         0.0
//Mace Horus
1071           32003           2           0             0.88		0.62	 0.14      0.5          0.0         0.0
1071           32003           3           0             0.88		0.62	 0.14      0.5          0.0         0.0
1071           32003           4           0             0.88		0.62	 0.14      0.5          0.0         0.0
1071           32003           5           0             0.88		0.62	 0.14      0.5          0.0         0.0
1071           32003           6           0             0.88		0.62	 0.14      0.5          0.0         0.0
1071           32003           7           0             0.88		0.62	 0.14      0.5          0.0         0.0
1071           32003           8           0             0.88		0.62	 0.14      0.5          0.0         0.0
1071           32003           9           0             0.88		0.62	 0.14      0.5          0.0         0.0
1071           32003           10          0             0.88		0.62	 0.14      0.5          0.0         0.0
1071           32003           11          0             0.88		0.62	 0.14      0.5          0.0         0.0
1071           32003           12          0             0.88		0.62	 0.14      0.5          0.0         0.0
1071           32003           13          0             0.88		0.62	 0.14      0.5          0.0         0.0
1071           32003           14          0             0.88		0.62	 0.14      0.5          0.0         0.0
1071           32003           15          0             0.88		0.62	 0.14      0.5          0.0         0.0
1071           32003           16          0             0.88		0.62	 0.14      0.5          0.0         0.0
1071           32003           17          0             0.88		0.62	 0.14      0.5          0.0         0.0
1071           32003           18          0             0.88		0.62	 0.14      0.5          0.0         0.0
1071           32003           19          0             0.88		0.62	 0.14      0.5          0.0         0.0
1071           32003           20          0             0.88		0.62	 0.14      0.5          0.0         0.0
1071           32003           21          0             0.88		0.62	 0.14      0.5          0.0         0.0
1071           32003           22          0             0.88		0.62	 0.14      0.5          0.0         0.0
1071           32003           23          0             0.88		0.62	 0.14      0.5          0.0         0.0
1071           32003           24          0             0.88		0.62	 0.14      0.5          0.0         0.0
1071           32003           25          0             0.88		0.62	 0.14      0.5          0.0         0.0
1071           32003           26          0             0.88		0.62	 0.14      0.5          0.0         0.0
1071           32003           27          0             0.88		0.62	 0.14      0.5          0.0         0.0
1071           32003           28          0             0.88		0.62	 0.14      0.5          0.0         0.0
1071           32003           29          0             0.88		0.62	 0.14      0.5          0.0         0.0
//Mace Holy
1073           32002           1           0             0.98		0.8	 0.31      0.5          0.00        0.00
1073           32002           2           0             0.98		0.8	 0.31      0.5          0.00        0.00
1073           32002           3           0             0.98		0.8	 0.31      0.5          0.00        0.00
1073           32002           4           0             0.98		0.8	 0.31      0.5          0.00        0.00
1073           32002           5           0             0.98		0.8	 0.31      0.5          0.00        0.00
1073           32002           6           0             0.98		0.8	 0.31      0.5          0.00        0.00
1073           32002           7           0             0.98		0.8	 0.31      0.5          0.00        0.00
1073           32002           8           0             0.98		0.8	 0.31      0.5          0.00        0.00
1073           32002           9           0             0.98		0.8	 0.31      0.5          0.00        0.00
1073           32002           10          0             0.98		0.8	 0.31      0.5          0.00        0.00
1073           32002           11          0             0.98		0.8	 0.31      0.5          0.00        0.00
1073           32002           12          0             0.98		0.8	 0.31      0.5          0.00        0.00
1073           32002           13          0             0.98		0.8	 0.31      0.5          0.00        0.00
1073           32002           14          0             0.98		0.8	 0.31      0.5          0.00        0.00
1073           32002           15          0             0.98		0.8	 0.31      0.5          0.00        0.00
1073           32002           16          0             0.98		0.8	 0.31      0.5          0.00        0.00
1073           32002           17          0             0.98		0.8	 0.31      0.5          0.00        0.00
1073           32002           18          0             0.98		0.8	 0.31      0.5          0.00        0.00
1073           32002           19          0             0.98		0.8	 0.31      0.5          0.00        0.00
1073           32002           20          0             0.98		0.8	 0.31      0.5          0.00        0.00
1073           32002           21          0             0.98		0.8	 0.31      0.5          0.00        0.00
1073           32002           22          0             0.98		0.8	 0.31      0.5          0.00        0.00
1073           32002           23          0             0.98		0.8	 0.31      0.5          0.00        0.00
1073           32002           24          0             0.98		0.8	 0.31      0.5          0.00        0.00
1073           32002           25          0             0.98		0.8	 0.31      0.5          0.00        0.00
1073           32002           26          0             0.98		0.8	 0.31      0.5          0.00        0.00
1073           32002           27          0             0.98		0.8	 0.31      0.5          0.00        0.00
1073           32002           28          0             0.98		0.8	 0.31      0.5          0.00        0.00
1073           32002           29          0             0.98		0.8	 0.31      0.5          0.00        0.00
1073           32002           30          0             0.98		0.8	 0.31      0.5          0.00        0.00
1073           32002           31          0             0.98		0.8	 0.31      0.5          0.00        0.00
1073           32002           32          0             0.98		0.8	 0.31      0.5          0.00        0.00
1073           32002           33          0             0.98		0.8	 0.31      0.5          0.00        0.00
1073           32002           34          0             0.98		0.8	 0.31      0.5          0.00        0.00
1073           32002           35          0             0.98		0.8	 0.31      0.5          0.00        0.00
1073           32002           36          0             0.98		0.8	 0.31      0.5          0.00        0.00
1073           32002           37          0             0.98		0.8	 0.31      0.5          0.00        0.00
//Sword Holy
84           32002           1           0             0.98	0.8	0.31      0.5          0.00        0.00
84           32002           2           0             0.98	0.8	0.31      0.5          0.00        0.00
84           32002           3           0             0.98	0.8	0.31      0.5          0.00        0.00
84           32002           4           0             0.98	0.8	0.31      0.5          0.00        0.00
84           32002           5           0             0.98	0.8	0.31      0.5          0.00        0.00
84           32002           6           0             0.98	0.8	0.31      0.5          0.00        0.00
84           32002           7           0             0.98	0.8	0.31      0.5          0.00        0.00
84           32002           8           0             0.98	0.8	0.31      0.5          0.00        0.00
84           32002           9           0             0.98	0.8	0.31      0.5          0.00        0.00
84           32002           10          0             0.98	0.8	0.31      0.5          0.00        0.00
84           32002           11          0             0.98	0.8	0.31      0.5          0.00        0.00
84           32002           12          0             0.98	0.8	0.31      0.5          0.00        0.00
84           32002           13          0             0.98	0.8	0.31      0.5          0.00        0.00
84           32002           14          0             0.98	0.8	0.31      0.5          0.00        0.00
84           32002           15          0             0.98	0.8	0.31      0.5          0.00        0.00
84           32002           16          0             0.98	0.8	0.31      0.5          0.00        0.00
84           32002           17          0             0.98	0.8	0.31      0.5          0.00        0.00
84           32002           18          0             0.98	0.8	0.31      0.5          0.00        0.00
84           32002           19          0             0.98	0.8	0.31      0.5          0.00        0.00
84           32002           20          0             0.98	0.8	0.31      0.5          0.00        0.00
84           32002           21          0             0.98	0.8	0.31      0.5          0.00        0.00
84           32002           22          0             0.98	0.8	0.31      0.5          0.00        0.00
84           32002           23          0             0.98	0.8	0.31      0.5          0.00        0.00
84           32002           24          0             0.98	0.8	0.31      0.5          0.00        0.00
84           32002           25          0             0.98	0.8	0.31      0.5          0.00        0.00
84           32002           26          0             0.98	0.8	0.31      0.5          0.00        0.00
84           32002           27          0             0.98	0.8	0.31      0.5          0.00        0.00
84           32002           28          0             0.98	0.8	0.31      0.5          0.00        0.00
84           32002           29          0             0.98	0.8	0.31      0.5          0.00        0.00
84           32002           30          0             0.98	0.8	0.31      0.5          0.00        0.00
84           32002           31          0             0.98	0.8	0.31      0.5          0.00        0.00
//Shield Holy
3127           32002           1           0             0.98	0.8	0.31      0.5          0.00        0.00
3127           32002           2           0             0.98	0.8	0.31      0.5          0.00        0.00
3127           32002           3           0             0.98	0.8	0.31      0.5          0.00        0.00
3127           32002           4           0             0.98	0.8	0.31      0.5          0.00        0.00
3127           32002           5           0             0.98	0.8	0.31      0.5          0.00        0.00
3127           32002           6           0             0.98	0.8	0.31      0.5          0.00        0.00
3127           32002           7           0             0.98	0.8	0.31      0.5          0.00        0.00
3127           32002           8           0             0.98	0.8	0.31      0.5          0.00        0.00
3127           32002           9           0             0.98	0.8	0.31      0.5          0.00        0.00
3127           32002           10          0             0.98	0.8	0.31      0.5          0.00        0.00
3127           32002           11          0             0.98	0.8	0.31      0.5          0.00        0.00
3127           32002           12          0             0.98	0.8	0.31      0.5          0.00        0.00
3127           32002           13          0             0.98	0.8	0.31      0.5          0.00        0.00
3127           32002           14          0             0.98	0.8	0.31      0.5          0.00        0.00
3127           32002           15          0             0.98	0.8	0.31      0.5          0.00        0.00
3127           32002           16          0             0.98	0.8	0.31      0.5          0.00        0.00
3127           32002           17          0             0.98	0.8	0.31      0.5          0.00        0.00
3127           32002           18          0             0.98	0.8	0.31      0.5          0.00        0.00
3127           32002           19          0             0.98	0.8	0.31      0.5          0.00        0.00
3127           32002           20          0             0.98	0.8	0.31      0.5          0.00        0.00
3127           32002           21          0             0.98	0.8	0.31      0.5          0.00        0.00
3127           32002           22          0             0.98	0.8	0.31      0.5          0.00        0.00
3127           32002           23          0             0.98	0.8	0.31      0.5          0.00        0.00
3127           32002           24          0             0.98	0.8	0.31      0.5          0.00        0.00
3127           32002           25          0             0.98	0.8	0.31      0.5          0.00        0.00
3127           32002           26          0             0.98	0.8	0.31      0.5          0.00        0.00
3127           32002           27          0             0.98	0.8	0.31      0.5          0.00        0.00
3127           32002           28          0             0.98	0.8	0.31      0.5          0.00        0.00
3127           32002           29          0             0.98	0.8	0.31      0.5          0.00        0.00
3127           32002           30          0             0.98	0.8	0.31      0.5          0.00        0.00
3127           32002           31          0             0.98	0.8	0.31      0.5          0.00        0.00
3127           32002           32          0             0.98	0.8	0.31      0.5          0.00        0.00
3127           32002           33          0             0.98	0.8	0.31      0.5          0.00        0.00
3127           32002           34          0             0.98	0.8	0.31      0.5          0.00        0.00
3127           32002           35          0             0.98	0.8	0.31      0.5          0.00        0.00
3127           32002           36          0             0.98	0.8	0.31      0.5          0.00        0.00
3127           32002           37          0             0.98	0.8	0.31      0.5          0.00        0.00
3127           32002           38          0             0.98	0.8	0.31      0.5          0.00        0.00
//Sattf Holy
2627           32002           1           0             0.98	0.8	0.31      0.5          0.00        0.00
2627           32002           2           0             0.98	0.8	0.31      0.5          0.00        0.00
2627           32002           3           0             0.98	0.8	0.31      0.5          0.00        0.00
2627           32002           4           0             0.98	0.8	0.31      0.5          0.00        0.00
2627           32002           5           0             0.98	0.8	0.31      0.5          0.00        0.00
2627           32002           6           0             0.98	0.8	0.31      0.5          0.00        0.00
2627           32002           7           0             0.98	0.8	0.31      0.5          0.00        0.00
2627           32002           8           0             0.98	0.8	0.31      0.5          0.00        0.00
2627           32002           9           0             0.98	0.8	0.31      0.5          0.00        0.00
2627           32002           10          0             0.98	0.8	0.31      0.5          0.00        0.00
2627           32002           11          0             0.98	0.8	0.31      0.5          0.00        0.00
2627           32002           12          0             0.98	0.8	0.31      0.5          0.00        0.00
2627           32002           13          0             0.98	0.8	0.31      0.5          0.00        0.00
2627           32002           14          0             0.98	0.8	0.31      0.5          0.00        0.00
2627           32002           15          0             0.98	0.8	0.31      0.5          0.00        0.00
2627           32002           16          0             0.98	0.8	0.31      0.5          0.00        0.00
2627           32002           17          0             0.98	0.8	0.31      0.5          0.00        0.00
2627           32002           18          0             0.98	0.8	0.31      0.5          0.00        0.00
2627           32002           19          0             0.98	0.8	0.31      0.5          0.00        0.00
2627           32002           20          0             0.98	0.8	0.31      0.5          0.00        0.00
2627           32002           21          0             0.98	0.8	0.31      0.5          0.00        0.00
2627           32002           22          0             0.98	0.8	0.31      0.5          0.00        0.00
2627           32002           23          0             0.98	0.8	0.31      0.5          0.00        0.00
2627           32002           24          0             0.98	0.8	0.31      0.5          0.00        0.00
2627           32002           25          0             0.98	0.8	0.31      0.5          0.00        0.00
2627           32002           26          0             0.98	0.8	0.31      0.5          0.00        0.00
2627           32002           27          0             0.98	0.8	0.31      0.5          0.00        0.00
2627           32002           28          0             0.98	0.8	0.31      0.5          0.00        0.00
2627           32002           29          0             0.98	0.8	0.31      0.5          0.00        0.00
2627           32002           30          0             0.98	0.8	0.31      0.5          0.00        0.00
2627           32002           31          0             0.98	0.8	0.31      0.5          0.00        0.00
2627           32002           32          0             0.98	0.8	0.31      0.5          0.00        0.00
2627           32002           33          0             0.98	0.8	0.31      0.5          0.00        0.00
2627           32002           34          0             0.98	0.8	0.31      0.5          0.00        0.00
//Wing Holy
6329           32002           1           0             0.36		0.36	 0.36      1.0          0.00        0.00
6329           32002           2           0             0.36		0.36	 0.36      1.0          0.00        0.00
6329           32002           3           0             0.36		0.36	 0.36      1.0          0.00        0.00
6329           32002           4           0             0.36		0.36	 0.36      1.0          0.00        0.00
6329           32002           5           0             0.36		0.36	 0.36      1.0          0.00        0.00
6329           32002           6           0             0.36		0.36	 0.36      1.0          0.00        0.00
6329           32002           7           0             0.36		0.36	 0.36      1.0          0.00        0.00
6329           32002           8           0             0.36		0.36	 0.36      1.0          0.00        0.00
6329           32002           9           0             0.36		0.36	 0.36      1.0          0.00        0.00
6329           32002           10          0             0.36		0.36	 0.36      1.0          0.00        0.00
6329           32002           11          0             0.36		0.36	 0.36      1.0          0.00        0.00
6329           32002           12          0             0.36		0.36	 0.36      1.0          0.00        0.00
6329           32002           13          0             0.36		0.36	 0.36      1.0          0.00        0.00
6329           32002           14          0             0.36		0.36	 0.36      1.0          0.00        0.00
6329           32002           15          0             0.36		0.36	 0.36      1.0          0.00        0.00
6329           32002           16          0             0.36		0.36	 0.36      1.0          0.00        0.00
6329           32002           17          0             0.36		0.36	 0.36      1.0          0.00        0.00
6329           32002           18          0             0.36		0.36	 0.36      1.0          0.00        0.00
6329           32002           19          0             0.36		0.36	 0.36      1.0          0.00        0.00
6329           32002           20          0             0.36		0.36	 0.36      1.0          0.00        0.00
6329           32002           21          0             0.36		0.36	 0.36      1.0          0.00        0.00
6329           32002           22          0             0.36		0.36	 0.36      1.0          0.00        0.00
6329           32002           23          0             0.36		0.36	 0.36      1.0          0.00        0.00
6329           32002           24          0             0.36		0.36	 0.36      1.0          0.00        0.00
6329           32002           25          0             0.36		0.36	 0.36      1.0          0.00        0.00
6329           32002           26          0             0.36		0.36	 0.36      1.0          0.00        0.00
6329           32002           27          0             0.36		0.36	 0.36      1.0          0.00        0.00
6329           32002           28          0             0.36		0.36	 0.36      1.0          0.00        0.00
6329           32002           29          0             0.98		0.8	 0.31	    0.5          0.00        0.00
6329           32002           30          0             0.98		0.8	 0.31	    0.5          0.00        0.00
6329           32002           31          0             0.98		0.8	 0.31	    0.5          0.00        0.00
6329           32002           32          0             0.98		0.8	 0.31	    0.5          0.00        0.00
6329           32002           33          0             0.98		0.8	 0.31	    0.5          0.00        0.00
6329           32002           34          0             0.98		0.8	 0.31	    0.5          0.00        0.00
6329           32002           35          0             0.98		0.8	 0.31	    0.5          0.00        0.00
6329           32002           36          0             0.98		0.8	 0.31	    0.5          0.00        0.00
6329           32002           37          0             0.98		0.8	 0.31	    0.5          0.00        0.00
6329           32002           38          0             0.98		0.8	 0.31	    0.5          0.00        0.00
6329           32002           39          0             0.98		0.8	 0.31	    0.5          0.00        0.00
6329           32002           40          0             0.98		0.8	 0.31	    0.5          0.00        0.00
6329           32002           41          0             0.98		0.8	 0.31	    0.5          0.00        0.00
6329           32002           42          0             0.98		0.8	 0.31	    0.5          0.00        0.00
6329           32002           43          0             0.98		0.8	 0.31	    0.5          0.00        0.00
6329           32002           44          0             0.98		0.8	 0.31	    0.5          0.00        0.00
6329           32002           45          0             0.98		0.8	 0.31	    0.5          0.00        0.00
6329           32002           46          0             0.98		0.8	 0.31	    0.5          0.00        0.00
6329           32002           47          0             0.98		0.8	 0.31	    0.5          0.00        0.00
6329           32002           48          0             0.98		0.8	 0.31	    0.5          0.00        0.00
6329           32002           49          0             0.98		0.8	 0.31	    0.5          0.00        0.00
6329           32002           50          0             0.98		0.8	 0.31	    0.5          0.00        0.00
6329           32002           51          0             0.98		0.8	 0.31	    0.5          0.00        0.00
6329           32002           52          0             0.98		0.8	 0.31	    0.5          0.00        0.00
6329           32002           53          0             0.36		0.36	 0.36      1.0          0.00        0.00
6329           32002           54          0             0.36		0.36	 0.36      1.0          0.00        0.00
6329           32002           55          0             0.36		0.36	 0.36      1.0          0.00        0.00
6329           32002           56          0             0.36		0.36	 0.36      1.0          0.00        0.00
6329           32002           57          0             0.36		0.36	 0.36      1.0          0.00        0.00
6329           32002           58          0             0.36		0.36	 0.36      1.0          0.00        0.00
6329           32002           59          0             0.36		0.36	 0.36      1.0          0.00        0.00
6329           32002           60          0             0.36		0.36	 0.36      1.0          0.00        0.00
6329           32002           61          0             0.36		0.36	 0.36      1.0          0.00        0.00
6329           32002           62          0             0.36		0.36	 0.36      1.0          0.00        0.00
6329           32002           63          0             0.36		0.36	 0.36      1.0          0.00        0.00
6329           32002           64          0             0.36		0.36	 0.36      1.0          0.00        0.00
6329           32002           65          0             0.36		0.36	 0.36      1.0          0.00        0.00
6329           32002           66          0             0.36		0.36	 0.36      1.0          0.00        0.00
6329           32002           67          0             0.36		0.36	 0.36      1.0          0.00        0.00
6329           32002           68          0             0.36		0.36	 0.36      1.0          0.00        0.00
6329           32002           69          0             0.36		0.36	 0.36      1.0          0.00        0.00
6329           32002           70          0             0.36		0.36	 0.36      1.0          0.00        0.00
6329           32002           71          0             0.36		0.36	 0.36      1.0          0.00        0.00
6329           32002           72          0             0.36		0.36	 0.36      1.0          0.00        0.00
6329           32002           73          0             0.36		0.36	 0.36      1.0          0.00        0.00
6329           32002           74          0             0.36		0.36	 0.36      1.0          0.00        0.00
6329           32002           75          0             0.36		0.36	 0.36      1.0          0.00        0.00
6329           32002           76          0             0.36		0.36	 0.36      1.0          0.00        0.00
6329           32002           77          0             0.36		0.36	 0.36      1.0          0.00        0.00
6329           32002           78          0             0.36		0.36	 0.36      1.0          0.00        0.00
6329           32002           79          0             0.36		0.36	 0.36      1.0          0.00        0.00
6329           32002           80          0             0.36		0.36	 0.36      1.0          0.00        0.00
6329           32002           81          0             0.36		0.36	 0.36      1.0          0.00        0.00
6329           32002           82          0             0.36		0.36	 0.36      1.0          0.00        0.00
6329           32002           83          0             0.36		0.36	 0.36      1.0          0.00        0.00
6329           32002           84          0             0.36		0.36	 0.36      1.0          0.00        0.00
6329           32002           85          0             0.36		0.36	 0.36      1.0          0.00        0.00
6329           32002           86          0             0.36		0.36	 0.36      1.0          0.00        0.00
6329           32002           87          0             0.36		0.36	 0.36      1.0          0.00        0.00
6329           32002           88          0             0.36		0.36	 0.36      1.0          0.00        0.00
6329           32002           89          0             0.36		0.36	 0.36      1.0          0.00        0.00
6329           32002           90          0             0.36		0.36	 0.36      1.0          0.00        0.00
6329           32002           91          0             0.36		0.36	 0.36      1.0          0.00        0.00
6329           32002           92          0             0.36		0.36	 0.36      1.0          0.00        0.00
6329           32002           93          0             0.36		0.36	 0.36      1.0          0.00        0.00
6329           32002           94          0             0.36		0.36	 0.36      1.0          0.00        0.00
6329           32002           95          0             0.36		0.36	 0.36      1.0          0.00        0.00
6329           32002           96          0             0.36		0.36	 0.36      1.0          0.00        0.00
6329           32002           97          0             0.36		0.36	 0.36      1.0          0.00        0.00
6329           32002           98          0             0.36		0.36	 0.36      1.0          0.00        0.00
6329           32002           99          0             0.36		0.36	 0.36      1.0          0.00        0.00
6329           32002           100         0             0.36		0.36	 0.36      1.0          0.00        0.00
6329           32002           101         0             0.36		0.36	 0.36      1.0          0.00        0.00
6329           32002           102         0             0.36		0.36	 0.36      1.0          0.00        0.00
6329           32002           103         0             0.36		0.36	 0.36      1.0          0.00        0.00
6329           32002           104         0             0.36		0.36	 0.36      1.0          0.00        0.00
6329           32002           105         0             0.36		0.36	 0.36      1.0          0.00        0.00
6329           32002           106         0             0.36		0.36	 0.36      1.0          0.00        0.00
//Cape Holy
6330           32003           0           0             0.98		0.8	 0.31	   1.0          0.00        0.00
6330           32002           1           0             0.36		0.36	 0.36      1.0          0.00        0.00
6330           32002           2           0             0.36		0.36	 0.36      1.0          0.00        0.00
6330           32002           3           0             0.36		0.36	 0.36      1.0          0.00        0.00
6330           32002           4           0             0.36		0.36	 0.36      1.0          0.00        0.00
6330           32002           5           0             0.36		0.36	 0.36      1.0          0.00        0.00
6330           32002           6           0             0.36		0.36	 0.36      1.0          0.00        0.00
6330           32002           7           0             0.36		0.36	 0.36      1.0          0.00        0.00
6330           32002           8           0             0.36		0.36	 0.36      1.0          0.00        0.00
6330           32002           10          0             0.36		0.36	 0.36      1.0          0.00        0.00
6330           32002           11          0             0.36		0.36	 0.36      1.0          0.00        0.00
6330           32002           12          0             0.36		0.36	 0.36      1.0          0.00        0.00
6330           32002           15          0             0.36		0.36	 0.36      1.0          0.00        0.00
6330           32002           18          0             0.36		0.36	 0.36      1.0          0.00        0.00
6330           32002           20          0             0.36		0.36	 0.36      1.0          0.00        0.00
6330           32002           23          0             0.36		0.36	 0.36      1.0          0.00        0.00
6330           32002           24          0             0.36		0.36	 0.36      1.0          0.00        0.00
6330           32002           45          0             0.36		0.36	 0.36      1.0          0.00        0.00
6330           32002           47          0             0.36		0.36	 0.36      1.0          0.00        0.00
//Wing Zeus
6327		32002		  11		    0		 	   0.56		0.56	 0.56	    1.5         0.0	   		0.0 
6327		32002		  12		    0		 	   0.56		0.56	 0.56	    1.5         0.0	   		0.0 
6327		32002		  13		    0		 	   0.09		0.37	 0.58	    1.5         0.0	   		0.0 
6327		32002		  14		    0		 	   0.09		0.37	 0.58	    1.5         0.0	   		0.0 
6327		32002		  15		    0		 	   0.09		0.37	 0.58	    1.5         0.0	   		0.0 
6327		32002		  16		    0		 	   0.09		0.37	 0.58	    1.5         0.0	   		0.0 
6327		32002		  17		    0		 	   0.09		0.37	 0.58	    1.5         0.0	   		0.0 
6327		32002		  18		    0		 	   0.09		0.37	 0.58	    1.5         0.0	   		0.0 
6327		32002		  19		    0		 	   0.09		0.37	 0.58	    1.5         0.0	   		0.0 
6327		32002		  20		    0		 	   0.09		0.37	 0.58	    1.5         0.0	   		0.0 
6327		32002		  21		    0		 	   0.09		0.37	 0.58	    1.5         0.0	   		0.0 
6327		32002		  22		    0		 	   0.09		0.37	 0.58	    1.5         0.0	   		0.0 
6327		32002		  23		    0		 	   0.56		0.56	 0.56	    1.5         0.0	   		0.0 
6327		32002		  24		    0		 	   0.56		0.56	 0.56	    1.5         0.0	   		0.0 
6327		32002		  25		    0		 	   0.09		0.37	 0.58	    1.5         0.0	   		0.0 
6327		32002		  26		    0		 	   0.09		0.37	 0.58	    1.5         0.0	   		0.0 
6327		32002		  27		    0		 	   0.09		0.37	 0.58	    1.5         0.0	   		0.0 
6327		32002		  28		    0		 	   0.09		0.37	 0.58	    1.5         0.0	   		0.0 
6327		32002		  29		    0		 	   0.09		0.37	 0.58	    1.5         0.0	   		0.0 
6327		32002		  30		    0		 	   0.09		0.37	 0.58	    1.5         0.0	   		0.0 
6327		32002		  31		    0		 	   0.09		0.37	 0.58	    1.5         0.0	   		0.0 
6327		32002		  32		    0		 	   0.09		0.37	 0.58	    1.5         0.0	   		0.0 
6327		32002		  33		    0		 	   0.09		0.37	 0.58	    1.5         0.0	   		0.0 
6327		32002		  34		    0		 	   0.09		0.37	 0.58	    1.5         0.0	   		0.0 
6327		32002		  35		    0		 	   0.09		0.37	 0.58	    1.5         0.0	   		0.0 
6327		32002		  36		    0		 	   0.09		0.37	 0.58	    1.5         0.0	   		0.0 
//Cape Zeus
6328           32003           0           0             0.09		0.37	 0.58	   0.7          0.00        0.00
6328           32002           1           0             0.09		0.37	 0.58      0.7          0.00        0.00
6328           32002           2           0             0.09		0.37	 0.58      0.7          0.00        0.00
6328           32002           3           0             0.09		0.37	 0.58      0.7          0.00        0.00
6328           32002           4           0             0.09		0.37	 0.58      0.7          0.00        0.00
6328           32002           5           0             0.09		0.37	 0.58      0.7          0.00        0.00
6328           32002           6           0             0.09		0.37	 0.58      0.7          0.00        0.00
6328           32002           7           0             0.09		0.37	 0.58      0.7          0.00        0.00
6328           32002           8           0             0.09		0.37	 0.58      0.7          0.00        0.00
6328           32002           10          0             0.09		0.37	 0.58      0.7          0.00        0.00
6328           32002           11          0             0.09		0.37	 0.58      0.7          0.00        0.00
6328           32002           12          0             0.09		0.37	 0.58      0.7          0.00        0.00
6328           32002           15          0             0.09		0.37	 0.58      0.7          0.00        0.00
6328           32002           18          0             0.09		0.37	 0.58      0.7          0.00        0.00
6328           32002           20          0             0.09		0.37	 0.58      0.7          0.00        0.00
6328           32002           23          0             0.09		0.37	 0.58      0.7          0.00        0.00
6328           32002           24          0             0.09		0.37	 0.58      0.7          0.00        0.00
6328           32002           45          0             0.09		0.37	 0.58      0.7          0.00        0.00
6328           32002           47          0             0.09		0.37	 0.58      0.7          0.00        0.00
//Mace Zeus
1072           32003           1           0             0.09		0.37	 0.58      0.7          0.00        0.00
1072           32003           2           0             0.09		0.37	 0.58      0.7          0.00        0.00
1072           32003           3           0             0.09		0.37	 0.58      0.7          0.00        0.00
1072           32003           4           0             0.09		0.37	 0.58      0.7          0.00        0.00
1072           32003           5           0             0.09		0.37	 0.58      0.7          0.00        0.00
1072           32003           6           0             0.09		0.37	 0.58      0.7          0.00        0.00
1072           32003           7           0             0.09		0.37	 0.58      0.7          0.00        0.00
1072           32003           8           0             0.09		0.37	 0.58      0.7          0.00        0.00
1072           32003           9           0             0.09		0.37	 0.58      0.7          0.00        0.00
1072           32003           10          0             0.09		0.37	 0.58      0.7          0.00        0.00
1072           32003           11          0             0.09		0.37	 0.58      0.7          0.00        0.00
1072           32003           12          0             0.09		0.37	 0.58      0.7          0.00        0.00
1072           32003           13          0             0.09		0.37	 0.58      0.7          0.00        0.00
1072           32003           14          0             0.09		0.37	 0.58      0.7          0.00        0.00
1072           32003           15          0             0.09		0.37	 0.58      0.7          0.00        0.00
1072           32003           16          0             0.09		0.37	 0.58      0.7          0.00        0.00
//Shield Zeus
3126           32003           1           0             0.09		0.37	 0.58      0.7          0.00        0.00
3126           32003           2           0             0.09		0.37	 0.58      0.7          0.00        0.00
3126           32003           3           0             0.09		0.37	 0.58      0.7          0.00        0.00
3126           32003           4           0             0.09		0.37	 0.58      0.7          0.00        0.00
3126           32003           5           0             0.09		0.37	 0.58      0.7          0.00        0.00
3126           32003           6           0             0.09		0.37	 0.58      0.7          0.00        0.00
3126           32003           7           0             0.09		0.37	 0.58      0.7          0.00        0.00
3126           32003           8           0             0.09		0.37	 0.58      0.7          0.00        0.00
3126           32003           9           0             0.09		0.37	 0.58      0.7          0.00        0.00
3126           32003           10          0             0.09		0.37	 0.58      0.7          0.00        0.00
3126           32003           11          0             0.09		0.37	 0.58      0.7          0.00        0.00
3126           32003           12          0             0.09		0.37	 0.58      0.7          0.00        0.00
3126           32003           13          0             0.09		0.37	 0.58      0.7          0.00        0.00
3126           32003           14          0             0.09		0.37	 0.58      0.7          0.00        0.00
3126           32003           15          0             0.09		0.37	 0.58      0.7          0.00        0.00
3126           32003           16          0             0.09		0.37	 0.58      0.7          0.00        0.00
3126           32003           17          0             0.09		0.37	 0.58      0.7          0.00        0.00
3126           32003           18          0             0.09		0.37	 0.58      0.7          0.00        0.00
3126           32003           19          0             0.09		0.37	 0.58      0.7          0.00        0.00
3126           32003           20          0             0.09		0.37	 0.58      0.7          0.00        0.00
3126           32003           21          0             0.09		0.37	 0.58      0.7          0.00        0.00
3126           32003           22          0             0.09		0.37	 0.58      0.7          0.00        0.00
3126           32003           23          0             0.09		0.37	 0.58      0.7          0.00        0.00
3126           32003           24          0             0.09		0.37	 0.58      0.7          0.00        0.00
3126           32003           25          0             0.09		0.37	 0.58      0.7          0.00        0.00
3126           32003           26          0             0.09		0.37	 0.58      0.7          0.00        0.00
3126           32003           27          0             0.09		0.37	 0.58      0.7          0.00        0.00
//Satff Zeus
2626           32003           1           0             0.09		0.37	 0.58      0.7          0.00        0.00
2626           32003           2           0             0.09		0.37	 0.58      0.7          0.00        0.00
2626           32003           3           0             0.09		0.37	 0.58      0.7          0.00        0.00
2626           32003           4           0             0.09		0.37	 0.58      0.7          0.00        0.00
2626           32003           5           0             0.09		0.37	 0.58      0.7          0.00        0.00
2626           32003           6           0             0.09		0.37	 0.58      0.7          0.00        0.00
2626           32003           7           0             0.09		0.37	 0.58      0.7          0.00        0.00
2626           32003           8           0             0.09		0.37	 0.58      0.7          0.00        0.00
2626           32003           9           0             0.09		0.37	 0.58      0.7          0.00        0.00
2626           32003           10          0             0.09		0.37	 0.58      0.7          0.00        0.00
2626           32003           11          0             0.09		0.37	 0.58      0.7          0.00        0.00
2626           32003           12          0             0.09		0.37	 0.58      0.7          0.00        0.00
2626           32003           13          0             0.09		0.37	 0.58      0.7          0.00        0.00
//Sword Zeus
83           32003           1           0             0.09		0.37	 0.58      0.7          0.00        0.00
83           32003           2           0             0.09		0.37	 0.58      0.7          0.00        0.00
83           32003           3           0             0.09		0.37	 0.58      0.7          0.00        0.00
83           32003           4           0             0.09		0.37	 0.58      0.7          0.00        0.00
83           32003           5           0             0.09		0.37	 0.58      0.7          0.00        0.00
83           32003           6           0             0.09		0.37	 0.58      0.7          0.00        0.00
83           32003           7           0             0.09		0.37	 0.58      0.7          0.00        0.00
83           32003           8           0             0.09		0.37	 0.58      0.7          0.00        0.00
83           32003           9           0             0.09		0.37	 0.58      0.7          0.00        0.00
83           32003           10          0             0.09		0.37	 0.58      0.7          0.00        0.00
83           32003           11          0             0.09		0.37	 0.58      0.7          0.00        0.00
83           32003           12          0             0.09		0.37	 0.58      0.7          0.00        0.00
83           32003           13          0             0.09		0.37	 0.58      0.7          0.00        0.00
83           32003           14          0             0.09		0.37	 0.58      0.7          0.00        0.00
83           32003           15          0             0.09		0.37	 0.58      0.7          0.00        0.00
//Wing Of Zeus 1.0
6439           32002           11          0             0.41		0.6	 0.83      1.0          0.0         0.0
6439           32002           12          0             0.41		0.6	 0.83      1.0          0.0         0.0
6439           32002           13          0             0.41		0.6	 0.83      1.0          0.0         0.0
6439           32002           14          0             0.41		0.6	 0.83      1.0          0.0         0.0
6439           32002           15          0             0.41		0.6	 0.83      1.0          0.0         0.0
6439           32002           16          0             0.41		0.6	 0.83      1.0          0.0         0.0
6439           32002           17          0             0.41		0.6	 0.83      1.0          0.0         0.0
6439           32002           18          0             0.41		0.6	 0.83      1.0          0.0         0.0
6439           32002           19          0             0.41		0.6	 0.83      1.0          0.0         0.0
6439           32002           20          0             0.41		0.6	 0.83      1.0          0.0         0.0
6439           32002           21          0             0.41		0.6	 0.83      1.0          0.0         0.0
6439           32002           22          0             0.41		0.6	 0.83      1.0          0.0         0.0
6439           32002           23          0             0.41		0.6	 0.83      1.0          0.0         0.0
6439           32002           24          0             0.41		0.6	 0.83      1.0          0.0         0.0
6439           32002           25          0             0.41		0.6	 0.83      1.0          0.0         0.0
6439           32002           26          0             0.41		0.6	 0.83      1.0          0.0         0.0
6439           32002           27          0             0.41		0.6	 0.83      1.0          0.0         0.0
6439           32002           28          0             0.41		0.6	 0.83      1.0          0.0         0.0
6439           32002           29          0             0.41		0.6	 0.83      1.0          0.0         0.0
6439           32002           30          0             0.41		0.6	 0.83      1.0          0.0         0.0
6439           32002           31          0             0.41		0.6	 0.83      1.0          0.0         0.0
6439           32002           32          0             0.41		0.6	 0.83      1.0          0.0         0.0
6439           32002           33          0             0.41		0.6	 0.83      1.0          0.0         0.0
6439           32002           34          0             0.41		0.6	 0.83      1.0          0.0         0.0
6439           32002           35          0             0.41		0.6	 0.83      1.0          0.0         0.0
6439           32002           36          0             0.41		0.6	 0.83      1.0          0.0         0.0
6439           32002           37          0             0.41		0.6	 0.83      1.0          0.0         0.0
6439           32002           38          0             0.41		0.6	 0.83      1.0          0.0         0.0
6439           32002           39          0             0.41		0.6	 0.83      1.0          0.0         0.0
6439           32002           40          0             0.41		0.6	 0.83      1.0          0.0         0.0
6439           32002           41          0             0.41		0.6	 0.83      1.0          0.0         0.0
6439           32002           42          0             0.41		0.6	 0.83      1.0          0.0         0.0
6439           32002           43          0             0.41		0.6	 0.83      1.0          0.0         0.0
6439           32002           44          0             0.41		0.6	 0.83      1.0          0.0         0.0
6439           32002           45          0             0.41		0.6	 0.83      1.0          0.0         0.0
6439           32002           46          0             0.41		0.6	 0.83      1.0          0.0         0.0
6439           32002           47          0             0.41		0.6	 0.83      1.0          0.0         0.0
6439           32002           48          0             0.41		0.6	 0.83      1.0          0.0         0.0
6439           32002           49          0             0.41		0.6	 0.83      1.0          0.0         0.0
6439           32002           50          0             0.41		0.6	 0.83      1.0          0.0         0.0
6439           32002           51          0             0.41		0.6	 0.83      1.0          0.0         0.0
6439           32002           52          0             0.41		0.6	 0.83      1.0          0.0         0.0
6439           32002           53          0             0.41		0.6	 0.83      1.0          0.0         0.0
6439           32002           54          0             0.41		0.6	 0.83      1.0          0.0         0.0
6439           32002           55          0             0.41		0.6	 0.83      1.0          0.0         0.0
6439           32002           56          0             0.41		0.6	 0.83      1.0          0.0         0.0
6439           32002           57          0             0.41		0.6	 0.83      1.0          0.0         0.0
6439           32002           58          0             0.41		0.6	 0.83      1.0          0.0         0.0
6439           32002           59          0             0.41		0.6	 0.83      1.0          0.0         0.0
6439           32002           60          0             0.41		0.6	 0.83      1.0          0.0         0.0
6439           32002           61          0             0.41		0.6	 0.83      1.0          0.0         0.0
6439           32002           62          0             0.41		0.6	 0.83      1.0          0.0         0.0
6439           32002           63          0             0.41		0.6	 0.83      1.0          0.0         0.0
6439           32002           64          0             0.41		0.6	 0.83      1.0          0.0         0.0
6439           32002           65          0             0.41		0.6	 0.83      1.0          0.0         0.0
6439           32002           66          0             0.41		0.6	 0.83      1.0          0.0         0.0
6439           32002           67          0             0.41		0.6	 0.83      1.0          0.0         0.0
6439           32002           68          0             0.41		0.6	 0.83      1.0          0.0         0.0
6439           32002           69          0             0.41		0.6	 0.83      1.0          0.0         0.0
6439           32002           70          0             0.41		0.6	 0.83      1.0          0.0         0.0
6439           32002           71          0             0.41		0.6	 0.83      1.0          0.0         0.0
6439           32002           72          0             0.41		0.6	 0.83      1.0          0.0         0.0
6439           32002           73          0             0.41		0.6	 0.83      1.0          0.0         0.0
6439           32002           74          0             0.41		0.6	 0.83      1.0          0.0         0.0
6439           32002           75          0             0.41		0.6	 0.83      1.0          0.0         0.0
6439           32002           76          0             0.41		0.6	 0.83      1.0          0.0         0.0
6439           32002           77          0             0.41		0.6	 0.83      1.0          0.0         0.0
6439           32002           78          0             0.41		0.6	 0.83      1.0          0.0         0.0
6439           32002           79          0             0.41		0.6	 0.83      1.0          0.0         0.0
6439           32002           80          0             0.41		0.6	 0.83      1.0          0.0         0.0
6439           32002           81          0             0.41		0.6	 0.83      1.0          0.0         0.0
6439           32002           82          0             0.41		0.6	 0.83      1.0          0.0         0.0
6439           32002           83          0             0.41		0.6	 0.83      1.0          0.0         0.0
6439           32002           84          0             0.41		0.6	 0.83      1.0          0.0         0.0
6439           32002           85          0             0.41		0.6	 0.83      1.0          0.0         0.0
6439           32002           86          0             0.41		0.6	 0.83      1.0          0.0         0.0
6439           32002           87          0             0.41		0.6	 0.83      1.0          0.0         0.0
6439           32002           88          0             0.41		0.6	 0.83      1.0          0.0         0.0
6439           32002           89          0             0.41		0.6	 0.83      1.0          0.0         0.0
6439           32002           90          0             0.41		0.6	 0.83      1.0          0.0         0.0
6439           32002           91          0             0.41		0.6	 0.83      1.0          0.0         0.0
6439           32002           92          0             0.41		0.6	 0.83      1.0          0.0         0.0
6439           32002           93          0             0.41		0.6	 0.83      1.0          0.0         0.0
6439           32002           94          0             0.41		0.6	 0.83      1.0          0.0         0.0
6439           32002           95          0             0.41		0.6	 0.83      1.0          0.0         0.0
6439           32002           96          0             0.41		0.6	 0.83      1.0          0.0         0.0
6439           32002           97          0             0.41		0.6	 0.83      1.0          0.0         0.0
6439           32002           98          0             0.41		0.6	 0.83      1.0          0.0         0.0
6439           32002           99          0             0.41		0.6	 0.83      1.0          0.0         0.0
6439           32002           100         0             0.41		0.6	 0.83      1.0          0.0         0.0
6439           32002           101         0             0.41		0.6	 0.83      1.0          0.0         0.0
6439           32002           102         0             0.41		0.6	 0.83      1.0          0.0         0.0
6439           32002           103         0             0.41		0.6	 0.83      1.0          0.0         0.0
6439           32002           104         0             0.41		0.6	 0.83      1.0          0.0         0.0
6439           32002           105         0             0.41		0.6	 0.83      1.0          0.0         0.0
6439           32002           106         0             0.41		0.6	 0.83      1.0          0.0         0.0
6439           32002           107         0             0.41		0.6	 0.83      1.0          0.0         0.0
6439           32002           108         0             0.41		0.6	 0.83      1.0          0.0         0.0
6439           32002           109         0             0.41		0.6	 0.83      1.0          0.0         0.0
6439           32002           110         0             0.41		0.6	 0.83      1.0          0.0         0.0
6439           32002           111         0             0.41		0.6	 0.83      1.0          0.0         0.0
6439           32002           112         0             0.41		0.6	 0.83      1.0          0.0         0.0
6439           32002           113         0             0.41		0.6	 0.83      1.0          0.0         0.0
6439           32002           114         0             0.41		0.6	 0.83      1.0          0.0         0.0
6439           32002           115         0             0.41		0.6	 0.83      1.0          0.0         0.0
6439           32002           116         0             0.41		0.6	 0.83      1.0          0.0         0.0
6439           32002           117         0             0.41		0.6	 0.83      1.0          0.0         0.0
6439           32002           118         0             0.41		0.6	 0.83      1.0          0.0         0.0
6439           32002           119         0             0.41		0.6	 0.83      1.0          0.0         0.0
6439           32002           120         0             0.41		0.6	 0.83      1.0          0.0         0.0
6439           32002           121         0             0.41		0.6	 0.83      1.0          0.0         0.0
6439           32002           122         0             0.41		0.6	 0.83      1.0          0.0         0.0
6439           32002           123         0             0.41		0.6	 0.83      1.0          0.0         0.0
6439           32002           127         0             0.41		0.6	 0.83      1.0          0.0         0.0
6439           32002           128         0             0.41		0.6	 0.83      1.0          0.0         0.0
6439           32002           129         0             0.41		0.6	 0.83      1.0          0.0         0.0
6439           32002           130         0             0.41		0.6	 0.83      1.0          0.0         0.0
6439           32002           131         0             0.41		0.6	 0.83      1.0          0.0         0.0
6439           32002           132         0             0.41		0.6	 0.83      1.0          0.0         0.0
6439           32002           133         0             0.41		0.6	 0.83      1.0          0.0         0.0
6439           32002           134         0             0.41		0.6	 0.83      1.0          0.0         0.0
6439           32002           135         0             0.41		0.6	 0.83      1.0          0.0         0.0
6439           32002           136         0             0.41		0.6	 0.83      1.0          0.0         0.0
6439           32002           137         0             0.41		0.6	 0.83      1.0          0.0         0.0
6439           32002           138         0             0.41		0.6	 0.83      1.0          0.0         0.0
6439           32002           139         0             0.41		0.6	 0.83      1.0          0.0         0.0
6439           32002           140         0             0.41		0.6	 0.83      1.0          0.0         0.0
6439           32002           141         0             0.41		0.6	 0.83      1.0          0.0         0.0
6439           32002           142         0             0.41		0.6	 0.83      1.0          0.0         0.0
6439           32002           143         0             0.41		0.6	 0.83      1.0          0.0         0.0
6439           32002           144         0             0.41		0.6	 0.83      1.0          0.0         0.0
6439           32002           145         0             0.41		0.6	 0.83      1.0          0.0         0.0
6439           32002           146         0             0.41		0.6	 0.83      1.0          0.0         0.0
6439           32002           147         0             0.41		0.6	 0.83      1.0          0.0         0.0
6439           32002           148         0             0.41		0.6	 0.83      1.0          0.0         0.0
6439           32002           149         0             0.41		0.6	 0.83      1.0          0.0         0.0
6439           32002           150         0             0.41		0.6	 0.83      1.0          0.0         0.0
6439           32002           151         0             0.41		0.6	 0.83      1.0          0.0         0.0
6439           32002           152         0             0.41		0.6	 0.83      1.0          0.0         0.0
6439           32002           153         0             0.41		0.6	 0.83      1.0          0.0         0.0
6439           32002           157         0             0.41		0.6	 0.83      1.0          0.0         0.0
6439           32002           158         0             0.41		0.6	 0.83      1.0          0.0         0.0
6439           32002           159         0             0.41		0.6	 0.83      1.0          0.0         0.0
6439           32002           160         0             0.41		0.6	 0.83      1.0          0.0         0.0
//Wing Fire King 2.0
6333           32002           11          0             0.82		0.09	 0.0         1.0          0.0         0.0
6333           32002           12          0             0.82		0.09	 0.0         1.0          0.0         0.0
6333           32002           13          0             0.82		0.09	 0.0         1.0          0.0         0.0
6333           32002           14          0             0.82		0.09	 0.0         1.0          0.0         0.0
6333           32002           15          0             0.82		0.09	 0.0         1.0          0.0         0.0
6333           32002           16          0             0.82		0.09	 0.0         1.0          0.0         0.0
6333           32002           17          0             0.82		0.09	 0.0         1.0          0.0         0.0
6333           32002           18          0             0.82		0.09	 0.0         1.0          0.0         0.0
6333           32002           19          0             0.82		0.09	 0.0         1.0          0.0         0.0
6333           32002           20          0             0.82		0.09	 0.0         1.0          0.0         0.0
6333           32002           21          0             0.82		0.09	 0.0         1.0          0.0         0.0
6333           32002           22          0             0.82		0.09	 0.0         1.0          0.0         0.0
6333           32002           23          0             0.82		0.09	 0.0         1.0          0.0         0.0
6333           32002           24          0             0.82		0.09	 0.0         1.0          0.0         0.0
6333           32002           25          0             0.82		0.09	 0.0         1.0          0.0         0.0
6333           32002           26          0             0.82		0.09	 0.0         1.0          0.0         0.0
6333           32002           27          0             0.82		0.09	 0.0         1.0          0.0         0.0
6333           32002           28          0             0.82		0.09	 0.0         1.0          0.0         0.0
6333           32002           29          0             0.82		0.09	 0.0         1.0          0.0         0.0
6333           32002           30          0             0.82		0.09	 0.0         1.0          0.0         0.0
6333           32002           31          0             0.82		0.09	 0.0         1.0          0.0         0.0
6333           32002           32          0             0.82		0.09	 0.0         1.0          0.0         0.0
6333           32002           33          0             0.82		0.09	 0.0         1.0          0.0         0.0
6333           32002           34          0             0.82		0.09	 0.0         1.0          0.0         0.0
6333           32002           35          0             0.82		0.09	 0.0         1.0          0.0         0.0
6333           32002           36          0             0.82		0.09	 0.0         1.0          0.0         0.0
6333           32002           37          0             0.82		0.09	 0.0         1.0          0.0         0.0
6333           32002           38          0             0.82		0.09	 0.0         1.0          0.0         0.0
6333           32002           39          0             0.82		0.09	 0.0         1.0          0.0         0.0
6333           32002           40          0             0.82		0.09	 0.0         1.0          0.0         0.0
6333           32002           41          0             0.82		0.09	 0.0         1.0          0.0         0.0
6333           32002           42          0             0.82		0.09	 0.0         1.0          0.0         0.0
6333           32002           43          0             0.82		0.09	 0.0         1.0          0.0         0.0
6333           32002           44          0             0.82		0.09	 0.0         1.0          0.0         0.0
6333           32002           45          0             0.82		0.09	 0.0         1.0          0.0         0.0
//cloack Fire King 2.0
6334		32002		  07 			0		       0.98     0.39     0.16		0.5			0.0 		0.5
6334		32002		  08 			0		       0.98     0.39     0.16		0.5			0.0 		0.5
6334		32002		  09 			0		       0.98     0.39     0.16		0.5			0.0 		0.5
6334		32002		  10 			0		       0.98     0.39     0.16		0.5			0.0 		0.5
6334		32002		  11 			0		       0.98     0.39     0.16		0.5			0.0 		0.5
6334		32002		  12 			0		       0.98     0.39     0.16		0.5			0.0 		0.5
6334		32002		  13 			0		       0.98     0.39     0.16		0.5			0.0 		0.5
6334		32002		  14 			0		       0.98     0.39     0.16		0.5			0.0 		0.5
6334		32002		  15 			0		       0.98     0.39     0.16		0.5			0.0 		0.5
6334		32002		  16 			0		       0.98     0.39     0.16		0.5			0.0 		0.5
6334		32002		  17 			0		       0.98     0.39     0.16		0.5			0.0 		0.5
6334		32002		  18 			0		       0.98     0.39     0.16		0.5			0.0 		0.5
6334		32002		  19 			0		       0.98     0.39     0.16		0.5			0.0 		0.5
6334		32002		  20 			0		       0.98     0.39     0.16		0.5			0.0 		0.5
6334		32002		  21 			0		       0.98     0.39     0.16		0.5			0.0 		0.5
6334		32002		  22 			0		       0.98     0.39     0.16		0.5			0.0 		0.5
6334		32002		  23 			0		       0.98     0.39     0.16		0.5			0.0 		0.5
//Wing Fire Gren
6335        32002         11            0             0.04     0.94      0.15     1.0         0.0         0.0
6335        32002         12            0             0.04     0.94      0.15     1.0         0.0         0.0
6335        32002         13            0             0.04     0.94      0.15     1.0         0.0         0.0
6335        32002         14            0             0.04     0.94      0.15     1.0         0.0         0.0
6335        32002         15            0             0.04     0.94      0.15     1.0         0.0         0.0
6335        32002         16            0             0.04     0.94      0.15     1.0         0.0         0.0
6335        32002         17            0             0.04     0.94      0.15     1.0         0.0         0.0
6335        32002         18            0             0.04     0.94      0.15     1.0         0.0         0.0
6335        32002         19            0             0.04     0.94      0.15     1.0         0.0         0.0
6335        32002         20            0             0.04     0.94      0.15     1.0         0.0         0.0
6335        32002         21            0             0.04     0.94      0.15     1.0         0.0         0.0
6335        32002         22            0             0.04     0.94      0.15     1.0         0.0         0.0
6335        32002         23            0             0.04     0.94      0.15     1.0         0.0         0.0
6335        32002         24            0             0.04     0.94      0.15     1.0         0.0         0.0
6335        32002         25            0             0.04     0.94      0.15     1.0         0.0         0.0
6335        32002         26            0             0.04     0.94      0.15     1.0         0.0         0.0
6335        32002         27            0             0.04     0.94      0.15     1.0         0.0         0.0
6335        32002         28            0             0.04     0.94      0.15     1.0         0.0         0.0
6335        32002         29            0             0.04     0.94      0.15     1.0         0.0         0.0
6335        32002         30            0             0.04     0.94      0.15     1.0         0.0         0.0
6335        32002         31            0             0.04     0.94      0.15     1.0         0.0         0.0
6335        32002         32            0             0.04     0.94      0.15     1.0         0.0         0.0
6335        32002         33            0             0.04     0.94      0.15     1.0         0.0         0.0
6335        32002         34            0             0.04     0.94      0.15     1.0         0.0         0.0
6335        32002         35            0             0.04     0.94      0.15     1.0         0.0         0.0
6335        32002         36            0             0.04     0.94      0.15     1.0         0.0         0.0
6335        32002         37            0             0.04     0.94      0.15     1.0         0.0         0.0
6335        32002         38            0             0.04     0.94      0.15     1.0         0.0         0.0
6335        32002         39            0             0.04     0.94      0.15     1.0         0.0         0.0
6335        32002         40            0             0.04     0.94      0.15     1.0         0.0         0.0
6335        32002         41            0             0.04     0.94      0.15     1.0         0.0         0.0
6335        32002         42            0             0.04     0.94      0.15     1.0         0.0         0.0
6335        32002         43            0             0.04     0.94      0.15     1.0         0.0         0.0
6335        32002         44            0             0.04     0.94      0.15     1.0         0.0         0.0
6335        32002         45            0             0.04     0.94      0.15     1.0         0.0         0.0
6335        32002         46            0             0.04     0.94      0.15     1.0         0.0         0.0
6335        32002         47            0             0.04     0.94      0.15     1.0         0.0         0.0
6335        32002         48            0             0.04     0.94      0.15     1.0         0.0         0.0
6335        32002         49            0             0.04     0.94      0.15     1.0         0.0         0.0
6335        32002         50            0             0.04     0.94      0.15     1.0         0.0         0.0
6335        32002         51            0             0.04     0.94      0.15     1.0         0.0         0.0
6335        32002         52            0             0.04     0.94      0.15     1.0         0.0         0.0
6335        32002         53            0             0.04     0.94      0.15     1.0         0.0         0.0
6335        32002         54            0             0.04     0.94      0.15     1.0         0.0         0.0
6335        32002         55            0             0.04     0.94      0.15     1.0         0.0         0.0
6335        32002         56            0             0.04     0.94      0.15     1.0         0.0         0.0
6335        32002         57            0             0.04     0.94      0.15     1.0         0.0         0.0
6335        32002         58            0             0.04     0.94      0.15     1.0         0.0         0.0
6335        32002         59            0             0.04     0.94      0.15     1.0         0.0         0.0
6335        32002         60            0             0.04     0.94      0.15     1.0         0.0         0.0
6335        32002         61            0             0.04     0.94      0.15     1.0         0.0         0.0
6335        32002         62            0             0.04     0.94      0.15     1.0         0.0         0.0
6335        32002         63            0             0.04     0.94      0.15     1.0         0.0         0.0
6335        32002         64            0             0.04     0.94      0.15     1.0         0.0         0.0
//Capa Fire Gren
6336        32002         12            0             0.04     0.94      0.15     0.7         0.0         0.0
6336        32002         13            0             0.04     0.94      0.15     0.7         0.0         0.0
6336        32002         14            0             0.04     0.94      0.15     0.7         0.0         0.0
6336        32002         15            0             0.04     0.94      0.15     0.7         0.0         0.0
6336        32002         16            0             0.04     0.94      0.15     0.7         0.0         0.0
6336        32002         17            0             0.04     0.94      0.15     0.4         0.0         0.0
6336        32002         18            0             0.04     0.94      0.15     0.4         0.0         0.0
6336        32002         19            0             0.04     0.94      0.15     0.4         0.0         0.0
6336        32002         20            0             0.04     0.94      0.15     0.4         0.0         0.0
6336        32002         21            0             0.04     0.94      0.15     0.4         0.0         0.0
6336        32002         22            0             0.04     0.94      0.15     0.4         0.0         0.0
6336        32002         23            0             0.04     0.94      0.15     0.4         0.0         0.0
6336        32002         24            0             0.04     0.94      0.15     0.4         0.0         0.0
6336        32002         25            0             0.04     0.94      0.15     0.4         0.0         0.0
6336        32002         26            0             0.04     0.94      0.15     0.4         0.0         0.0
6336        32002         27            0             0.04     0.94      0.15     0.4         0.0         0.0
6336        32002         28            0             0.04     0.94      0.15     0.4         0.0         0.0
6336        32002         29            0             0.04     0.94      0.15     0.4         0.0         0.0
6336        32002         30            0             0.04     0.94      0.15     0.4         0.0         0.0
6336        32002         31            0             0.04     0.94      0.15     0.4         0.0         0.0
6336        32002         32            0             0.04     0.94      0.15     0.4         0.0         0.0
6336        32002         33            0             0.04     0.94      0.15     0.4         0.0         0.0
6336        32002         34            0             0.04     0.94      0.15     0.4         0.0         0.0
6336        32002         35            0             0.04     0.94      0.15     0.4         0.0         0.0
6336        32002         36            0             0.04     0.94      0.15     0.4         0.0         0.0
6336        32002         37            0             0.04     0.94      0.15     0.4         0.0         0.0
6336        32002         38            0             0.04     0.94      0.15     0.4         0.0         0.0
//Sword Fire Gren
90		32002		  1		    0		 	   0.04     0.94      0.15	    0.7         0.0	   		0.0
90		32002		  2		    0		 	   0.04     0.94      0.15	    0.7         0.0	   		0.0
90		32002		  3		    0		 	   0.04     0.94      0.15	    0.7         0.0	   		0.0
90		32002		  4		    0		 	   0.04     0.94      0.15	    0.7         0.0	   		0.0
90		32002		  5		    0		 	   0.04     0.94      0.15	    0.7         0.0	   		0.0
90		32002		  6		    0		 	   0.04     0.94      0.15	    0.7         0.0	   		0.0
90		32002		  7		    0		 	   0.04     0.94      0.15	    0.7         0.0	   		0.0
90		32002		  8		    0		 	   0.04     0.94      0.15	    0.7         0.0	   		0.0
90		32002		  9		    0		 	   0.04     0.94      0.15	    0.7         0.0	   		0.0
90		32002		  10		    0		 	   0.04     0.94      0.15	    0.7         0.0	   		0.0
90		32002		  11		    0		 	   0.04     0.94      0.15	    0.7         0.0	   		0.0
90		32002		  12		    0		 	   0.04     0.94      0.15	    0.7         0.0	   		0.0
90		32002		  13		    0		 	   0.04     0.94      0.15	    0.7         0.0	   		0.0
90		32002		  14		    0		 	   0.04     0.94      0.15	    0.7         0.0	   		0.0
90		32002		  15		    0		 	   0.04     0.94      0.15	    0.7         0.0	   		0.0
90		32002		  16		    0		 	   0.04     0.94      0.15	    0.7         0.0	   		0.0
90		32002		  17		    0		 	   0.04     0.94      0.15	    0.7         0.0	   		0.0
90		32002		  18		    0		 	   0.04     0.94      0.15	    0.7         0.0	   		0.0
90		32002		  19		    0		 	   0.04     0.94      0.15	    0.7         0.0	   		0.0
//Scerpet  Fire Gren
1051		32002		  11     	    0		 	   0.04     0.94      0.15	    0.7         0.0	   		0.0
1051		32002		  12		    0		 	   0.04     0.94      0.15	    0.7         0.0	   		0.0
1051		32002		  13		    0		 	   0.04     0.94      0.15	    0.7         0.0	   		0.0
1051		32002		  14		    0		 	   0.04     0.94      0.15	    0.7         0.0	   		0.0
1051		32002		  15		    0		 	   0.04     0.94      0.15	    0.7         0.0	   		0.0
1051		32002		  16		    0		 	   0.04     0.94      0.15	    0.7         0.0	   		0.0
1051		32002		  17		    0		 	   0.04     0.94      0.15	    0.7         0.0	   		0.0
1051		32002		  18		    0		 	   0.04     0.94      0.15	    0.7         0.0	   		0.0
1051		32002		  19		    0		 	   0.04     0.94      0.15	    0.7         0.0	   		0.0
1051		32002		  20		    0		 	   0.04     0.94      0.15	    0.7         0.0	   		0.0
1051		32002		  21		    0		 	   0.04     0.94      0.15	    0.7         0.0	   		0.0
1051		32002		  22		    0		 	   0.04     0.94      0.15	    0.7         0.0	   		0.0
1051		32002		  23		    0		 	   0.04     0.94      0.15	    0.7         0.0	   		0.0
1051		32002		  24		    0		 	   0.04     0.94      0.15	    0.7         0.0	   		0.0
1051		32002		  25		    0		 	   0.04     0.94      0.15	    0.7         0.0	   		0.0
1051		32002		  26		    0		 	   0.04     0.94      0.15	    0.7         0.0	   		0.0
1051		32002		  27		    0		 	   0.04     0.94      0.15	    0.7         0.0	   		0.0
1051		32002		  28		    0		 	   0.04     0.94      0.15	    0.7         0.0	   		0.0
1051		32002		  29		    0		 	   0.04     0.94      0.15	    0.7         0.0	   		0.0
1051		32002		  30		    0		 	   0.04     0.94      0.15	    0.7         0.0	   		0.0
1051		32002		  31		    0		 	   0.04     0.94      0.15	    0.7         0.0	   		0.0
1051		32002		  32		    0		 	   0.04     0.94      0.15	    0.7         0.0	   		0.0
1051		32002		  33		    0		 	   0.04     0.94      0.15	    0.7         0.0	   		0.0
1051		32002		  34		    0		 	   0.04     0.94      0.15	    0.7         0.0	   		0.0
1051		32002		  35		    0		 	   0.04     0.94      0.15	    0.7         0.0	   		0.0
1051		32002		  36		    0		 	   0.04     0.94      0.15	    0.7         0.0	   		0.0
1051		32002		  37		    0		 	   0.04     0.94      0.15	    0.7         0.0	   		0.0
1051		32002		  38		    0		 	   0.04     0.94      0.15	    0.7         0.0	   		0.0
//Shield Fire Gren
3132		32002		  1		    0		 	   0.04     0.94      0.15	    0.7         0.0	   		0.0
3132		32002		  2		    0		 	   0.04     0.94      0.15	    0.7         0.0	   		0.0
3132		32002		  3		    0		 	   0.04     0.94      0.15	    0.7         0.0	   		0.0
3132		32002		  4		    0		 	   0.04     0.94      0.15	    0.7         0.0	   		0.0
3132		32002		  5		    0		 	   0.04     0.94      0.15	    0.7         0.0	   		0.0
3132		32002		  6		    0		 	   0.04     0.94      0.15	    0.7         0.0	   		0.0
3132		32002		  7		    0		 	   0.04     0.94      0.15	    0.7         0.0	   		0.0
3132		32002		  8		    0		 	   0.04     0.94      0.15	    0.7         0.0	   		0.0
3132		32002		  9		    0		 	   0.04     0.94      0.15	    0.7         0.0	   		0.0
3132		32002		  10		    0		 	   0.04     0.94      0.15	    0.7         0.0	   		0.0
3132		32002		  11		    0		 	   0.04     0.94      0.15	    0.7         0.0	   		0.0
3132		32002		  12		    0		 	   0.04     0.94      0.15	    0.7         0.0	   		0.0
3132		32002		  13		    0		 	   0.04     0.94      0.15	    0.7         0.0	   		0.0
3132		32002		  14		    0		 	   0.04     0.94      0.15	    0.7         0.0	   		0.0
3132		32002		  15		    0		 	   0.04     0.94      0.15	    0.7         0.0	   		0.0
3132		32002		  16		    0		 	   0.04     0.94      0.15	    0.7         0.0	   		0.0
3132		32002		  17		    0		 	   0.04     0.94      0.15	    0.7         0.0	   		0.0
3132		32002		  18		    0		 	   0.04     0.94      0.15	    0.7         0.0	   		0.0
3132		32002		  19		    0		 	   0.04     0.94      0.15	    0.7         0.0	   		0.0
3132		32002		  20		    0		 	   0.04     0.94      0.15	    0.7         0.0	   		0.0
3132		32002		  21		    0		 	   0.04     0.94      0.15	    0.7         0.0	   		0.0
//Sttaf Fire Gren
2613		32002		  1     	    0		 	   0.04     0.94      0.15	    0.7         0.0	   		0.0
2613		32002		  2		    0		 	   0.04     0.94      0.15	    0.7         0.0	   		0.0
2613		32002		  3		    0		 	   0.04     0.94      0.15	    0.7         0.0	   		0.0
2613		32002		  4		    0		 	   0.04     0.94      0.15	    0.7         0.0	   		0.0
2613		32002		  5		    0		 	   0.04     0.94      0.15	    0.7         0.0	   		0.0
2613		32002		  6		    0		 	   0.04     0.94      0.15	    0.7         0.0	   		0.0
2613		32002		  7		    0		 	   0.04     0.94      0.15	    0.7         0.0	   		0.0
2613		32002		  8		    0		 	   0.04     0.94      0.15	    0.7         0.0	   		0.0
2613		32002		  9		    0		 	   0.04     0.94      0.15	    0.7         0.0	   		0.0
2613		32002		  10		    0		 	   0.04     0.94      0.15	    0.7         0.0	   		0.0
2613		32002		  11		    0		 	   0.04     0.94      0.15	    0.7         0.0	   		0.0
2613		32002		  12		    0		 	   0.04     0.94      0.15	    0.7         0.0	   		0.0
2613		32002		  13		    0		 	   0.04     0.94      0.15	    0.7         0.0	   		0.0
2613		32002		  14		    0		 	   0.04     0.94      0.15	    0.7         0.0	   		0.0
//WING Fantasy
6337		32002         1              0             0.5       0.2      0.9      1.6       0.0         0.0
6337		32002         2              0             0.5       0.2      0.9      1.6       0.0         0.0
6337		32002         3              0             0.5       0.2      0.9      1.6       0.0         0.0
6337		32002         4              0             0.5       0.2      0.9      1.6       0.0         0.0
6337		32002         5              0             0.5       0.2      0.9      1.6       0.0         0.0
6337		32002         6              0             0.5       0.2      0.9      1.6       0.0         0.0
6337		32002         7              0             0.5       0.2      0.9      1.6       0.0         0.0
6337		32002         8              0             0.5       0.2      0.9      1.6       0.0         0.0
6337		32002         9              0             0.5       0.2      0.9      1.6       0.0         0.0
6337		32002         10             0             0.5       0.2      0.9      1.6       0.0         0.0
6337		32002         11             0             0.5       0.2      0.9      1.6       0.0         0.0
6337		32002         12             0             0.5       0.2      0.9      1.6       0.0         0.0
//SWORD Fantasy
91		32002         1             0              0.5       0.2      0.9      1.6       0.0         0.0
91		32002         2             0              0.5       0.2      0.9      1.6       0.0         0.0
91		32002         3             0              0.5       0.2      0.9      1.4       0.0         0.0
91		32002         4             0              0.5       0.2      0.9      1.4       0.0         0.0
//SHILD Fantasy
3133		32002         1             0              0.5       0.2      0.9      2.4       0.0         0.0
//MACE Fantasy 
1079		32002         1             0              0.5       0.2      0.9      1.6       0.0         0.0
1079		32002         2             0              0.5       0.2      0.9      1.6       0.0         0.0
//CAPA Fantasy
6338		32002         1             0              0.5       0.2      0.9      1.6       0.0         0.0
6338		32002         2             0              0.5       0.2      0.9      1.6       0.0         0.0
//Wing War of Conqueror
6293	      32380 		7	 		  0 			1.00     0.5     0.0	   0.5		   0.0		   0.0
6293	      32380 		15	 		  0 			1.00     0.5     0.0	   0.5		   0.0		   0.0
6293	      32380 		23	 		  0 			1.00     0.5     0.0	   0.6		   0.0		   0.0
6293	      32380 		24	 		  0 			1.00     0.5     0.0	   0.4		   0.0		   0.0
6293	      32380 		30	 		  0 			1.00     0.5     0.0	   0.5		   0.0		   0.0
6293	      32380 		38	 		  0 			1.00     0.5     0.0	   0.5		   0.0		   0.0
6293	      32380 		46	 		  0 			1.00     0.5     0.0	   0.6		   0.0		   0.0
6293	      32380 		47	 		  0 			1.00     0.5     0.0	   0.7		   0.0		   0.0
6293	      32380 		58	 		  0 			1.00     0.5     0.0	   0.5		   0.0		   0.0
6293	      32380 		51	 		  0 			1.00     0.5     0.0	   0.5		   0.0		   0.0
6293	      32380 		28	 		  0 			1.00     0.5     0.0	   0.7		   0.0		   0.0
6293	      32380 		37	 		  0 			1.00     0.5     0.0	   0.6		   0.0		   0.0
6293	      32380 		42	 		  0 			1.00     0.5     0.0	   0.6		   0.0		   0.0
6293	      32380 		05	 		  0 			1.00     0.5     0.0	   0.7		   0.0		   0.0
6293	      32380 		14	 		  0 			1.00     0.5     0.0	   0.6		   0.0		   0.0
6293	      32380 		19	 		  0 			1.00     0.5     0.0	   0.6		   0.0		   0.0
6293	      32380 		57	 		  0 			1.00     0.5     0.0	   0.7		   0.0		   0.0
6293	      32380 		60	 		  0 			1.00     0.5     0.0	   0.6		   0.0		   0.0
6293	      32380 		61	 		  0 			1.00     0.5     0.0	   0.6		   0.0		   0.0
6293	      32380 		50	 		  0 			1.00     0.5     0.0	   0.7		   0.0		   0.0
6293	      32380 		53	 		  0 			1.00     0.5     0.0	   0.6		   0.0		   0.0
6293	      32380 		54	 		  0 			1.00     0.5     0.0	   0.6		   0.0		   0.0
//Wing Eternal [Rose]
6383         32002         4        0      2.55     0.51     1.53     1.5         0.0      0.0
6383         32002         5        0      2.55     0.51     1.53     1.5         0.0      0.0
6383         32002         6        0      2.55     0.51     1.53     1.8         0.0      0.0
6383         32002         7        0      2.55     0.51     1.53     1.5         0.0      0.0
6383         32002         8        0      2.55     2.55     2.55     1.2         0.0      0.0
6383         32002         9        0      2.55     0.51     1.53     1.5         0.0      0.0
6383         32002         11        0      2.55     0.51     1.53     2.0         0.0      0.0
6383         32002         12        0      2.55     0.51     1.53     2.0         0.0      0.0
6383         32002         13        0      2.55     0.51     1.53     2.0         0.0      0.0
6383         32002         14        0      2.55     0.51     1.53     2.0         0.0      0.0
6383         32002         15        0      2.55     2.55     2.55     1.8         0.0      0.0
6383         32002         35        0      2.55     2.55     2.55     1.2         0.0      0.0
//6383         32002         37        0      2.55     0.51     1.53     0.8         0.0      0.0
6383         32002         38        0      2.55     0.51     1.53     0.8         0.0      0.0
6383         32002         43        0      2.55     0.51     1.53     0.8         0.0      0.0

6383         32002         20        0      2.55     0.51     1.53     1.5         0.0      0.0
6383         32002         21        0      2.55     0.51     1.53     1.5         0.0      0.0
6383         32002         22        0      2.55     0.51     1.53     1.8         0.0      0.0
6383         32002         23        0      2.55     0.51     1.53     1.5         0.0      0.0
6383         32002         24        0      2.55     2.55     2.55     1.2         0.0      0.0
6383         32002         25        0      2.55     0.51     1.53     1.5         0.0      0.0
6383         32002         27        0      2.55     0.51     1.53     1.5         0.0      0.0
6383         32002         28        0      2.55     0.51     1.53     2.0         0.0      0.0
6383         32002         30        0      2.55     0.51     1.53     2.0         0.0      0.0
6383         32002         31        0      2.55     2.55     2.55     1.8         0.0      0.0
6383         32002         32        0      2.55     0.51     1.53     2.0         0.0      0.0
6383         32002         53        0      2.55     2.55     2.55     1.2         0.0      0.0
//6383         32002         55        0      2.55     0.51     1.53     0.8         0.0      0.0
6383         32002         54        0      2.55     0.51     1.53     0.8         0.0      0.0
6383         32002         49        0      2.55     0.51     1.53     0.8         0.0      0.0
//Lança Steel 2.0
1082           32002           1           0             0.86	     0.74   0.41    0.5          0.0         0.0
1082           32002           2           0             0.86	     0.74   0.41    0.5          0.0         0.0
//Mace Steel 2.0
1081           32002           1           0             0.86	     0.74   0.41    0.5          0.0         0.0
1081           32002           2           0             0.86	     0.74   0.41    0.5          0.0         0.0
1081           32002           3           0             0.86	     0.74   0.41    0.5          0.0         0.0
1081           32002           4           0             0.86	     0.74   0.41    0.5          0.0         0.0
1081           32002           5           0             0.86	     0.74   0.41    0.5          0.0         0.0
1081           32002           6           0             0.86	     0.74   0.41    0.5          0.0         0.0
1081           32002           7           0             0.86	     0.74   0.41    0.5          0.0         0.0
1081           32002           8           0             0.86	     0.74   0.41    0.5          0.0         0.0
1081           32002           9           0             0.86	     0.74   0.41    0.5          0.0         0.0
1081           32002           10          0             0.86	     0.74   0.41    0.5          0.0         0.0
//Capa Of BoodRed 2022
6382           32002           1           0             0.23		0.01	 0.09      1.0          0.0         0.0
6382           32002           2           0             0.23		0.01	 0.09      1.0          0.0         0.0
6382           32002           3           0             0.23		0.01	 0.09      1.0          0.0         0.0
6382           32002           4           0             0.23		0.01	 0.09      1.0          0.0         0.0
6382           32002           5           0             0.23		0.01	 0.09      1.0          0.0         0.0
6382           32002           6           0             0.23		0.01	 0.09      1.0          0.0         0.0
6382           32002           7           0             0.23		0.01	 0.09      1.0          0.0         0.0
6382           32002           8           0             0.23		0.01	 0.09      1.0          0.0         0.0
6382           32002           9           0             0.23		0.01	 0.09      1.0          0.0         0.0
6382           32002           10          0             0.23		0.01	 0.09      1.0          0.0         0.0
6382           32002           11          0             0.23		0.01	 0.09      1.0          0.0         0.0
6382           32002           12          0             0.23		0.01	 0.09      1.0          0.0         0.0
6382           32002           13          0             0.23		0.01	 0.09      1.0          0.0         0.0
6382           32002           14          0             0.23		0.01	 0.09      1.0          0.0         0.0
6382           32002           15          0             0.23		0.01	 0.09      1.0          0.0         0.0
6382           32002           16          0             0.23		0.01	 0.09      1.0          0.0         0.0
6382           32002           17          0             0.23		0.01	 0.09      1.0          0.0         0.0
6382           32002           18          0             0.23		0.01	 0.09      1.0          0.0         0.0
6382           32002           19          0             0.23		0.01	 0.09      1.0          0.0         0.0
6382           32002           20          0             0.23		0.01	 0.09      1.0          0.0         0.0
6382           32002           21          0             0.23		0.01	 0.09      1.0          0.0         0.0
6382           32002           22          0             0.23		0.01	 0.09      1.0          0.0         0.0
6382           32002           23          0             0.23		0.01	 0.09      1.0          0.0         0.0
6382           32002           24          0             0.23		0.01	 0.09      1.0          0.0         0.0
//Capa Of BoodRed 2022
6381           32002           1           0             0.23		0.01	 0.09      1.0          0.0         0.0
6381           32002           2           0             0.23		0.01	 0.09      1.0          0.0         0.0
6381           32002           3           0             0.23		0.01	 0.09      1.0          0.0         0.0
6381           32002           4           0             0.23		0.01	 0.09      1.0          0.0         0.0
6381           32002           5           0             0.23		0.01	 0.09      1.0          0.0         0.0
6381           32002           6           0             0.23		0.01	 0.09      1.0          0.0         0.0
6381           32002           7           0             0.23		0.01	 0.09      1.0          0.0         0.0
6381           32002           8           0             0.23		0.01	 0.09      1.0          0.0         0.0
6381           32002           9           0             0.23		0.01	 0.09      1.0          0.0         0.0
6381           32002           10          0             0.23		0.01	 0.09      1.0          0.0         0.0
6381           32002           11          0             0.23		0.01	 0.09      1.0          0.0         0.0
6381           32002           12          0             0.23		0.01	 0.09      1.0          0.0         0.0
6381           32002           13          0             0.23		0.01	 0.09      1.0          0.0         0.0
6381           32002           14          0             0.23		0.01	 0.09      1.0          0.0         0.0
6381           32002           15          0             0.23		0.01	 0.09      1.0          0.0         0.0
6381           32002           16          0             0.23		0.01	 0.09      1.0          0.0         0.0
6381           32002           17          0             0.23		0.01	 0.09      1.0          0.0         0.0
6381           32002           18          0             0.23		0.01	 0.09      1.0          0.0         0.0
6381           32002           19          0             0.23		0.01	 0.09      1.0          0.0         0.0
6381           32002           20          0             0.23		0.01	 0.09      1.0          0.0         0.0
6381           32002           21          0             0.23		0.01	 0.09      1.0          0.0         0.0
6381           32002           22          0             0.23		0.01	 0.09      1.0          0.0         0.0
6381           32002           23          0             0.23		0.01	 0.09      1.0          0.0         0.0
6381           32002           24          0             0.23		0.01	 0.09      1.0          0.0         0.0
//Wing Blue White
6384           32003           1           0             0.01		0.55	 0.84      0.5          0.0         0.0
6384           32003           2           0             0.01		0.55	 0.84      0.5          0.0         0.0
6384           32003           3           0             0.01		0.55	 0.84      0.5          0.0         0.0
6384           32003           4           0             0.01		0.55	 0.84      0.5          0.0         0.0
6384           32003           5           0             0.01		0.55	 0.84      0.5          0.0         0.0
6384           32003           6           0             0.01		0.55	 0.84      0.5          0.0         0.0
6384           32003           7           0             0.01		0.55	 0.84      0.5          0.0         0.0
6384           32003           8           0             0.01		0.55	 0.84      0.5          0.0         0.0
6384           32003           9           0             0.01		0.55	 0.84      0.5          0.0         0.0
6384           32003           10          0             0.01		0.55	 0.84      0.5          0.0         0.0
6384           32003           11          0             0.01		0.55	 0.84      0.5          0.0         0.0
6384           32003           12          0             0.01		0.55	 0.84      0.5          0.0         0.0
6384           32003           13          0             0.01		0.55	 0.84      0.5          0.0         0.0
6384           32003           14          0             0.01		0.55	 0.84      0.5          0.0         0.0
6384           32003           15          0             0.01		0.55	 0.84      0.5          0.0         0.0
6384           32003           16          0             0.01		0.55	 0.84      0.5          0.0         0.0
6384           32003           17          0             0.01		0.55	 0.84      0.5          0.0         0.0
6384           32003           18          0             0.01		0.55	 0.84      0.5          0.0         0.0
6384           32003           19          0             0.01		0.55	 0.84      0.5          0.0         0.0
6384           32003           20          0             0.01		0.55	 0.84      0.5          0.0         0.0
6384           32003           21          0             0.01		0.55	 0.84      0.5          0.0         0.0
6384           32003           22          0             0.01		0.55	 0.84      0.5          0.0         0.0
6384           32003           23          0             0.01		0.55	 0.84      0.5          0.0         0.0
6384           32003           24          0             0.01		0.55	 0.84      0.5          0.0         0.0
6384           32003           25          0             0.01		0.55	 0.84      0.5          0.0         0.0
6384           32003           26          0             0.01		0.55	 0.84      0.5          0.0         0.0
6384           32003           27          0             0.01		0.55	 0.84      0.5          0.0         0.0
6384           32003           28          0             0.01		0.55	 0.84      0.5          0.0         0.0
6384           32003           29          0             0.01		0.55	 0.84      0.5          0.0         0.0
6384           32003           30          0             0.01		0.55	 0.84      0.5          0.0         0.0
6384           32003           31          0             0.01		0.55	 0.84      0.5          0.0         0.0
6384           32003           32          0             0.01		0.55	 0.84      0.5          0.0         0.0
6384           32003           33          0             0.01		0.55	 0.84      0.5          0.0         0.0
6384           32003           34          0             0.01		0.55	 0.84      0.5          0.0         0.0
6384           32003           35          0             0.01		0.55	 0.84      0.5          0.0         0.0
6384           32003           36          0             0.01		0.55	 0.84      0.5          0.0         0.0
6384           32003           37          0             0.01		0.55	 0.84      0.5          0.0         0.0
//Sword Of Blue White
94           32003           1           0             0.01		0.55	 0.84      0.5          0.0         0.0
94           32003           2           0             0.01		0.55	 0.84      0.5          0.0         0.0
94           32003           3           0             0.01		0.55	 0.84      0.5          0.0         0.0
94           32003           4           0             0.01		0.55	 0.84      0.5          0.0         0.0
94           32003           5           0             0.01		0.55	 0.84      0.5          0.0         0.0
94           32003           6           0             0.01		0.55	 0.84      0.5          0.0         0.0
94           32003           7           0             0.01		0.55	 0.84      0.5          0.0         0.0
94           32003           8           0             0.01		0.55	 0.84      0.5          0.0         0.0
94           32003           9           0             0.01		0.55	 0.84      0.5          0.0         0.0
94           32003           10          0             0.01		0.55	 0.84      0.5          0.0         0.0
94           32003           11          0             0.01		0.55	 0.84      0.5          0.0         0.0
94           32003           12          0             0.01		0.55	 0.84      0.5          0.0         0.0
94           32003           13          0             0.01		0.55	 0.84      0.5          0.0         0.0
94           32003           14          0             0.01		0.55	 0.84      0.5          0.0         0.0
94           32003           15          0             0.01		0.55	 0.84      0.5          0.0         0.0
94           32003           16          0             0.01		0.55	 0.84      0.5          0.0         0.0
94           32003           17          0             0.01		0.55	 0.84      0.5          0.0         0.0
94           32003           18          0             0.01		0.55	 0.84      0.5          0.0         0.0
94           32003           19          0             0.01		0.55	 0.84      0.5          0.0         0.0
94           32003           20          0             0.01		0.55	 0.84      0.5          0.0         0.0
94           32003           21          0             0.01		0.55	 0.84      0.5          0.0         0.0
94           32003           22          0             0.01		0.55	 0.84      0.5          0.0         0.0
94           32003           23          0             0.01		0.55	 0.84      0.5          0.0         0.0
94           32003           24          0             0.01		0.55	 0.84      0.5          0.0         0.0
94           32003           25          0             0.01		0.55	 0.84      0.5          0.0         0.0
94           32003           26          0             0.01		0.55	 0.84      0.5          0.0         0.0
94           32003           27          0             0.01		0.55	 0.84      0.5          0.0         0.0
94           32003           28          0             0.01		0.55	 0.84      0.5          0.0         0.0
94           32003           29          0             0.01		0.55	 0.84      0.5          0.0         0.0
94           32003           30          0             0.01		0.55	 0.84      0.5          0.0         0.0
94           32003           31          0             0.01		0.55	 0.84      0.5          0.0         0.0
94           32003           32          0             0.01		0.55	 0.84      0.5          0.0         0.0
94           32003           33          0             0.01		0.55	 0.84      0.5          0.0         0.0
94           32003           34          0             0.01		0.55	 0.84      0.5          0.0         0.0
94           32003           35          0             0.01		0.55	 0.84      0.5          0.0         0.0
94           32003           36          0             0.01		0.55	 0.84      0.5          0.0         0.0
94           32003           37          0             0.01		0.55	 0.84      0.5          0.0         0.0
94           32003           38          0             0.01		0.55	 0.84      0.5          0.0         0.0
94           32003           39          0             0.01		0.55	 0.84      0.5          0.0         0.0
94           32003           40          0             0.01		0.55	 0.84      0.5          0.0         0.0
//Staff Of Blue White
2632           32003           1           0             0.01		0.55	 0.84      0.5          0.0         0.0
2632           32003           2           0             0.01		0.55	 0.84      0.5          0.0         0.0
2632           32003           3           0             0.01		0.55	 0.84      0.5          0.0         0.0
2632           32003           4           0             0.01		0.55	 0.84      0.5          0.0         0.0
2632           32003           5           0             0.01		0.55	 0.84      0.5          0.0         0.0
2632           32003           6           0             0.01		0.55	 0.84      0.5          0.0         0.0
2632           32003           7           0             0.01		0.55	 0.84      0.5          0.0         0.0
2632           32003           8           0             0.01		0.55	 0.84      0.5          0.0         0.0
2632           32003           9           0             0.01		0.55	 0.84      0.5          0.0         0.0
2632           32003           10          0             0.01		0.55	 0.84      0.5          0.0         0.0
2632           32003           11          0             0.01		0.55	 0.84      0.5          0.0         0.0
2632           32003           12          0             0.01		0.55	 0.84      0.5          0.0         0.0
2632           32003           13          0             0.01		0.55	 0.84      0.5          0.0         0.0
2632           32003           14          0             0.01		0.55	 0.84      0.5          0.0         0.0
2632           32003           15          0             0.01		0.55	 0.84      0.5          0.0         0.0
2632           32003           16          0             0.01		0.55	 0.84      0.5          0.0         0.0
2632           32003           17          0             0.01		0.55	 0.84      0.5          0.0         0.0
2632           32003           18          0             0.01		0.55	 0.84      0.5          0.0         0.0
2632           32003           19          0             0.01		0.55	 0.84      0.5          0.0         0.0
2632           32003           20          0             0.01		0.55	 0.84      0.5          0.0         0.0
2632           32003           21          0             0.01		0.55	 0.84      0.5          0.0         0.0
//Shield Of Blue White
3136           32003           1           0             0.01		0.55	 0.84      0.5          0.0         0.0
3136           32003           2           0             0.01		0.55	 0.84      0.5          0.0         0.0
3136           32003           3           0             0.01		0.55	 0.84      0.5          0.0         0.0
3136           32003           4           0             0.01		0.55	 0.84      0.5          0.0         0.0
3136           32003           5           0             0.01		0.55	 0.84      0.5          0.0         0.0
3136           32003           6           0             0.01		0.55	 0.84      0.5          0.0         0.0
3136           32003           7           0             0.01		0.55	 0.84      0.5          0.0         0.0
3136           32003           8           0             0.01		0.55	 0.84      0.5          0.0         0.0
3136           32003           9           0             0.01		0.55	 0.84      0.5          0.0         0.0
3136           32003           10          0             0.01		0.55	 0.84      0.5          0.0         0.0
3136           32003           11          0             0.01		0.55	 0.84      0.5          0.0         0.0
3136           32003           12          0             0.01		0.55	 0.84      0.5          0.0         0.0
3136           32003           13          0             0.01		0.55	 0.84      0.5          0.0         0.0
3136           32003           14          0             0.01		0.55	 0.84      0.5          0.0         0.0
3136           32003           15          0             0.01		0.55	 0.84      0.5          0.0         0.0
3136           32003           16          0             0.01		0.55	 0.84      0.5          0.0         0.0
3136           32003           17          0             0.01		0.55	 0.84      0.5          0.0         0.0
3136           32003           18          0             0.01		0.55	 0.84      0.5          0.0         0.0
3136           32003           19          0             0.01		0.55	 0.84      0.5          0.0         0.0
3136           32003           20          0             0.01		0.55	 0.84      0.5          0.0         0.0
3136           32003           21          0             0.01		0.55	 0.84      0.5          0.0         0.0
//Mace Of Blue White
1084           32003           1           0             0.01		0.55	 0.84      0.5          0.0         0.0
1084           32003           2           0             0.01		0.55	 0.84      0.5          0.0         0.0
1084           32003           3           0             0.01		0.55	 0.84      0.5          0.0         0.0
1084           32003           4           0             0.01		0.55	 0.84      0.5          0.0         0.0
1084           32003           5           0             0.01		0.55	 0.84      0.5          0.0         0.0
1084           32003           6           0             0.01		0.55	 0.84      0.5          0.0         0.0
1084           32003           7           0             0.01		0.55	 0.84      0.5          0.0         0.0
1084           32003           8           0             0.01		0.55	 0.84      0.5          0.0         0.0
1084           32003           9           0             0.01		0.55	 0.84      0.5          0.0         0.0
1084           32003           10          0             0.01		0.55	 0.84      0.5          0.0         0.0
1084           32003           11          0             0.01		0.55	 0.84      0.5          0.0         0.0
1084           32003           12          0             0.01		0.55	 0.84      0.5          0.0         0.0
1084           32003           13          0             0.01		0.55	 0.84      0.5          0.0         0.0
1084           32003           14          0             0.01		0.55	 0.84      0.5          0.0         0.0
1084           32003           15          0             0.01		0.55	 0.84      0.5          0.0         0.0
1084           32003           16          0             0.01		0.55	 0.84      0.5          0.0         0.0
1084           32003           17          0             0.01		0.55	 0.84      0.5          0.0         0.0
1084           32003           18          0             0.01		0.55	 0.84      0.5          0.0         0.0
1084           32003           19          0             0.01		0.55	 0.84      0.5          0.0         0.0
1084           32003           20          0             0.01		0.55	 0.84      0.5          0.0         0.0
1084           32003           21          0             0.01		0.55	 0.84      0.5          0.0         0.0
1084           32003           22          0             0.01		0.55	 0.84      0.5          0.0         0.0
1084           32003           23          0             0.01		0.55	 0.84      0.5          0.0         0.0
1084           32003           24          0             0.01		0.55	 0.84      0.5          0.0         0.0
1084           32003           25          0             0.01		0.55	 0.84      0.5          0.0         0.0
1084           32003           26          0             0.01		0.55	 0.84      0.5          0.0         0.0
1084           32003           27          0             0.01		0.55	 0.84      0.5          0.0         0.0
1084           32003           28          0             0.01		0.55	 0.84      0.5          0.0         0.0
1084           32003           29          0             0.01		0.55	 0.84      0.5          0.0         0.0
1084           32003           30          0             0.01		0.55	 0.84      0.5          0.0         0.0
1084           32003           31          0             0.01		0.55	 0.84      0.5          0.0         0.0
1084           32003           32          0             0.01		0.55	 0.84      0.5          0.0         0.0
1084           32003           33          0             0.01		0.55	 0.84      0.5          0.0         0.0
1084           32003           34          0             0.01		0.55	 0.84      0.5          0.0         0.0
1084           32003           35          0             0.01		0.55	 0.84      0.5          0.0         0.0
1084           32003           36          0             0.01		0.55	 0.84      0.5          0.0         0.0
1084           32003           37          0             0.01		0.55	 0.84      0.5          0.0         0.0
//Axe Of Blue White
526           32003           1           0             0.01		0.55	 0.84      0.5          0.0         0.0
526           32003           2           0             0.01		0.55	 0.84      0.5          0.0         0.0
526           32003           3           0             0.01		0.55	 0.84      0.5          0.0         0.0
526           32003           4           0             0.01		0.55	 0.84      0.5          0.0         0.0
526           32003           5           0             0.01		0.55	 0.84      0.5          0.0         0.0
526           32003           6           0             0.01		0.55	 0.84      0.5          0.0         0.0
526           32003           7           0             0.01		0.55	 0.84      0.5          0.0         0.0
526           32003           8           0             0.01		0.55	 0.84      0.5          0.0         0.0
526           32003           9           0             0.01		0.55	 0.84      0.5          0.0         0.0
526           32003           10          0             0.01		0.55	 0.84      0.5          0.0         0.0
526           32003           11          0             0.01		0.55	 0.84      0.5          0.0         0.0
526           32003           12          0             0.01		0.55	 0.84      0.5          0.0         0.0
526           32003           13          0             0.01		0.55	 0.84      0.5          0.0         0.0
526           32003           14          0             0.01		0.55	 0.84      0.5          0.0         0.0
526           32003           15          0             0.01		0.55	 0.84      0.5          0.0         0.0
526           32003           16          0             0.01		0.55	 0.84      0.5          0.0         0.0
526           32003           17          0             0.01		0.55	 0.84      0.5          0.0         0.0
526           32003           18          0             0.01		0.55	 0.84      0.5          0.0         0.0
526           32003           19          0             0.01		0.55	 0.84      0.5          0.0         0.0
526           32003           20          0             0.01		0.55	 0.84      0.5          0.0         0.0
526           32003           21          0             0.01		0.55	 0.84      0.5          0.0         0.0
526           32003           22          0             0.01		0.55	 0.84      0.5          0.0         0.0
526           32003           23          0             0.01		0.55	 0.84      0.5          0.0         0.0
526           32003           24          0             0.01		0.55	 0.84      0.5          0.0         0.0
526           32003           25          0             0.01		0.55	 0.84      0.5          0.0         0.0
526           32003           26          0             0.01		0.55	 0.84      0.5          0.0         0.0
526           32003           27          0             0.01		0.55	 0.84      0.5          0.0         0.0
526           32003           28          0             0.01		0.55	 0.84      0.5          0.0         0.0
526           32003           29          0             0.01		0.55	 0.84      0.5          0.0         0.0
526           32003           30          0             0.01		0.55	 0.84      0.5          0.0         0.0
526           32003           31          0             0.01		0.55	 0.84      0.5          0.0         0.0
526           32003           32          0             0.01		0.55	 0.84      0.5          0.0         0.0
526           32003           33          0             0.01		0.55	 0.84      0.5          0.0         0.0
526           32003           34          0             0.01		0.55	 0.84      0.5          0.0         0.0
526           32003           35          0             0.01		0.55	 0.84      0.5          0.0         0.0
526           32003           36          0             0.01		0.55	 0.84      0.5          0.0         0.0
526           32003           37          0             0.01		0.55	 0.84      0.5          0.0         0.0
526           32003           38          0             0.01		0.55	 0.84      0.5          0.0         0.0
526           32003           39          0             0.01		0.55	 0.84      0.5          0.0         0.0
526           32003           40          0             0.01		0.55	 0.84      0.5          0.0         0.0
526           32003           41          0             0.01		0.55	 0.84      0.5          0.0         0.0
//Bow Blue Of White
2107           32003           1           0             0.01		0.55	 0.84      0.5          0.0         0.0
2107           32003           2           0             0.01		0.55	 0.84      0.5          0.0         0.0
2107           32003           3           0             0.01		0.55	 0.84      0.5          0.0         0.0
2107           32003           4           0             0.01		0.55	 0.84      0.5          0.0         0.0
2107           32003           5           0             0.01		0.55	 0.84      0.5          0.0         0.0
2107           32003           6           0             0.01		0.55	 0.84      0.5          0.0         0.0
2107           32003           7           0             0.01		0.55	 0.84      0.5          0.0         0.0
2107           32003           8           0             0.01		0.55	 0.84      0.5          0.0         0.0
2107           32003           9           0             0.01		0.55	 0.84      0.5          0.0         0.0
2107           32003           10          0             0.01		0.55	 0.84      0.5          0.0         0.0
2107           32003           11          0             0.01		0.55	 0.84      0.5          0.0         0.0
2107           32003           12          0             0.01		0.55	 0.84      0.5          0.0         0.0
2107           32003           13          0             0.01		0.55	 0.84      0.5          0.0         0.0
2107           32003           14          0             0.01		0.55	 0.84      0.5          0.0         0.0
2107           32003           15          0             0.01		0.55	 0.84      0.5          0.0         0.0
2107           32003           16          0             0.01		0.55	 0.84      0.5          0.0         0.0
2107           32003           17          0             0.01		0.55	 0.84      0.5          0.0         0.0
2107           32003           18          0             0.01		0.55	 0.84      0.5          0.0         0.0
2107           32003           19          0             0.01		0.55	 0.84      0.5          0.0         0.0
2107           32003           20          0             0.01		0.55	 0.84      0.5          0.0         0.0
2107           32003           21          0             0.01		0.55	 0.84      0.5          0.0         0.0
2107           32003           22          0             0.01		0.55	 0.84      0.5          0.0         0.0
2107           32003           23          0             0.01		0.55	 0.84      0.5          0.0         0.0
2107           32003           24          0             0.01		0.55	 0.84      0.5          0.0         0.0
2107           32003           25          0             0.01		0.55	 0.84      0.5          0.0         0.0
2107           32003           26          0             0.01		0.55	 0.84      0.5          0.0         0.0
2107           32003           27          0             0.01		0.55	 0.84      0.5          0.0         0.0
2107           32003           28          0             0.01		0.55	 0.84      0.5          0.0         0.0
2107           32003           29          0             0.01		0.55	 0.84      0.5          0.0         0.0
2107           32003           30          0             0.01		0.55	 0.84      0.5          0.0         0.0
2107           32003           31          0             0.01		0.55	 0.84      0.5          0.0         0.0
2107           32003           32          0             0.01		0.55	 0.84      0.5          0.0         0.0
2107           32003           33          0             0.01		0.55	 0.84      0.5          0.0         0.0
2107           32003           34          0             0.01		0.55	 0.84      0.5          0.0         0.0
2107           32003           35          0             0.01		0.55	 0.84      0.5          0.0         0.0
2107           32003           36          0             0.01		0.55	 0.84      0.5          0.0         0.0
2107           32003           37          0             0.01		0.55	 0.84      0.5          0.0         0.0
//WING Black Gold
6300		32002		  11		    0		 	   0.78		0.58	 0.17     0.8         0.0	   		0.0
6300		32002		  16		    0		 	   0.78		0.58	 0.17	  0.8         0.0	   		0.0
6300		32002		  17		    0		 	   0.78		0.58	 0.17	  0.8         0.0	   		0.0
6300		32002		  18		    0		 	   0.78		0.58	 0.17	  0.8         0.0	   		0.0
6300		32002		  19		    0		 	   0.78		0.58	 0.17	  0.8         0.0	   		0.0
6300		32002		  20		    0		 	   0.78		0.58	 0.17	  0.8         0.0	   		0.0
6300		32002		  26		    0		 	   0.78		0.58	 0.17	  0.8         0.0	   		0.0
6300		32002		  27		    0		 	   0.78		0.58	 0.17     0.8         0.0	   		0.0
6300		32002		  28		    0		 	   0.78		0.58	 0.17     0.8         0.0	   		0.0
6300		32002		  31		    0		 	   0.78		0.58	 0.17     0.8         0.0	   		0.0
6300		32002		  32		    0		 	   0.78		0.58	 0.17     0.8         0.0	   		0.0
6300		32002		  33		    0		 	   0.78		0.58	 0.17     0.8         0.0	   		0.0
6300		32002		  43		    0		 	   0.78		0.58	 0.17     0.8         0.0	   		0.0
6300		32002		  49		    0		 	   0.78		0.58	 0.17     0.8         0.0	   		0.0
6300		32002		  54		    0		 	   0.78		0.58	 0.17     0.8         0.0	   		0.0
6300		32002		  55		    0		 	   0.78		0.58	 0.17     0.8         0.0	   		0.0
6300		32002		  56		    0		 	   0.78		0.58	 0.17     0.8         0.0	   		0.0
6300		32002		  64		    0		 	   0.78		0.58	 0.17     0.8         0.0	   		0.0
6300		32002		  69		    0		 	   0.78		0.58	 0.17     0.8         0.0	   		0.0
6300		32002		  70		    0		 	   0.78		0.58	 0.17     0.8         0.0	   		0.0
6300		32002		  71		    0		 	   0.78		0.58	 0.17	  0.8         0.0	   		0.0
6300		32002		  72		    0		 	   0.78		0.58	 0.17     0.8         0.0	   		0.0
6300		32002		  73		    0		 	   0.78		0.58	 0.17     0.8         0.0	   		0.0
6300		32002		  74		    0		 	   0.78		0.58	 0.17     0.8         0.0	   		0.0
6300		32002		  75		    0		 	   0.78		0.58	 0.17	  0.8         0.0	   		0.0
6300		32002		  76		    0		 	   0.78		0.58	 0.17     0.8         0.0	   		0.0
6300		32002		  77		    0		 	   0.78		0.58	 0.17     0.8         0.0	   		0.0
6300		32002		  83		    0		 	   0.78		0.58	 0.17     0.8         0.0	   		0.0
6300		32002		  84		    0		 	   0.78		0.58	 0.17     0.8         0.0	   		0.0
6300		32002		  85		    0		 	   0.78		0.58	 0.17     0.8         0.0	   		0.0
6300		32002		  86		    0		 	   0.78		0.58	 0.17     0.8         0.0	   		0.0
6300		32002		  87		    0		 	   0.78		0.58	 0.17     0.8         0.0	   		0.0

6300		32002		  12		    0		 	   0.16		0.16	 0.27	    1.4         0.0	   		0.0
6300		32002		  13		    0		 	   0.16		0.16	 0.27	    1.4         0.0	   		0.0
6300		32002		  14		    0		 	   0.16		0.16	 0.27	    1.4         0.0	   		0.0
6300		32002		  15		    0		 	   0.16		0.16	 0.27	    1.4         0.0	   		0.0
6300		32002		  21		    0		 	   0.16		0.16	 0.27	    1.4         0.0	   		0.0
6300		32002		  22		    0		 	   0.16		0.16	 0.27	    1.4         0.0	   		0.0
6300		32002		  23		    0		 	   0.16		0.16	 0.27	    1.4         0.0	   		0.0
6300		32002		  24		    0		 	   0.16		0.16	 0.27	    1.4         0.0	   		0.0
6300		32002		  25		    0		       	   0.16		0.16	 0.27	    1.4         0.0	   		0.0
6300		32002		  29		    0		 	   0.16		0.16	 0.27	    1.4         0.0	   		0.0
6300		32002		  30		    0		 	   0.16		0.16	 0.27	    1.4         0.0	   		0.0
6300		32002		  34		    0		 	   0.16		0.16	 0.27	    1.4         0.0	   		0.0
6300		32002		  35		    0		 	   0.16		0.16	 0.27	    1.4         0.0	   		0.0
6300		32002		  36		    0		 	   0.16		0.16	 0.27	    1.4         0.0	   		0.0
6300		32002		  37		    0		 	   0.16		0.16	 0.27	    1.4         0.0	   		0.0
6300		32002		  38		    0		 	   0.16		0.16	 0.27	    1.4         0.0	   		0.0
6300		32002		  39		    0		 	   0.16		0.16	 0.27	    1.4         0.0	   		0.0
6300		32002		  40		    0		 	   0.16		0.16	 0.27	    1.4         0.0	   		0.0
6300		32002		  41		    0		 	   0.16		0.16	 0.27	    1.4         0.0	   		0.0
6300		32002		  42		    0		 	   0.16		0.16	 0.27	    1.4         0.0	   		0.0
6300		32002		  44		    0		 	   0.16		0.16	 0.27	    1.4         0.0	   		0.0
6300		32002		  45		    0		 	   0.16		0.16	 0.27	    1.4         0.0	   		0.0
6300		32002		  46		    0		 	   0.16		0.16	 0.27	    1.4         0.0	   		0.0
6300		32002		  47		    0		 	   0.16		0.16	 0.27	    1.4         0.0	   		0.0
6300		32002		  48		    0		 	   0.16		0.16	 0.27	    1.4         0.0	   		0.0
6300		32002		  50		    0		 	   0.16		0.16	 0.27	    1.4         0.0	   		0.0
6300		32002		  51		    0		 	   0.16		0.16	 0.27	    1.4         0.0	   		0.0
6300		32002		  52		    0		 	   0.16		0.16	 0.27	    1.4         0.0	   		0.0
6300		32002		  53		    0		 	   0.16		0.16	 0.27	    1.4         0.0	   		0.0
6300		32002		  57		    0		 	   0.16		0.16	 0.27	    1.4         0.0	   		0.0
6300		32002		  58		    0		 	   0.16		0.16	 0.27	    1.4         0.0	   		0.0
6300		32002		  59		    0		 	   0.16		0.16	 0.27	    1.4         0.0	   		0.0
6300		32002		  60		    0		 	   0.16		0.16	 0.27	    1.4         0.0	   		0.0
6300		32002		  61		    0		 	   0.16		0.16	 0.27	    1.4         0.0	   		0.0
6300		32002		  62		    0		 	   0.16		0.16	 0.27	    1.4         0.0	   		0.0
6300		32002		  63		    0		 	   0.16		0.16	 0.27	    1.4         0.0	   		0.0
6300		32002		  65		    0		 	   0.16		0.16	 0.27	    1.4         0.0	   		0.0
6300		32002		  66		    0		 	   0.16		0.16	 0.27	    1.4         0.0	   		0.0
6300		32002		  67		    0		 	   0.16		0.16	 0.27	    1.4         0.0	   		0.0
6300		32002		  68		    0		 	   0.16		0.16	 0.27	    1.4         0.0	   		0.0
6300		32002		  78		    0		 	   0.16		0.16	 0.27	    1.4         0.0	   		0.0
6300		32002		  79		    0		 	   0.16		0.16	 0.27	    1.4         0.0	   		0.0
6300		32002		  80		    0		 	   0.16		0.16	 0.27	    1.4         0.0	   		0.0
6300		32002		  81		    0		 	   0.16		0.16	 0.27	    1.4         0.0	   		0.0
6300		32002		  82		    0		 	   0.16		0.16	 0.27	    1.4         0.0	   		0.0
//Capa Black Gold
6300		32002		  1		    0		 	   0.78		0.58	 0.17     0.8         0.0	   		0.0
6300		32002		  2		    0		 	   0.78		0.58	 0.17	  0.8         0.0	   		0.0
6300		32002		  3		    0		 	   0.78		0.58	 0.17	  0.8         0.0	   		0.0
6300		32002		  4		    0		 	   0.78		0.58	 0.17	  0.8         0.0	   		0.0
6300		32002		  5		    0		 	   0.78		0.58	 0.17	  0.8         0.0	   		0.0
6300		32002		  6		    0		 	   0.78		0.58	 0.17	  0.8         0.0	   		0.0
6300		32002		  7		    0		 	   0.78		0.58	 0.17	  0.8         0.0	   		0.0
6300		32002		  8		    0		 	   0.78		0.58	 0.17     0.8         0.0	   		0.0
6300		32002		  9		    0		 	   0.78		0.58	 0.17     0.8         0.0	   		0.0
//Sword Black Gold
95           32002           1           0             0.78		0.58	 0.17      0.5          0.0         0.0
95           32002           2           0             0.78		0.58	 0.17      0.5          0.0         0.0
95           32002           3           0             0.78		0.58	 0.17      0.5          0.0         0.0
95           32002           4           0             0.78		0.58	 0.17      0.5          0.0         0.0
95           32002           5           0             0.78		0.58	 0.17      0.5          0.0         0.0
95           32002           6           0             0.78		0.58	 0.17      0.5          0.0         0.0
95           32002           7           0             0.78		0.58	 0.17      0.5          0.0         0.0
95           32002           8           0             0.78		0.58	 0.17      0.5          0.0         0.0
95           32002           9           0             0.78		0.58	 0.17      0.5          0.0         0.0
95           32002           10          0             0.78		0.58	 0.17      0.5          0.0         0.0
95           32002           11          0             0.78		0.58	 0.17      0.5          0.0         0.0
95           32002           12          0             0.78		0.58	 0.17      0.5          0.0         0.0
95           32002           13          0             0.78		0.58	 0.17      0.5          0.0         0.0
95           32002           14          0             0.78		0.58	 0.17      0.5          0.0         0.0
//Mace Black Gold 01
1085           32002           1           0             0.78		0.58	 0.17      0.5          0.0         0.0
1085           32002           2           0             0.78		0.58	 0.17      0.5          0.0         0.0
1085           32002           3           0             0.78		0.58	 0.17      0.5          0.0         0.0
1085           32002           4           0             0.78		0.58	 0.17      0.5          0.0         0.0
1085           32002           5           0             0.78		0.58	 0.17      0.5          0.0         0.0
1085           32002           6           0             0.78		0.58	 0.17      0.5          0.0         0.0
1085           32002           7           0             0.78		0.58	 0.17      0.5          0.0         0.0
1085           32002           8           0             0.78		0.58	 0.17      0.5          0.0         0.0
1085           32002           9           0             0.78		0.58	 0.17      0.5          0.0         0.0
1085           32002           10          0             0.78		0.58	 0.17      0.5          0.0         0.0
//Mace Black Gold 02
1086           32003            1          0             0.78		0.58	 0.17      0.1          0.00        0.00
1086           32002            2          0             0.78		0.58	 0.17      0.7          0.00        0.00
1086           32002            3          0             0.78		0.58	 0.17      0.7          0.00        0.00
1086           32002            4          0             0.78		0.58	 0.17      0.7          0.00        0.00
1086           32002            5          0             0.78		0.58	 0.17      0.7          0.00        0.00
1086           32002            6          0             0.78		0.58	 0.17      0.7          0.00        0.00
1086           32002            7          0             0.78		0.58	 0.17      0.7          0.00        0.00
1086           32002            8          0             0.78		0.58	 0.17      0.7          0.00        0.00
1086           32002            9          0             0.78		0.58	 0.17      0.7          0.00        0.00
1086           32002            10         0             0.78		0.58	 0.17      0.7          0.00        0.00
//Staff Black Gold
2633           32002           1           0             0.78		0.58	 0.17      0.5          0.0         0.0
2633           32002           2           0             0.78		0.58	 0.17      0.5          0.0         0.0
2633           32002           3           0             0.78		0.58	 0.17      0.5          0.0         0.0
2633           32002           4           0             0.78		0.58	 0.17      0.5          0.0         0.0
2633           32002           5           0             0.78		0.58	 0.17      0.5          0.0         0.0
2633           32002           6           0             0.78		0.58	 0.17      0.5          0.0         0.0
//Shield Black Gold
3137           32002           1           0             0.78		0.58	 0.17      0.5          0.0         0.0
3137           32002           2           0             0.78		0.58	 0.17      0.5          0.0         0.0
3137           32002           3           0             0.78		0.58	 0.17      0.5          0.0         0.0
3137           32002           4           0             0.78		0.58	 0.17      0.5          0.0         0.0
3137           32002           5           0             0.78		0.58	 0.17      0.5          0.0         0.0
3137           32002           6           0             0.78		0.58	 0.17      0.5          0.0         0.0
3137           32002           7           0             0.78		0.58	 0.17      0.5          0.0         0.0
3137           32002           8           0             0.78		0.58	 0.17      0.5          0.0         0.0
3137           32002           9           0             0.78		0.58	 0.17      0.5          0.0         0.0
3137           32002           10          0             0.78		0.58	 0.17      0.5          0.0         0.0
3137           32002           11          0             0.78		0.58	 0.17      0.5          0.0         0.0
3137           32002           12          0             0.78		0.58	 0.17      0.5          0.0         0.0
3137           32002           13          0             0.78		0.58	 0.17      0.5          0.0         0.0
3137           32002           14          0             0.78		0.58	 0.17      0.5          0.0         0.0
3137           32002           15          0             0.78		0.58	 0.17      0.5          0.0         0.0
3137           32002           16          0             0.78		0.58	 0.17      0.5          0.0         0.0
//Wing Red Fire
6302           32002           11          0             0.81		0.17	 0.14      1.0          0.00        0.00
6302           32002           12          0             0.81		0.17	 0.14      1.0          0.00        0.00
6302           32002           13          0             0.81		0.17	 0.14      1.0          0.00        0.00
6302           32002           14          0             0.81		0.17	 0.14      1.0          0.00        0.00
6302           32002           15          0             0.81		0.17	 0.14      1.0          0.00        0.00
6302           32002           16          0             0.81		0.17	 0.14      1.0          0.00        0.00
6302           32002           17          0             0.81		0.17	 0.14      1.0          0.00        0.00
6302           32002           18          0             0.81		0.17	 0.14      1.0          0.00        0.00
6302           32002           19          0             0.81		0.17	 0.14      1.0          0.00        0.00
6302           32002           20          0             0.81		0.17	 0.14      1.0          0.00        0.00
6302           32002           21          0             0.81		0.17	 0.14      1.0          0.00        0.00
6302           32002           22          0             0.81		0.17	 0.14      1.0          0.00        0.00
6302           32002           23          0             0.81		0.17	 0.14      1.0          0.00        0.00
6302           32002           24          0             0.81		0.17	 0.14      1.0          0.00        0.00
6302           32002           25          0             0.81		0.17	 0.14      1.0          0.00        0.00
6302           32002           26          0             0.81		0.17	 0.14      1.0          0.00        0.00
6302           32002           27          0             0.81		0.17	 0.14      1.0          0.00        0.00
6302           32002           28          0             0.81		0.17	 0.14      1.0          0.00        0.00
6302           32002           29          0             0.15		0.15	 0.15      1.0          0.00        0.00
6302           32002           30          0             0.15		0.15	 0.15      1.0          0.00        0.00
6302           32002           31          0             0.15		0.15	 0.15      1.0          0.00        0.00
6302           32002           32          0             0.15		0.15	 0.15      1.0          0.00        0.00
6302           32002           33          0             0.15		0.15	 0.15      1.0          0.00        0.00
6302           32002           34          0             0.15		0.15	 0.15      1.0          0.00        0.00
6302           32002           35          0             0.15		0.15	 0.15      1.0          0.00        0.00
6302           32002           36          0             0.15		0.15	 0.15      1.0          0.00        0.00
6302           32002           37          0             0.81		0.17	 0.14      1.0          0.00        0.00
6302           32002           38          0             0.81		0.17	 0.14      1.0          0.00        0.00
6302           32002           39          0             0.81		0.17	 0.14      1.0          0.00        0.00
6302           32002           40          0             0.81		0.17	 0.14      1.0          0.00        0.00
//Capa Red Fire
6303           32002            1          0             0.58		0.49	 0.27      1.0          0.00        0.00
6303           32002            2          0             0.58		0.49	 0.27      1.0          0.00        0.00
6303           32002            3          0             0.58		0.49	 0.27      1.0          0.00        0.00
6303           32002            4          0             0.58		0.49	 0.27      1.0          0.00        0.00
6303           32002            5          0             0.58		0.49	 0.27      1.0          0.00        0.00
6303           32002            6          0             0.58		0.49	 0.27      1.0          0.00        0.00
6303           32002            7          0             0.58		0.49	 0.27      1.0          0.00        0.00
6303           32002            8          0             0.58		0.49	 0.27      1.0          0.00        0.00
6303           32002            9          0             0.58		0.49	 0.27      1.0          0.00        0.00
//Axe Ligh Blue
528           32003           1           0             0.36		0.66	 0.99      0.5          0.0         0.0
528           32003           2           0             0.36		0.66	 0.99      0.5          0.0         0.0
528           32003           3           0             0.36		0.66	 0.99      0.5          0.0         0.0
528           32003           4           0             0.36		0.66	 0.99      0.5          0.0         0.0
528           32003           5           0             0.36		0.66	 0.99      0.5          0.0         0.0
528           32003           6           0             0.36		0.66	 0.99      0.5          0.0         0.0
528           32003           8           0             0.36		0.66	 0.99      0.5          0.0         0.0
528           32003           9           0             0.36		0.66	 0.99      0.5          0.0         0.0
528           32003           10          0             0.36		0.66	 0.99      0.5          0.0         0.0
528           32003           11          0             0.36		0.66	 0.99      0.5          0.0         0.0
528           32003           12          0             0.36		0.66	 0.99      0.5          0.0         0.0
528           32003           13          0             0.36		0.66	 0.99      0.5          0.0         0.0
528           32003           14          0             0.36		0.66	 0.99      0.5          0.0         0.0
528           32003           15          0             0.36		0.66	 0.99      0.5          0.0         0.0
528           32003           16          0             0.36		0.66	 0.99      0.5          0.0         0.0
528           32003           17          0             0.36		0.66	 0.99      0.5          0.0         0.0
528           32003           18          0             0.36		0.66	 0.99      0.5          0.0         0.0
528           32003           19          0             0.36		0.66	 0.99      0.5          0.0         0.0
528           32003           20          0             0.36		0.66	 0.99      0.5          0.0         0.0
528           32003           21          0             0.36		0.66	 0.99      0.5          0.0         0.0
528           32003           22          0             0.36		0.66	 0.99      0.5          0.0         0.0
528           32003           23          0             0.36		0.66	 0.99      0.5          0.0         0.0
528           32003           24          0             0.36		0.66	 0.99      0.5          0.0         0.0
//Mace Ligh Blue
1088           32003           1           0             0.36		0.66	 0.99      0.5          0.0         0.0
1088           32003           2           0             0.36		0.66	 0.99      0.5          0.0         0.0
1088           32003           3           0             0.36		0.66	 0.99      0.5          0.0         0.0
1088           32003           4           0             0.36		0.66	 0.99      0.5          0.0         0.0
1088           32003           5           0             0.36		0.66	 0.99      0.5          0.0         0.0
1088           32003           6           0             0.36		0.66	 0.99      0.5          0.0         0.0
1088           32003           7           0             0.36		0.66	 0.99      0.5          0.0         0.0
1088           32003           8           0             0.36		0.66	 0.99      0.5          0.0         0.0
1088           32003           9           0             0.36		0.66	 0.99      0.5          0.0         0.0
1088           32003           10          0             0.36		0.66	 0.99      0.5          0.0         0.0
1088           32003           11          0             0.36		0.66	 0.99      0.5          0.0         0.0
1088           32003           12          0             0.36		0.66	 0.99      0.5          0.0         0.0
1088           32003           13          0             0.36		0.66	 0.99      0.5          0.0         0.0
1088           32003           14          0             0.36		0.66	 0.99      0.5          0.0         0.0
1088           32003           15          0             0.36		0.66	 0.99      0.5          0.0         0.0
1088           32003           16          0             0.36		0.66	 0.99      0.5          0.0         0.0
1088           32003           17          0             0.36		0.66	 0.99      0.5          0.0         0.0
1088           32003           18          0             0.36		0.66	 0.99      0.5          0.0         0.0
1088           32003           19          0             0.36		0.66	 0.99      0.5          0.0         0.0
1088           32003           20          0             0.36		0.66	 0.99      0.5          0.0         0.0
1088           32003           21          0             0.36		0.66	 0.99      0.5          0.0         0.0
1088           32002           22          0             0.36		0.66	 0.99      0.5          0.0         0.0
1088           32002           23          0             0.36		0.66	 0.99      0.5          0.0         0.0
1088           32002           24          0             0.36		0.66	 0.99      0.5          0.0         0.0
1088           32002           25          0             0.36		0.66	 0.99      0.5          0.0         0.0
1088           32002           26          0             0.36		0.66	 0.99      0.5          0.0         0.0
1088           32002           27          0             0.36		0.66	 0.99      0.5          0.0         0.0
1088           32003           28          0             0.36		0.66	 0.99      0.5          0.0         0.0
1088           32003           29          0             0.36		0.66	 0.99      0.5          0.0         0.0
1088           32003           30          0             0.36		0.66	 0.99      0.5          0.0         0.0
1088           32003           31          0             0.36		0.66	 0.99      0.5          0.0         0.0
1088           32002           32          0             0.36		0.66	 0.99      0.5          0.0         0.0
1088           32002           33          0             0.36		0.66	 0.99      0.5          0.0         0.0
1088           32002           34          0             0.36		0.66	 0.99      0.5          0.0         0.0
1088           32002           35          0             0.36		0.66	 0.99      0.5          0.0         0.0
1088           32002           36          0             0.36		0.66	 0.99      0.5          0.0         0.0
1088           32002           37          0             0.36		0.66	 0.99      0.5          0.0         0.0
1088           32002           38          0             0.36		0.66	 0.99      0.5          0.0         0.0
//Scepeter Ligh Blue
1089		32002		  1			0		       0.36		0.66	 0.99   0.5		0.0 		0.0
1089		32002		  2			0		       0.36		0.66	 0.99	0.5		0.0 		0.0
1089		32002		  3			0		       0.36		0.66	 0.99	0.5		0.0 		0.0
1089		32002		  4			0		       0.36		0.66	 0.99	0.5		0.0 		0.0
1089		32002		  5			0		       0.36		0.66	 0.99	0.5		0.0 		0.0
1089		32002		  6			0		       0.36		0.66	 0.99	0.5		0.0 		0.0
1089		32002		  7			0		       0.36		0.66	 0.99	0.5		0.0 		0.0
1089		32002		  8			0		       0.36		0.66	 0.99	0.5		0.0 		0.0
1089		32002		  9			0		       0.36		0.66	 0.99	0.5		0.0 		0.0
1089		32002		  10			0		       0.36		0.66	 0.99	0.5		0.0 		0.0
1089		32002		  11      		0		       0.36		0.66	 0.99	0.5		0.0 		0.0
1089		32002		  12			0		       0.36		0.66	 0.99	0.5		0.0 		0.0
1089		32002		  13			0		       0.36		0.66	 0.99	0.5		0.0 		0.0
1089		32002		  14			0		       0.36		0.66	 0.99	0.5		0.0 		0.0
1089		32002		  15			0		       0.36		0.66	 0.99	0.5		0.0 		0.0
1089		32002		  16			0		       0.36		0.66	 0.99   0.5		0.0 		0.0
//Sttaf Ligh Blue
2635           32002           1           0             0.36		0.66	 0.99      0.5          0.0         0.0
2635           32002           2           0             0.36		0.66	 0.99      0.5          0.0         0.0
2635           32002           3           0             0.36		0.66	 0.99      0.5          0.0         0.0
2635           32002           4           0             0.36		0.66	 0.99      0.5          0.0         0.0
2635           32002           5           0             0.36		0.66	 0.99      0.5          0.0         0.0
2635           32002           6           0             0.36		0.66	 0.99      0.5          0.0         0.0
2635           32002           7           0             0.36		0.66	 0.99      0.5          0.0         0.0
2635           32002           8           0             0.36		0.66	 0.99      0.5          0.0         0.0
2635           32002           9           0             0.36		0.66	 0.99      0.5          0.0         0.0
2635           32002           10          0             0.36		0.66	 0.99      0.5          0.0         0.0
2635           32002           11          0             0.36		0.66	 0.99      0.5          0.0         0.0
2635           32002           12          0             0.36		0.66	 0.99      0.5          0.0         0.0
2635           32002           13          0             0.36		0.66	 0.99      0.5          0.0         0.0
2635           32002           14          0             0.36		0.66	 0.99      0.5          0.0         0.0
2635           32002           15          0             0.36		0.66	 0.99      0.5          0.0         0.0
2635           32002           16          0             0.36		0.66	 0.99      0.5          0.0         0.0
2635           32002           17          0             0.36		0.66	 0.99      0.5          0.0         0.0
2635           32002           18          0             0.36		0.66	 0.99      0.5          0.0         0.0
2635           32002           19          0             0.36		0.66	 0.99      0.5          0.0         0.0
2635           32002           20          0             0.36		0.66	 0.99      0.5          0.0         0.0
2635           32002           21          0             0.36		0.66	 0.99      0.5          0.0         0.0
//Sword Ligh Blue
97           32003           1           0             0.36		0.66	 0.99      0.5          0.0         0.0
97           32003           2           0             0.36		0.66	 0.99      0.5          0.0         0.0
97           32002           3           0             0.36		0.66	 0.99      0.5          0.0         0.0
97           32002           4           0             0.36		0.66	 0.99      0.5          0.0         0.0
97           32002           5           0             0.36		0.66	 0.99      0.5          0.0         0.0
97           32002           6           0             0.36		0.66	 0.99      0.5          0.0         0.0
97           32002           7           0             0.36		0.66	 0.99      0.5          0.0         0.0
97           32002           8           0             0.36		0.66	 0.99      0.5          0.0         0.0
97           32002           9           0             0.36		0.66	 0.99      0.5          0.0         0.0
97           32002           10          0             0.36		0.66	 0.99      0.5          0.0         0.0
97           32002           11          0             0.36		0.66	 0.99      0.5          0.0         0.0
97           32002           12          0             0.36		0.66	 0.99      0.5          0.0         0.0
97           32002           13          0             0.36		0.66	 0.99      0.5          0.0         0.0
97           32002           14          0             0.36		0.66	 0.99      0.5          0.0         0.0
97           32002           15          0             0.36		0.66	 0.99      0.5          0.0         0.0
97           32002           16          0             0.36		0.66	 0.99      0.5          0.0         0.0
97           32002           17          0             0.36		0.66	 0.99      0.5          0.0         0.0
97           32002           18          0             0.36		0.66	 0.99      0.5          0.0         0.0
97           32002           19          0             0.36		0.66	 0.99      0.5          0.0         0.0
97           32002           20          0             0.36		0.66	 0.99      0.5          0.0         0.0
97           32002           21          0             0.36		0.66	 0.99      0.5          0.0         0.0
97           32002           22          0             0.36		0.66	 0.99      0.5          0.0         0.0
97           32002           23          0             0.36		0.66	 0.99      0.5          0.0         0.0
97           32002           24          0             0.36		0.66	 0.99      0.5          0.0         0.0
//Shield Ligh Blue
3139           32003           1            0             0.36		0.66	 0.99      0.5          0.0         0.0
3139           32003           2            0             0.36		0.66	 0.99      0.5          0.0         0.0
3139           32003           3            0             0.36		0.66	 0.99      0.5          0.0         0.0
3139           32003           4            0             0.36		0.66	 0.99      0.5          0.0         0.0
3139           32003           5            0             0.36		0.66	 0.99      0.5          0.0         0.0
3139           32003           6            0             0.36		0.66	 0.99      0.5          0.0         0.0
3139           32003           7            0             0.36		0.66	 0.99      0.5          0.0         0.0
3139           32003           8            0             0.36		0.66	 0.99      0.5          0.0         0.0
3139           32003           9            0             0.36		0.66	 0.99      0.5          0.0         0.0
3139           32003           10           0             0.36		0.66	 0.99      0.5          0.0         0.0
3139           32003           11           0             0.36		0.66	 0.99      0.5          0.0         0.0
3139           32003           12           0             0.36		0.66	 0.99      0.5          0.0         0.0
3139           32003           13           0             0.36		0.66	 0.99      0.5          0.0         0.0
3139           32003           14           0             0.36		0.66	 0.99      0.5          0.0         0.0
3139           32003           15           0             0.36		0.66	 0.99      0.5          0.0         0.0
3139           32003           16           0             0.36		0.66	 0.99      0.5          0.0         0.0
//Wing Ligh Blue
6305           32003           11          0             0.36		0.66	 0.99      1.0          0.00        0.00
6305           32003           12          0             0.36		0.66	 0.99      1.0          0.00        0.00
6305           32003           13          0             0.36		0.66	 0.99      1.0          0.00        0.00
6305           32003           14          0             0.36		0.66	 0.99      1.0          0.00        0.00
6305           32003           15          0             0.36		0.66	 0.99      1.0          0.00        0.00
6305           32003           16          0             0.36		0.66	 0.99      1.0          0.00        0.00
6305           32003           17          0             0.36		0.66	 0.99      1.0          0.00        0.00
6305           32003           18          0             0.36		0.66	 0.99      1.0          0.00        0.00
6305           32003           19          0             0.36		0.66	 0.99      1.0          0.00        0.00
6305           32003           20          0             0.36		0.66	 0.99      1.0          0.00        0.00
6305           32003           21          0             0.36		0.66	 0.99      1.0          0.00        0.00
6305           32003           22          0             0.36		0.66	 0.99      1.0          0.00        0.00
6305           32003           23          0             0.36		0.66	 0.99      1.0          0.00        0.00
6305           32003           24          0             0.36		0.66	 0.99      1.0          0.00        0.00
6305           32003           25          0             0.36		0.66	 0.99      1.0          0.00        0.00
6305           32003           26          0             0.36		0.66	 0.99      1.0          0.00        0.00
6305           32003           27          0             0.36		0.66	 0.99      1.0          0.00        0.00
6305           32003           28          0             0.36		0.66	 0.99      1.0          0.00        0.00
6305           32003           29          0             0.36		0.66	 0.99      1.0          0.00        0.00
6305           32003           30          0             0.36		0.66	 0.99      1.0          0.00        0.00
6305           32003           31          0             0.36		0.66	 0.99      1.0          0.00        0.00
6305           32003           32          0             0.36		0.66	 0.99      1.0          0.00        0.00
6305           32003           33          0             0.36		0.66	 0.99      1.0          0.00        0.00
6305           32003           34          0             0.36		0.66	 0.99      1.0          0.00        0.00
6305           32003           35          0             0.36		0.66	 0.99      1.0          0.00        0.00
6305           32003           36          0             0.36		0.66	 0.99      1.0          0.00        0.00
//Capa Ligh Blue
6304           32002           1           0             0.36		0.66	 0.99      0.7          0.0         0.0
6304           32002           2           0             0.36		0.66	 0.99      0.7          0.0         0.0
6304           32002           3           0             0.36		0.66	 0.99      0.7          0.0         0.0
6304           32002           4           0             0.36		0.66	 0.99      0.7          0.0         0.0
6304           32002           5           0             0.36		0.66	 0.99      0.7          0.0         0.0
6304           32002           6           0             0.36		0.66	 0.99      0.7          0.0         0.0
6304           32002           7           0             0.36		0.66	 0.99      0.7          0.0         0.0
6304           32003           8           0             0.36		0.66	 0.99      0.5          0.0         0.0
6304           32003           9           0             0.36		0.66	 0.99      0.5          0.0         0.0
6304           32002           10          0             0.36		0.66	 0.99      0.7          0.0         0.0
6304           32002           11          0             0.36		0.66	 0.99      0.7          0.0         0.0
6304           32002           12          0             0.36		0.66	 0.99      0.7          0.0         0.0
6304           32002           13          0             0.36		0.66	 0.99      0.7          0.0         0.0
6304           32002           14          0             0.36		0.66	 0.99      0.7          0.0         0.0
6304           32002           15          0             0.36		0.66	 0.99      0.7          0.0         0.0
6304           32002           16          0             0.36		0.66	 0.99      0.7          0.0         0.0
6304           32002           17          0             0.36		0.66	 0.99      0.7          0.0         0.0
6304           32003           18          0             0.36		0.66	 0.99      0.5          0.0         0.0
6304           32003           19          0             0.36		0.66	 0.99      0.5          0.0         0.0
6304           32003           20          0             0.36		0.66	 0.99      0.5          0.0         0.0
6304           32003           21          0             0.36		0.66	 0.99      0.5          0.0         0.0
6304           32002           22          0             0.36		0.66	 0.99      0.7          0.0         0.0
6304           32002           23          0             0.36		0.66	 0.99      0.7          0.0         0.0
6304           32002           24          0             0.36		0.66	 0.99      0.7          0.0         0.0
6304           32002           25          0             0.36		0.66	 0.99      0.7          0.0         0.0
6304           32002           26          0             0.36		0.66	 0.99      0.7          0.0         0.0
6304           32002           27          0             0.36		0.66	 0.99      0.7          0.0         0.0
6304           32002           28          0             0.36		0.66	 0.99      0.7          0.0         0.0
6304           32002           29          0             0.36		0.66	 0.99      0.7          0.0         0.0
6304           32002           30          0             0.36		0.66	 0.99      0.7          0.0         0.0
6304           32002           31          0             0.36		0.66	 0.99      0.7          0.0         0.0
//Sword Of Rabbit [RL]
98           32002           1           0             0.86		0.40	 0.10      0.7          0.00        0.00
98           32002           2           0             0.86		0.40	 0.10      0.7          0.00        0.00
98           32002           3           0             0.86		0.40	 0.10      0.7          0.00        0.00
98           32002           4           0             0.86		0.40	 0.10      0.7          0.00        0.00
98           32002           5           0             0.86		0.40	 0.10      0.7          0.00        0.00
98           32002           6           0             0.86		0.40	 0.10      0.7          0.00        0.00
98           32002           7           0             0.86		0.40	 0.10      0.7          0.00        0.00
98           32002           8           0             0.86		0.40	 0.10      0.7          0.00        0.00
98           32002           9           0             0.86		0.40	 0.10      0.7          0.00        0.00
98           32002           10          0             0.86		0.40	 0.10      0.7          0.00        0.00
98           32002           11          0             0.86		0.40	 0.10      0.7          0.00        0.00
98           32002           12          0             0.86		0.40	 0.10      0.7          0.00        0.00
98           32002           13          0             0.86		0.40	 0.10      0.7          0.00        0.00
98           32002           14          0             0.86		0.40	 0.10      0.7          0.00        0.00
98           32002           15          0             0.86		0.40	 0.10      0.7          0.00        0.00
98           32002           16          0             0.86		0.40	 0.10      0.7          0.00        0.00
98           32002           17          0             0.86		0.40	 0.10      0.7          0.00        0.00
98           32002           18          0             0.86		0.40	 0.10      0.7          0.00        0.00
98           32002           19          0             0.86		0.40	 0.10      0.7          0.00        0.00
98           32002           20          0             0.86		0.40	 0.10      0.7          0.00        0.00
98           32002           21          0             0.86		0.40	 0.10      0.7          0.00        0.00
98           32002           22          0             0.86		0.40	 0.10      0.7          0.00        0.00
98           32002           23          0             0.86		0.40	 0.10      0.7          0.00        0.00
98           32002           24          0             0.86		0.40	 0.10      0.7          0.00        0.00
98           32002           25          0             0.86		0.40	 0.10      0.7          0.00        0.00
98           32002           26          0             0.86		0.40	 0.10      0.7          0.00        0.00
98           32002           27          0             0.86		0.40	 0.10      0.7          0.00        0.00
98           32002           28          0             0.86		0.40	 0.10      0.7          0.00        0.00
98           32002           29          0             0.86		0.40	 0.10      0.7          0.00        0.00
98           32002           30          0             0.86		0.40	 0.10      0.7          0.00        0.00
98           32002           31          0             0.86		0.40	 0.10      0.7          0.00        0.00
98           32002           32          0             0.86		0.40	 0.10      0.7          0.00        0.00
98           32002           33          0             0.86		0.40	 0.10      0.7          0.00        0.00
98           32002           34          0             0.58		0.08	 0.36      0.7          0.00        0.00
98           32002           35          0             0.58		0.08	 0.36      0.7          0.00        0.00
98           32002           36          0             0.58		0.08	 0.36      0.7          0.00        0.00
98           32002           37          0             0.58		0.08	 0.36      0.7          0.00        0.00
98           32002           38          0             0.58		0.08	 0.36      0.7          0.00        0.00
98           32002           39          0             0.58		0.08	 0.36      0.7          0.00        0.00
98           32002           40          0             0.58		0.08	 0.36      0.7          0.00        0.00
98           32002           41          0             0.58		0.08	 0.36      0.7          0.00        0.00
98           32002           42          0             0.58		0.08	 0.36      0.7          0.00        0.00
98           32002           43          0             0.58		0.08	 0.36      0.7          0.00        0.00
//Wing Of Rabbit [RL]
6306		32002		  11		    0		 	   0.56		0.56	 0.56	    1.5         0.0	   		0.0 //ROXO
6306		32002		  12		    0		 	   0.56		0.56	 0.56	    1.5         0.0	   		0.0 //ROXO
6306		32002		  13		    0		 	   0.56		0.56	 0.56	    1.5         0.0	   		0.0 //ROXO
6306		32002		  14		    0		 	   0.56		0.56	 0.56	    1.5         0.0	   		0.0 //ROXO
6306		32002		  15		    0		 	   0.56		0.56	 0.56	    1.5         0.0	   		0.0 //ROXO
6306		32002		  16		    0		 	   0.56		0.56	 0.56	    1.5         0.0	   		0.0 //ROXO
6306		32002		  17		    0		 	   0.56		0.56	 0.56	    1.5         0.0	   		0.0
6306		32002		  18		    0		 	   0.56		0.56	 0.56	    1.5         0.0	   		0.0
6306		32002		  19		    0		 	   0.56		0.56	 0.56	    1.5         0.0	   		0.0
6306		32002		  20		    0		 	   0.56		0.56	 0.56	    1.5         0.0	   		0.0
6306		32002		  21		    0		 	   0.56		0.56	 0.56	    1.5         0.0	   		0.0
6306		32002		  22		    0		 	   0.56		0.56	 0.56	    1.5         0.0	   		0.0
6306		32002		  23		    0		 	   0.56		0.56	 0.56	    1.5         0.0	   		0.0
6306		32002		  24		    0		 	   0.56		0.56	 0.56	    1.5         0.0	   		0.0
6306		32002		  25		    0		 	   0.56		0.56	 0.56	    1.5         0.0	   		0.0
6306		32002		  26		    0		 	   0.56		0.56	 0.56	    1.5         0.0	   		0.0
6306		32002		  27		    0		 	   0.56		0.56	 0.56	    1.5         0.0	   		0.0
6306		32002		  28		    0		 	   0.56		0.56	 0.56	    1.5         0.0	   		0.0
6306		32002		  29		    0		 	   0.56		0.56	 0.56	    1.5         0.0	   		0.0
6306		32002		  30		    0		 	   0.56		0.56	 0.56	    1.5         0.0	   		0.0
6306		32002		  31		    0		 	   0.56		0.56	 0.56	    1.5         0.0	   		0.0
6306		32002		  32		    0		 	   0.56		0.56	 0.56	    1.5         0.0	   		0.0
6306		32002		  33		    0		 	   0.56		0.56	 0.56	    1.5         0.0	   		0.0
6306		32002		  34		    0		 	   0.56		0.56	 0.56	    1.5         0.0	   		0.0
6306		32002		  35		    0		 	   0.56		0.56	 0.56	    1.5         0.0	   		0.0
6306		32002		  36		    0		 	   0.56		0.56	 0.56	    1.5         0.0	   		0.0
6306		32002		  37		    0		 	   0.56		0.56	 0.56	    1.5         0.0	   		0.0
6306		32002		  38		    0		 	   0.56		0.56	 0.56	    1.5         0.0	   		0.0
6306		32002		  39		    0		 	   0.56		0.56	 0.56	    1.5         0.0	   		0.0
6306		32002		  40		    0		 	   0.56		0.56	 0.56	    1.5         0.0	   		0.0
6306		32002		  41		    0		 	   0.56		0.56	 0.56	    1.5         0.0	   		0.0
6306		32002		  42		    0		 	   0.56		0.56	 0.56	    1.5         0.0	   		0.0
6306		32002		  43		    0		 	   0.56		0.56	 0.56	    1.5         0.0	   		0.0
6306		32002		  44		    0		 	   0.56		0.56	 0.56	    1.5         0.0	   		0.0
6306		32002		  45		    0		 	   0.56		0.56	 0.56	    1.5         0.0	   		0.0
6306		32002		  46		    0		 	   0.56		0.56	 0.56	    1.5         0.0	   		0.0
6306		32002		  47		    0		 	   0.56		0.56	 0.56	    1.5         0.0	   		0.0
6306		32002		  48		    0		 	   0.56		0.56	 0.56	    1.5         0.0	   		0.0
6306		32002		  49		    0		 	   0.56		0.56	 0.56	    1.5         0.0	   		0.0
//Staff Of Rabbit [RL]
2636           32002           1           0             0.86		0.40	 0.10      0.7          0.00        0.00
2636           32002           2           0             0.86		0.40	 0.10      0.7          0.00        0.00
2636           32002           3           0             0.86		0.40	 0.10      0.7          0.00        0.00
2636           32002           4           0             0.86		0.40	 0.10      0.7          0.00        0.00
2636           32002           5           0             0.86		0.40	 0.10      0.7          0.00        0.00
2636           32002           6           0             0.86		0.40	 0.10      0.7          0.00        0.00
2636           32002           7           0             0.86		0.40	 0.10      0.7          0.00        0.00
2636           32002           8           0             0.86		0.40	 0.10      0.7          0.00        0.00
2636           32002           9           0             0.86		0.40	 0.10      0.7          0.00        0.00
2636           32002           10          0             0.86		0.40	 0.10      0.7          0.00        0.00
2636           32002           11          0             0.86		0.40	 0.10      0.7          0.00        0.00
2636           32002           12          0             0.86		0.40	 0.10      0.7          0.00        0.00
2636           32002           13          0             0.86		0.40	 0.10      0.7          0.00        0.00
2636           32002           14          0             0.86		0.40	 0.10      0.7          0.00        0.00
2636           32002           15          0             0.86		0.40	 0.10      0.7          0.00        0.00
2636           32002           16          0             0.86		0.40	 0.10      0.7          0.00        0.00
2636           32002           17          0             0.86		0.40	 0.10      0.7          0.00        0.00
2636           32002           18          0             0.58		0.08	 0.36      0.7          0.00        0.00
2636           32002           19          0             0.58		0.08	 0.36      0.7          0.00        0.00
2636           32002           20          0             0.58		0.08	 0.36      0.7          0.00        0.00
2636           32002           21          0             0.58		0.08	 0.36      0.7          0.00        0.00
2636           32002           22          0             0.58		0.08	 0.36      0.7          0.00        0.00
2636           32002           23          0             0.58		0.08	 0.36      0.7          0.00        0.00
2636           32002           24          0             0.58		0.08	 0.36      0.7          0.00        0.00
2636           32002           25          0             0.58		0.08	 0.36      0.7          0.00        0.00
2636           32002           26          0             0.58		0.08	 0.36      0.7          0.00        0.00
2636           32002           27          0             0.58		0.08	 0.36      0.7          0.00        0.00
2636           32002           28          0             0.56		0.56	 0.56      0.7          0.00        0.00
2636           32002           29          0             0.56		0.56	 0.56      0.7          0.00        0.00
2636           32002           30          0             0.56		0.56	 0.56      0.7          0.00        0.00
2636           32002           31          0             0.56		0.56	 0.56      0.7          0.00        0.00
2636           32002           32          0             0.56		0.56	 0.56      0.7          0.00        0.00
2636           32002           33          0             0.56		0.56	 0.56      0.7          0.00        0.00
2636           32002           34          0             0.56		0.56	 0.56      0.7          0.00        0.00
2636           32002           35          0             0.56		0.56	 0.56      0.7          0.00        0.00
2636           32002           36          0             0.56		0.56	 0.56      0.7          0.00        0.00
2636           32002           37          0             0.56		0.56	 0.56      0.7          0.00        0.00
2636           32002           38          0             0.56		0.56	 0.56      0.7          0.00        0.00
2636           32002           39          0             0.56		0.56	 0.56      0.7          0.00        0.00
2636           32002           40          0             0.56		0.56	 0.56      0.7          0.00        0.00
2636           32002           41          0             0.56		0.56	 0.56      0.7          0.00        0.00
2636           32002           42          0             0.56		0.56	 0.56      0.7          0.00        0.00
2636           32002           43          0             0.56		0.56	 0.56      0.7          0.00        0.00
2636           32002           44          0             0.56		0.56	 0.56      0.7          0.00        0.00
2636           32002           45          0             0.56		0.56	 0.56      0.7          0.00        0.00
2636           32002           46          0             0.56		0.56	 0.56      0.7          0.00        0.00
//Shield Of Rabbit [RL]
3140           32002           1           0             0.45		0.18	 0.12      0.7          0.00        0.00
3140           32002           2           0             0.45		0.18	 0.12      0.7          0.00        0.00
3140           32002           3           0             0.45		0.18	 0.12      0.7          0.00        0.00
3140           32002           4           0             0.45		0.18	 0.12      0.7          0.00        0.00
3140           32002           5           0             0.45		0.18	 0.12      0.7          0.00        0.00
3140           32002           6           0             0.95		0.33	 0.12      0.7          0.00        0.00
3140           32002           7           0             0.95		0.33	 0.12      0.7          0.00        0.00
3140           32002           8           0             0.58		0.08	 0.36      0.7          0.00        0.00
3140           32002           9           0             0.58		0.08	 0.36      0.7          0.00        0.00
3140           32002           10          0             0.58		0.08	 0.36      0.7          0.00        0.00
3140           32002           11          0             0.58		0.08	 0.36      0.7          0.00        0.00
3140           32002           12          0             0.58		0.08	 0.36      0.7          0.00        0.00
3140           32002           13          0             0.58		0.08	 0.36      0.7          0.00        0.00
3140           32002           14          0             0.58		0.08	 0.36      0.7          0.00        0.00
3140           32002           15          0             0.58		0.08	 0.36      0.7          0.00        0.00
3140           32002           16          0             0.58		0.08	 0.36      0.7          0.00        0.00
3140           32002           17          0             0.58		0.08	 0.36      0.7          0.00        0.00
3140           32002           18          0             0.58		0.08	 0.36      0.7          0.00        0.00
3140           32002           19          0             0.58		0.08	 0.36      0.7          0.00        0.00
3140           32002           20          0             0.56		0.56	 0.56      0.7          0.00        0.00
3140           32002           21          0             0.56		0.56	 0.56      0.7          0.00        0.00
3140           32002           22          0             0.56		0.56	 0.56      0.7          0.00        0.00
3140           32002           23          0             0.56		0.56	 0.56      0.7          0.00        0.00
3140           32002           24          0             0.56		0.56	 0.56      0.7          0.00        0.00
3140           32002           25          0             0.56		0.56	 0.56      0.7          0.00        0.00
3140           32002           26          0             0.56		0.56	 0.56      0.7          0.00        0.00
3140           32002           27          0             0.56		0.56	 0.56      0.7          0.00        0.00
3140           32002           28          0             0.56		0.56	 0.56      0.7          0.00        0.00
3140           32002           29          0             0.56		0.56	 0.56      0.7          0.00        0.00
3140           32002           30          0             0.56		0.56	 0.56      0.7          0.00        0.00
3140           32002           31          0             0.56		0.56	 0.56      0.7          0.00        0.00
3140           32002           32          0             0.56		0.56	 0.56      0.7          0.00        0.00
3140           32002           33          0             0.56		0.56	 0.56      0.7          0.00        0.00
//Mace Of Rabbit [RL]
1090           32002           1           0             0.86		0.40	 0.10      0.7          0.00        0.00
1090           32002           2           0             0.86		0.40	 0.10      0.7          0.00        0.00
1090           32002           3           0             0.86		0.40	 0.10      0.7          0.00        0.00
1090           32002           4           0             0.86		0.40	 0.10      0.7          0.00        0.00
1090           32002           5           0             0.86		0.40	 0.10      0.7          0.00        0.00
1090           32002           6           0             0.86		0.40	 0.10      0.7          0.00        0.00
1090           32002           7           0             0.86		0.40	 0.10      0.7          0.00        0.00
1090           32002           8           0             0.86		0.40	 0.10      0.7          0.00        0.00
1090           32002           9           0             0.86		0.40	 0.10      0.7          0.00        0.00
1090           32002           10          0             0.86		0.40	 0.10      0.7          0.00        0.00
1090           32002           11          0             0.86		0.40	 0.10      0.7          0.00        0.00
1090           32002           12          0             0.86		0.40	 0.10      0.7          0.00        0.00
1090           32002           13          0             0.86		0.40	 0.10      0.7          0.00        0.00
1090           32002           14          0             0.86		0.40	 0.10      0.7          0.00        0.00
1090           32002           15          0             0.86		0.40	 0.10      0.7          0.00        0.00
1090           32002           16          0             0.86		0.40	 0.10      0.7          0.00        0.00
1090           32002           17          0             0.86		0.40	 0.10      0.7          0.00        0.00
1090           32002           18          0             0.4		0.15	 0.09      0.7          0.00        0.00
1090           32002           19          0             0.4		0.15	 0.09      0.7          0.00        0.00
1090           32002           20          0             0.4		0.15	 0.09      0.7          0.00        0.00
1090           32002           21          0             0.4		0.15	 0.09      0.7          0.00        0.00
1090           32002           22          0             0.4		0.15	 0.09      0.7          0.00        0.00
1090           32002           23          0             0.4		0.15	 0.09      0.7          0.00        0.00
1090           32002           24          0             0.4		0.15	 0.09      0.7          0.00        0.00
1090           32002           25          0             0.4		0.15	 0.09      0.7          0.00        0.00
1090           32002           26          0             0.4		0.15	 0.09      0.7          0.00        0.00
//Bow Of Rabbit [RL]
2111           32002           1           0             0.86		0.40	 0.10      0.7          0.00        0.00
2111           32002           2           0             0.86		0.40	 0.10      0.7          0.00        0.00
2111           32002           3           0             0.86		0.40	 0.10      0.7          0.00        0.00
2111           32002           4           0             0.86		0.40	 0.10      0.7          0.00        0.00
2111           32002           5           0             0.86		0.40	 0.10      0.7          0.00        0.00
2111           32002           6           0             0.86		0.40	 0.10      0.7          0.00        0.00
2111           32002           7           0             0.86		0.40	 0.10      0.7          0.00        0.00
2111           32002           8           0             0.86		0.40	 0.10      0.7          0.00        0.00
2111           32002           9           0             0.86		0.40	 0.10      0.7          0.00        0.00
2111           32002           10          0             0.86		0.40	 0.10      0.7          0.00        0.00
2111           32002           11          0             0.86		0.40	 0.10      0.7          0.00        0.00
2111           32002           12          0             0.86		0.40	 0.10      0.7          0.00        0.00
2111           32002           13          0             0.86		0.40	 0.10      0.7          0.00        0.00
2111           32002           14          0             0.86		0.40	 0.10      0.7          0.00        0.00
2111           32002           15          0             0.86		0.40	 0.10      0.7          0.00        0.00
//Sword War 2.0
99	      32380 		2 	 		  0 			1.00     0.5     0.0	   0.3		   0.0		   0.0
99	      32380 		3 	 		  0 			1.00     0.5     0.0	   0.3		   0.0		   0.0
99	      32380 		4 	 		  0 			1.00     0.5     0.0	   0.3		   0.0		   0.0
99	      32380 		5 	 		  0 			1.00     0.5     0.0	   0.3		   0.0		   0.0
99	      32380 		6 	 		  0 			1.00     0.5     0.0	   0.3		   0.0		   0.0
99	      32380 		7 	 		  0 			1.00     0.5     0.0	   0.3		   0.0		   0.0
99	      32380 		8 	 		  0 			1.00     0.5     0.0	   0.3		   0.0		   0.0
99	      32380 		9 	 		  0 			1.00     0.5     0.0	   0.3		   0.0		   0.0
99	      32380 		10	 		  0 			1.00     0.5     0.0	   0.3		   0.0		   0.0
99	      32380 		11	 		  0 			1.00     0.5     0.0	   0.3		   0.0		   0.0
99	      32380 		12	 		  0 			1.00     0.5     0.0	   0.3		   0.0		   0.0
99	      32380 		13	 		  0 			1.00     0.5     0.0	   0.3		   0.0		   0.0
99	      32380 		14	 		  0 			1.00     0.5     0.0	   0.3		   0.0		   0.0
99	      32380 		15	 		  0 			1.00     0.5     0.0	   0.3		   0.0		   0.0
99	      32380 		16	 		  0 			1.00     0.5     0.0	   0.3		   0.0		   0.0
99	      32380 		17	 		  0 			1.00     0.5     0.0	   0.3		   0.0		   0.0
99	      32380 		18	 		  0 			1.00     0.5     0.0	   0.3		   0.0		   0.0
99	      32380 		19	 		  0 			1.00     0.5     0.0	   0.3		   0.0		   0.0
99	      32380 		20	 		  0 			1.00     0.5     0.0	   0.3		   0.0		   0.0
99	      32380 		21	 		  0 			1.00     0.5     0.0	   0.3		   0.0		   0.0
99	      32380 		22	 		  0 			1.00     0.5     0.0	   0.3		   0.0		   0.0
99	      32380 		23	 		  0 			1.00     0.5     0.0	   0.3		   0.0		   0.0
99	      32380 		24	 		  0 			1.00     0.5     0.0	   0.3		   0.0		   0.0
99	      32380 		25	 		  0 			1.00     0.5     0.0	   0.3		   0.0		   0.0
99	      32380 		26	 		  0 			1.00     0.5     0.0	   0.3		   0.0		   0.0
99	      32380 		27	 		  0 			1.00     0.5     0.0	   0.3		   0.0		   0.0
99	      32380 		28	 		  0 			1.00     0.5     0.0	   0.3		   0.0		   0.0
99	      32380 		29	 		  0 			1.00     0.5     0.0	   0.3		   0.0		   0.0
99	      32380 		30	 		  0 			1.00     0.5     0.0	   0.3		   0.0		   0.0
99	      32380 		31	 		  0 			1.00     0.5     0.0	   0.3		   0.0		   0.0
99	      32380 		32	 		  0 			1.00     0.5     0.0	   0.3		   0.0		   0.0
99	      32380 		33	 		  0 			1.00     0.5     0.0	   0.3		   0.0		   0.0
99	      32380 		34	 		  0 			1.00     0.5     0.0	   0.3		   0.0		   0.0
99	      32380 		35	 		  0 			1.00     0.5     0.0	   0.3		   0.0		   0.0
99	      32380 		36	 		  0 			1.00     0.5     0.0	   0.3		   0.0		   0.0
99	      32380 		37	 		  0 			1.00     0.5     0.0	   0.3		   0.0		   0.0
99	      32380 		38	 		  0 			1.00     0.5     0.0	   0.3		   0.0		   0.0
99	      32380 		39	 		  0 			1.00     0.5     0.0	   0.3		   0.0		   0.0
99	      32380 		40	 		  0 			1.00     0.5     0.0	   0.3		   0.0		   0.0
99	      32380 		41	 		  0 			1.00     0.5     0.0	   0.3		   0.0		   0.0
99	      32380 		42	 		  0 			1.00     0.5     0.0	   0.3		   0.0		   0.0
99	      32380 		43	 		  0 			1.00     0.5     0.0	   0.3		   0.0		   0.0
99	      32380 		44	 		  0 			1.00     0.5     0.0	   0.3		   0.0		   0.0
99	      32380 		45	 		  0 			1.00     0.5     0.0	   0.3		   0.0		   0.0
99	      32380 		46	 		  0 			1.00     0.5     0.0	   0.3		   0.0		   0.0
99	      32380 		47	 		  0 			1.00     0.5     0.0	   0.3		   0.0		   0.0
99	      32380 		48	 		  0 			1.00     0.5     0.0	   0.3		   0.0		   0.0
99	      32380 		49	 		  0 			1.00     0.5     0.0	   0.3		   0.0		   0.0
99	      32380 		50	 		  0 			1.00     0.5     0.0	   0.3		   0.0		   0.0
99	      32380 		51	 		  0 			1.00     0.5     0.0	   0.3		   0.0		   0.0
99	      32380 		52	 		  0 			1.00     0.5     0.0	   0.3		   0.0		   0.0
99	      32380 		53	 		  0 			1.00     0.5     0.0	   0.3		   0.0		   0.0
99	      32380 		54	 		  0 			1.00     0.5     0.0	   0.3		   0.0		   0.0
99	      32380 		55	 		  0 			1.00     0.5     0.0	   0.3		   0.0		   0.0
//Scepeter War 2.0
100	      32380 		1 	 		  0 			1.00     0.5     0.0	   0.2		   0.0		   0.0
100	      32380 		2 	 		  0 			1.00     0.5     0.0	   0.2		   0.0		   0.0
100	      32380 		3 	 		  0 			1.00     0.5     0.0	   0.2		   0.0		   0.0
100	      32380 		4 	 		  0 			1.00     0.5     0.0	   0.2		   0.0		   0.0
100	      32380 		5 	 		  0 			1.00     0.5     0.0	   0.3		   0.0		   0.0
100	      32380 		6 	 		  0 			1.00     0.5     0.0	   0.3		   0.0		   0.0
100	      32380 		7 	 		  0 			1.00     0.5     0.0	   0.3		   0.0		   0.0
100	      32380 		8 	 		  0 			1.00     0.5     0.0	   0.3		   0.0		   0.0
100	      32380 		9 	 		  0 			1.00     0.5     0.0	   0.3		   0.0		   0.0
100	      32380 		10	 		  0 			1.00     0.5     0.0	   0.5		   0.0		   0.0
100	      32380 		11	 		  0 			1.00     0.5     0.0	   0.3		   0.0		   0.0
100	      32380 		12	 		  0 			1.00     0.5     0.0	   0.3		   0.0		   0.0
100	      32380 		13	 		  0 			1.00     0.5     0.0	   0.3		   0.0		   0.0
100	      32380 		14	 		  0 			1.00     0.5     0.0	   0.5		   0.0		   0.0
100	      32380 		15	 		  0 			1.00     0.5     0.0	   0.3		   0.0		   0.0
100	      32380 		16	 		  0 			1.00     0.5     0.0	   0.3		   0.0		   0.0
100	      32380 		17	 		  0 			1.00     0.5     0.0	   0.6		   0.0		   0.0
100	      32380 		18	 		  0 			1.00     0.5     0.0	   0.6		   0.0		   0.0
100	      32380 		19	 		  0 			1.00     0.5     0.0	   0.5		   0.0		   0.0
100	      32380 		20	 		  0 			1.00     0.5     0.0	   0.6		   0.0		   0.0
100	      32380 		21	 		  0 			1.00     0.5     0.0	   0.6		   0.0		   0.0
100	      32380 		22	 		  0 			1.00     0.5     0.0	   0.5		   0.0		   0.0
100	      32380 		23	 		  0 			1.00     0.5     0.0	   0.6		   0.0		   0.0
100	      32380 		24	 		  0 			1.00     0.5     0.0	   0.5		   0.0		   0.0
100	      32380 		25	 		  0 			1.00     0.5     0.0	   0.4		   0.0		   0.0
100	      32380 		26	 		  0 			1.00     0.5     0.0	   0.3		   0.0		   0.0
//Mace War 2.0
1091	      32380 		0 	 		  0 			1.00     0.5     0.0	   0.3		   0.0		   0.0
1091	      32380 		1 	 		  0 			1.00     0.5     0.0	   0.3		   0.0		   0.0
1091	      32380 		2 	 		  0 			1.00     0.5     0.0	   0.3		   0.0		   0.0
1091	      32380 		3 	 		  0 			1.00     0.5     0.0	   0.3		   0.0		   0.0
1091	      32380 		4 	 		  0 			1.00     0.5     0.0	   0.3		   0.0		   0.0
1091	      32380 		5 	 		  0 			1.00     0.5     0.0	   0.3		   0.0		   0.0
1091	      32380 		6 	 		  0 			1.00     0.5     0.0	   0.3		   0.0		   0.0
1091	      32380 		7 	 		  0 			1.00     0.5     0.0	   0.3		   0.0		   0.0
1091	      32380 		8 	 		  0 			1.00     0.5     0.0	   0.3		   0.0		   0.0
1091	      32380 		9 	 		  0 			1.00     0.5     0.0	   0.3		   0.0		   0.0
1091	      32380 		10	 		  0 			1.00     0.5     0.0	   0.3		   0.0		   0.0
1091	      32380 		11	 		  0 			1.00     0.5     0.0	   0.3		   0.0		   0.0
1091	      32380 		12	 		  0 			1.00     0.5     0.0	   0.3		   0.0		   0.0
1091	      32380 		13	 		  0 			1.00     0.5     0.0	   0.3		   0.0		   0.0
1091	      32380 		14	 		  0 			1.00     0.5     0.0	   0.3		   0.0		   0.0
1091	      32380 		15	 		  0 			1.00     0.5     0.0	   0.3		   0.0		   0.0
1091	      32380 		16	 		  0 			1.00     0.5     0.0	   0.3		   0.0		   0.0
1091	      32380 		17	 		  0 			1.00     0.5     0.0	   0.3		   0.0		   0.0
1091	      32380 		18	 		  0 			1.00     0.5     0.0	   0.3		   0.0		   0.0
1091	      32380 		19	 		  0 			1.00     0.5     0.0	   0.3		   0.0		   0.0
1091	      32380 		20	 		  0 			1.00     0.5     0.0	   0.3		   0.0		   0.0
1091	      32380 		21	 		  0 			1.00     0.5     0.0	   0.3		   0.0		   0.0
1091	      32380 		22	 		  0 			1.00     0.5     0.0	   0.3		   0.0		   0.0
1091	      32380 		23	 		  0 			1.00     0.5     0.0	   0.3		   0.0		   0.0
1091	      32380 		24	 		  0 			1.00     0.5     0.0	   0.3		   0.0		   0.0
//Staff War 2.0
2637	      32380 		1 	 		  0 			1.00     0.5     0.0	   0.5		   0.0		   0.0
2637	      32380 		2 	 		  0 			1.00     0.5     0.0	   0.5		   0.0		   0.0
2637	      32380 		3 	 		  0 			1.00     0.5     0.0	   0.4		   0.0		   0.0
2637	      32380 		4 	 		  0 			1.00     0.5     0.0	   0.4		   0.0		   0.0
2637	      32380 		5 	 		  0 			1.00     0.5     0.0	   0.4		   0.0		   0.0
2637	      32380 		6 	 		  0 			1.00     0.5     0.0	   0.4		   0.0		   0.0
2637	      32380 		7 	 		  0 			1.00     0.5     0.0	   0.4		   0.0		   0.0
2637	      32380 		8 	 		  0 			1.00     0.5     0.0	   0.4		   0.0		   0.0
2637	      32380 		9 	 		  0 			1.00     0.5     0.0	   0.4		   0.0		   0.0
2637	      32380 		10	 		  0 			1.00     0.5     0.0	   0.4		   0.0		   0.0
2637	      32380 		11	 		  0 			1.00     0.5     0.0	   0.4		   0.0		   0.0
2637	      32380 		12	 		  0 			1.00     0.5     0.0	   0.4		   0.0		   0.0
2637	      32380 		13	 		  0 			1.00     0.5     0.0	   0.4		   0.0		   0.0
2637	      32380 		14	 		  0 			1.00     0.5     0.0	   0.4		   0.0		   0.0
2637	      32380 		15	 		  0 			1.00     0.5     0.0	   0.4		   0.0		   0.0
2637	      32380 		16	 		  0 			1.00     0.5     0.0	   0.4		   0.0		   0.0
2637	      32380 		17	 		  0 			1.00     0.5     0.0	   0.4		   0.0		   0.0
2637	      32380 		18	 		  0 			1.00     0.5     0.0	   0.4		   0.0		   0.0
2637	      32380 		19	 		  0 			1.00     0.5     0.0	   0.4		   0.0		   0.0
2637	      32380 		20	 		  0 			1.00     0.5     0.0	   0.4		   0.0		   0.0
//Bow War 2.0
2112	      32380 		8	 		  0 			1.00     0.5     0.0	   0.5		   0.0		   0.0
2112	      32380 		9	 		  0 			1.00     0.5     0.0	   0.5		   0.0		   0.0
2112	      32380 		18	 		  0 			1.00     0.5     0.0	   0.5		   0.0		   0.0
2112	      32380 		49	 		  0 			1.00     0.5     0.0	   0.5		   0.0		   0.0
2112	      32380 		50	 		  0 			1.00     0.5     0.0	   0.5		   0.0		   0.0
2112	      32380 		51	 		  0 			1.00     0.5     0.0	   0.5		   0.0		   0.0
2112	      32380 		52	 		  0 			1.00     0.5     0.0	   0.5		   0.0		   0.0
2112	      32380 		53	 		  0 			1.00     0.5     0.0	   0.5		   0.0		   0.0
2112	      32380 		54	 		  0 			1.00     0.5     0.0	   0.5		   0.0		   0.0
2112	      32380 		62	 		  0 			1.00     0.5     0.0	   0.5		   0.0		   0.0
2112	      32380 		26	 		  0 			1.00     0.5     0.0	   0.4		   0.0		   0.0
2112	      32380 		27	 		  0 			1.00     0.5     0.0	   0.5		   0.0		   0.0
2112	      32380 		36	 		  0 			1.00     0.5     0.0	   0.5		   0.0		   0.0
2112	      32380 		55	 		  0 			1.00     0.5     0.0	   0.5		   0.0		   0.0
2112	      32380 		56	 		  0 			1.00     0.5     0.0	   0.5		   0.0		   0.0
2112	      32380 		57	 		  0 			1.00     0.5     0.0	   0.5		   0.0		   0.0
2112	      32380 		58	 		  0 			1.00     0.5     0.0	   0.5		   0.0		   0.0
2112	      32380 		59	 		  0 			1.00     0.5     0.0	   0.5		   0.0		   0.0
2112	      32380 		60	 		  0 			1.00     0.5     0.0	   0.5		   0.0		   0.0
2112	      32380 		61	 		  0 			1.00     0.5     0.0	   0.5		   0.0		   0.0
2112	      32380 		63	 		  0 			1.00     0.5     0.0	   0.4		   0.0		   0.0
2112	      32380 		16	 		  0 			1.00     0.5     0.0	   0.6		   0.0		   0.0
2112	      32380 		17	 		  0 			1.00     0.5     0.0	   0.6		   0.0		   0.0
2112	      32380 		28	 		  0 			1.00     0.5     0.0	   0.6		   0.0		   0.0
2112	      32380 		29	 		  0 			1.00     0.5     0.0	   0.6		   0.0		   0.0
2112	      32380 		19	 		  0 			1.00     0.5     0.0	   0.6		   0.0		   0.0
2112	      32380 		19	 		  0 			1.00     0.5     0.0	   0.4		   0.0		   0.0
2112	      32380 		37	 		  0 			1.00     0.5     0.0	   0.5		   0.0		   0.0
2112	      32380 		37	 		  0 			1.00     0.5     0.0	   0.4		   0.0		   0.0
2112	      32380 		10	 		  0 			1.00     0.5     0.0	   0.4		   0.0		   0.0
2112	      32380 		11	 		  0 			1.00     0.5     0.0	   0.4		   0.0		   0.0
2112	      32380 		12	 		  0 			1.00     0.5     0.0	   0.4		   0.0		   0.0
2112	      32380 		13	 		  0 			1.00     0.5     0.0	   0.4		   0.0		   0.0
2112	      32380 		14	 		  0 			1.00     0.5     0.0	   0.4		   0.0		   0.0
2112	      32380 		15	 		  0 			1.00     0.5     0.0	   0.4		   0.0		   0.0
2112	      32380 		30	 		  0 			1.00     0.5     0.0	   0.4		   0.0		   0.0
2112	      32380 		31	 		  0 			1.00     0.5     0.0	   0.4		   0.0		   0.0
2112	      32380 		32	 		  0 			1.00     0.5     0.0	   0.4		   0.0		   0.0
2112	      32380 		33	 		  0 			1.00     0.5     0.0	   0.4		   0.0		   0.0
2112	      32380 		34	 		  0 			1.00     0.5     0.0	   0.4		   0.0		   0.0
2112	      32380 		35	 		  0 			1.00     0.5     0.0	   0.4		   0.0		   0.0
//Capa Of War 2.0
6296	      32380 		0 	 		  0 			1.00     0.5     0.0	   0.4		   0.0		   0.0
6296	      32380 		1 	 		  0 			1.00     0.5     0.0	   0.4		   0.0		   0.0
6296	      32380 		2 	 		  0 			1.00     0.5     0.0	   0.4		   0.0		   0.0
6296	      32380 		3 	 		  0 			1.00     0.5     0.0	   0.4		   0.0		   0.0
6296	      32380 		4 	 		  0 			1.00     0.5     0.0	   0.4		   0.0		   0.0
6296	      32380 		5 	 		  0 			1.00     0.5     0.0	   0.4		   0.0		   0.0
6296	      32380 		6 	 		  0 			1.00     0.5     0.0	   0.4		   0.0		   0.0
6296	      32380 		7 	 		  0 			1.00     0.5     0.0	   0.4		   0.0		   0.0
6296	      32380 		8 	 		  0 			1.00     0.5     0.0	   0.4		   0.0		   0.0
6296	      32380 		9 	 		  0 			1.00     0.5     0.0	   0.4		   0.0		   0.0
6296	      32380 		10	 		  0 			1.00     0.5     0.0	   0.4		   0.0		   0.0
6296	      32380 		11	 		  0 			1.00     0.5     0.0	   0.4		   0.0		   0.0
6296	      32380 		12	 		  0 			1.00     0.5     0.0	   0.4		   0.0		   0.0
6296	      32380 		13	 		  0 			1.00     0.5     0.0	   0.4		   0.0		   0.0
6296	      32380 		14	 		  0 			1.00     0.5     0.0	   0.4		   0.0		   0.0
6296	      32380 		15	 		  0 			1.00     0.5     0.0	   0.4		   0.0		   0.0
6296	      32380 		16	 		  0 			1.00     0.5     0.0	   0.4		   0.0		   0.0
6296	      32380 		17	 		  0 			1.00     0.5     0.0	   0.4		   0.0		   0.0
6296	      32380 		18	 		  0 			1.00     0.5     0.0	   0.4		   0.0		   0.0
6296	      32380 		19	 		  0 			1.00     0.5     0.0	   0.4		   0.0		   0.0
6296	      32380 		20	 		  0 			1.00     0.5     0.0	   0.4		   0.0		   0.0
6296	      32380 		21	 		  0 			1.00     0.5     0.0	   0.7		   0.0		   0.0
6296	      32380 		22	 		  0 			1.00     0.5     0.0	   0.7		   0.0		   0.0
6296	      32380 		23	 		  0 			1.00     0.5     0.0	   0.7		   0.0		   0.0
6296	      32380 		24	 		  0 			1.00     0.5     0.0	   0.7		   0.0		   0.0
6296	      32380 		25	 		  0 			1.00     0.5     0.0	   0.7		   0.0		   0.0
6296	      32380 		26	 		  0 			1.00     0.5     0.0	   0.4		   0.0		   0.0
6296	      32380 		27	 		  0 			1.00     0.5     0.0	   0.4		   0.0		   0.0
6296	      32380 		28	 		  0 			1.00     0.5     0.0	   0.4		   0.0		   0.0
6296	      32380 		29	 		  0 			1.00     0.5     0.0	   0.4		   0.0		   0.0
6296	      32380 		30	 		  0 			1.00     0.5     0.0	   0.4		   0.0		   0.0
6296	      32380 		31	 		  0 			1.00     0.5     0.0	   0.4		   0.0		   0.0
6296	      32380 		32	 		  0 			1.00     0.5     0.0	   0.7		   0.0		   0.0
6296	      32380 		33	 		  0 			1.00     0.5     0.0	   0.7		   0.0		   0.0
6296	      32380 		34	 		  0 			1.00     0.5     0.0	   0.7		   0.0		   0.0
6296	      32380 		35	 		  0 			1.00     0.5     0.0	   0.7		   0.0		   0.0
6296	      32380 		36	 		  0 			1.00     0.5     0.0	   0.7		   0.0		   0.0
//Wing Of War 2.0
6295	      32380 		7	 		  0 			1.00     0.5     0.0	   0.5		   0.0		   0.0
6295	      32380 		15	 		  0 			1.00     0.5     0.0	   0.5		   0.0		   0.0
6295	      32380 		23	 		  0 			1.00     0.5     0.0	   0.6		   0.0		   0.0
6295	      32380 		24	 		  0 			1.00     0.5     0.0	   0.4		   0.0		   0.0
6295	      32380 		30	 		  0 			1.00     0.5     0.0	   0.5		   0.0		   0.0
6295	      32380 		38	 		  0 			1.00     0.5     0.0	   0.5		   0.0		   0.0
6295	      32380 		46	 		  0 			1.00     0.5     0.0	   0.6		   0.0		   0.0
6295	      32380 		47	 		  0 			1.00     0.5     0.0	   0.7		   0.0		   0.0
6295	      32380 		58	 		  0 			1.00     0.5     0.0	   0.5		   0.0		   0.0
6295	      32380 		51	 		  0 			1.00     0.5     0.0	   0.5		   0.0		   0.0
6295	      32380 		28	 		  0 			1.00     0.5     0.0	   0.7		   0.0		   0.0
6295	      32380 		37	 		  0 			1.00     0.5     0.0	   0.6		   0.0		   0.0
6295	      32380 		42	 		  0 			1.00     0.5     0.0	   0.6		   0.0		   0.0
6295	      32380 		05	 		  0 			1.00     0.5     0.0	   0.7		   0.0		   0.0
6295	      32380 		14	 		  0 			1.00     0.5     0.0	   0.6		   0.0		   0.0
6295	      32380 		19	 		  0 			1.00     0.5     0.0	   0.6		   0.0		   0.0
6295	      32380 		57	 		  0 			1.00     0.5     0.0	   0.7		   0.0		   0.0
6295	      32380 		60	 		  0 			1.00     0.5     0.0	   0.6		   0.0		   0.0
6295	      32380 		61	 		  0 			1.00     0.5     0.0	   0.6		   0.0		   0.0
6295	      32380 		50	 		  0 			1.00     0.5     0.0	   0.7		   0.0		   0.0
6295	      32380 		53	 		  0 			1.00     0.5     0.0	   0.6		   0.0		   0.0
6295	      32380 		54	 		  0 			1.00     0.5     0.0	   0.6		   0.0		   0.0
//Capa Of Abaddon
6298		32002		  1		    0		 	   0.98     0.50     0.09       	0.5         0.0	   		0.0 
6298		32002		  2		    0		 	   0.98     0.50     0.09       	0.5         0.0	   		0.0 
6298		32002		  3		    0		 	   0.98     0.50     0.09       	0.5         0.0	   		0.0 
6298		32002		  4		    0		 	   0.98     0.50     0.09       	0.5         0.0	   		0.0 
6298		32002		  5		    0		 	   0.98     0.50     0.09       	0.5         0.0	   		0.0 
6298		32002		  6		    0		 	   0.98     0.50     0.09       	0.5         0.0	   		0.0 
6298		32002		  7		    0		 	   0.98     0.50     0.09       	0.5         0.0	   		0.0 
6298		32002		  8		    0		 	   0.98     0.50     0.09       	0.5         0.0	   		0.0 
//Wing Of Abaddon
6297		32002		  11		    0		 	   0.98     0.50     0.09       	1.0         0.0	   		0.0 
6297		32002		  12		    0		 	   0.98     0.50     0.09       	1.0         0.0	   		0.0 
6297		32002		  13		    0		 	   0.98     0.50     0.09       	1.0         0.0	   		0.0 
6297		32002		  14		    0		 	   0.98     0.50     0.09       	1.0         0.0	   		0.0 
6297		32002		  15		    0		 	   0.98     0.50     0.09       	1.0         0.0	   		0.0 
6297		32002		  16		    0		 	   0.98     0.50     0.09       	1.0         0.0	   		0.0 
6297		32002		  17		    0		 	   0.98     0.50     0.09       	1.0         0.0	   		0.0 
6297		32002		  18		    0		 	   0.98     0.50     0.09       	1.0         0.0	   		0.0 
6297		32002		  19		    0		 	   0.98     0.50     0.09       	1.0         0.0	   		0.0 
6297		32002		  20		    0		 	   0.98     0.50     0.09       	1.0         0.0	   		0.0 
6297		32002		  21		    0		 	   0.98     0.50     0.09       	1.0         0.0	   		0.0 
6297		32002		  22		    0		 	   0.98     0.50     0.09       	1.0         0.0	   		0.0 
6297		32002		  23		    0		 	   0.98     0.50     0.09       	1.0         0.0	   		0.0 
6297		32002		  24		    0		 	   0.98     0.50     0.09       	1.0         0.0	   		0.0 
6297		32002		  25		    0		 	   0.98     0.50     0.09       	1.0         0.0	   		0.0 
6297		32002		  26		    0		 	   0.98     0.50     0.09       	1.0         0.0	   		0.0 
//Sword Of Abaddon
101		32002		  1		    0		 	   0.89     0.48     0.14     0.5         0.0	   		0.0
101		32002		  2		    0		 	   0.89     0.48     0.14     0.5         0.0	   		0.0
101		32002		  3		    0		 	   0.89     0.48     0.14     0.5         0.0	   		0.0
101		32002		  4		    0		 	   0.89     0.48     0.14     0.5         0.0	   		0.0
101		32002		  5		    0		 	   0.89     0.48     0.14     0.5         0.0	   		0.0
101		32002		  6		    0		 	   0.89     0.48     0.14     0.5         0.0	   		0.0
101		32002		  7		    0		 	   0.89     0.48     0.14     0.5         0.0	   		0.0
101		32002		  8		    0		 	   0.89     0.48     0.14     0.5         0.0	   		0.0
101		32002		  9		    0		 	   0.89     0.48     0.14     0.5         0.0	   		0.0
//Sttaff Of Abaddon
2638           32002           1           0             0.89     0.48     0.14      0.5          0.00        0.00
2638           32002           2           0             0.89     0.48     0.14      0.5          0.00        0.00
2638           32002           3           0             0.89     0.48     0.14      0.5          0.00        0.00
2638           32002           4           0             0.89     0.48     0.14      0.5          0.00        0.00
2638           32002           5           0             0.89     0.48     0.14      0.5          0.00        0.00
2638           32002           6           0             0.89     0.48     0.14      0.5          0.00        0.00
2638           32002           7           0             0.89     0.48     0.14      0.5          0.00        0.00
2638           32002           8           0             0.89     0.48     0.14      0.5          0.00        0.00
2638           32002           9           0             0.89     0.48     0.14      0.5          0.00        0.00
2638           32002           10          0             0.89     0.48     0.14      0.5          0.00        0.00
2638           32002           11          0             0.89     0.48     0.14      0.5          0.00        0.00
2638           32002           12          0             0.89     0.48     0.14      0.5          0.00        0.00
2638           32002           13          0             0.89     0.48     0.14      0.5          0.00        0.00
2638           32002           14          0             0.89     0.48     0.14      0.5          0.00        0.00
2638           32002           15          0             0.89     0.48     0.14      0.5          0.00        0.00
2638           32002           16          0             0.89     0.48     0.14      0.5          0.00        0.00
//Shield Of Abaddon
3142		32002		  1		    0		 	   0.89     0.48     0.14     0.5         0.0	   		0.0
3142		32002		  2		    0		 	   0.89     0.48     0.14     0.5         0.0	   		0.0
3142		32002		  3		    0		 	   0.89     0.48     0.14     0.5         0.0	   		0.0
3142		32002		  4		    0		 	   0.89     0.48     0.14     0.5         0.0	   		0.0
3142		32002		  5		    0		 	   0.89     0.48     0.14     0.5         0.0	   		0.0
3142		32002		  6		    0		 	   0.89     0.48     0.14     0.5         0.0	   		0.0
3142		32002		  7		    0		 	   0.89     0.48     0.14     0.5         0.0	   		0.0
3142		32002		  8		    0		 	   0.89     0.48     0.14     0.5         0.0	   		0.0
3142		32002		  9		    0		 	   0.89     0.48     0.14     0.5         0.0	   		0.0
3142		32002		  10		    0		 	   0.89     0.48     0.14     0.5         0.0	   		0.0
//Mace Of Abaddon
1092           32002           1           0             0.89     0.48     0.14      0.5          0.00        0.00
1092           32002           2           0             0.89     0.48     0.14      0.5          0.00        0.00
1092           32002           3           0             0.89     0.48     0.14      0.5          0.00        0.00
1092           32002           4           0             0.89     0.48     0.14      0.5          0.00        0.00
1092           32002           5           0             0.89     0.48     0.14      0.5          0.00        0.00
1092           32002           6           0             0.89     0.48     0.14      0.5          0.00        0.00
1092           32002           7           0             0.89     0.48     0.14      0.5          0.00        0.00
1092           32002           8           0             0.89     0.48     0.14      0.5          0.00        0.00
1092           32002           9           0             0.89     0.48     0.14      0.5          0.00        0.00
//Scepeter Of Abaddon
1093           32002           1           0             0.89     0.48     0.14      0.5          0.00        0.00
1093           32002           2           0             0.89     0.48     0.14      0.5          0.00        0.00
1093           32002           3           0             0.89     0.48     0.14      0.5          0.00        0.00
1093           32002           4           0             0.89     0.48     0.14      0.5          0.00        0.00
1093           32002           5           0             0.89     0.48     0.14      0.5          0.00        0.00
1093           32002           6           0             0.89     0.48     0.14      0.5          0.00        0.00
1093           32002           7           0             0.89     0.48     0.14      0.5          0.00        0.00
1093           32002           8           0             0.89     0.48     0.14      0.5          0.00        0.00
1093           32002           9           0             0.89     0.48     0.14      0.5          0.00        0.00
1093           32002           10          0             0.89     0.48     0.14      0.5          0.00        0.00
1093           32002           11          0             0.89     0.48     0.14      0.5          0.00        0.00
1093           32002           12          0             0.89     0.48     0.14      0.5          0.00        0.00
1093           32002           13          0             0.89     0.48     0.14      0.5          0.00        0.00
1093           32002           14          0             0.89     0.48     0.14      0.5          0.00        0.00
//Axe Of Holy v2
529           32003           1           0             0.56		0.56	 0.56      0.5          0.0         0.0
529           32003           2           0             0.56		0.56	 0.56      0.5          0.0         0.0
529           32003           3           0             0.56		0.56	 0.56      0.5          0.0         0.0
529           32003           4           0             0.56		0.56	 0.56      0.5          0.0         0.0
529           32003           5           0             0.56		0.56	 0.56      0.5          0.0         0.0
529           32003           6           0             0.56		0.56	 0.56      0.5          0.0         0.0
529           32003           7           0             0.56		0.56	 0.56      0.5          0.0         0.0
529           32003           8           0             0.56		0.56	 0.56      0.5          0.0         0.0
529           32003           9           0             0.56		0.56	 0.56      0.5          0.0         0.0
529           32003           10          0             0.56		0.56	 0.56      0.5          0.0         0.0
529           32003           11          0             0.56		0.56	 0.56      0.5          0.0         0.0
529           32003           12          0             0.56		0.56	 0.56      0.5          0.0         0.0
529           32003           13          0             0.56		0.56	 0.56      0.5          0.0         0.0
529           32003           14          0             0.56		0.56	 0.56      0.5          0.0         0.0
529           32003           15          0             0.56		0.56	 0.56      0.5          0.0         0.0
529           32003           16          0             0.56		0.56	 0.56      0.5          0.0         0.0
529           32003           17          0             0.56		0.56	 0.56      0.5          0.0         0.0
529           32003           18          0             0.56		0.56	 0.56      0.5          0.0         0.0
529           32003           19          0             0.56		0.56	 0.56      0.5          0.0         0.0
529           32003           20          0             0.56		0.56	 0.56      0.5          0.0         0.0
529           32003           21          0             0.56		0.56	 0.56      0.5          0.0         0.0
529           32003           22          0             0.56		0.56	 0.56      0.5          0.0         0.0
//Mace Of Holy v2       
1095           32003           1           0             0.56		0.56	 0.56      0.5          0.0         0.0
1095           32003           2           0             0.56		0.56	 0.56      0.5          0.0         0.0
1095           32003           3           0             0.56		0.56	 0.56      0.5          0.0         0.0
1095           32003           4           0             0.56		0.56	 0.56      0.5          0.0         0.0
1095           32003           5           0             0.56		0.56	 0.56      0.5          0.0         0.0
1095           32003           6           0             0.56		0.56	 0.56      0.5          0.0         0.0
1095           32003           7           0             0.56		0.56	 0.56      0.5          0.0         0.0                                                                                                                                                                                                                                                                                                                                                                         //
1095           32003           8           0             0.56		0.56	 0.56      0.5          0.0         0.0
1095           32003           9           0             0.56		0.56	 0.56      0.5          0.0         0.0
1095           32003           10          0             0.56		0.56	 0.56      0.5          0.0         0.0
1095           32003           11          0             0.56		0.56	 0.56      0.5          0.0         0.0
1095           32003           12          0             0.56		0.56	 0.56      0.5          0.0         0.0
1095           32003           13          0             0.56		0.56	 0.56      0.5          0.0         0.0
1095           32003           14          0             0.56		0.56	 0.56      0.5          0.0         0.0                                                                                                                                                                                                                                                                                                                                                                         //
1095           32003           15          0             0.56		0.56	 0.56      0.5          0.0         0.0
1095           32003           16          0             0.56		0.56	 0.56      0.5          0.0         0.0
1095           32003           17          0             0.56		0.56	 0.56      0.5          0.0         0.0                                                                                                                                                                                                                                                                                                                                                                         //
//Shield Of Holy v2       
3144           32003           1           0             0.56		0.56	 0.56      0.5          0.0         0.0
3144           32003           2           0             0.56		0.56	 0.56      0.5          0.0         0.0
3144           32003           3           0             0.56		0.56	 0.56      0.5          0.0         0.0
3144           32003           4           0             0.56		0.56	 0.56      0.5          0.0         0.0
3144           32003           5           0             0.56		0.56	 0.56      0.5          0.0         0.0
3144           32003           6           0             0.56		0.56	 0.56      0.5          0.0         0.0
//Staff Of Holy v2
2640           32003           1           0             0.56		0.56	 0.56      0.5          0.0         0.0
2640           32003           2           0             0.56		0.56	 0.56      0.5          0.0         0.0
2640           32003           3           0             0.56		0.56	 0.56      0.5          0.0         0.0
2640           32003           4           0             0.56		0.56	 0.56      0.5          0.0         0.0
2640           32003           5           0             0.56		0.56	 0.56      0.5          0.0         0.0
2640           32003           6           0             0.56		0.56	 0.56      0.5          0.0         0.0
2640           32003           7           0             0.56		0.56	 0.56      0.5          0.0         0.0
2640           32003           8           0             0.56		0.56	 0.56      0.5          0.0         0.0
2640           32003           9           0             0.56		0.56	 0.56      0.5          0.0         0.0
2640           32003           10          0             0.56		0.56	 0.56      0.5          0.0         0.0
2640           32003           11          0             0.56		0.56	 0.56      0.5          0.0         0.0
2640           32003           12          0             0.56		0.56	 0.56      0.5          0.0         0.0
2640           32003           13          0             0.56		0.56	 0.56      0.5          0.0         0.0
2640           32003           14          0             0.56		0.56	 0.56      0.5          0.0         0.0
2640           32003           15          0             0.56		0.56	 0.56      0.5          0.0         0.0
2640           32003           16          0             0.56		0.56	 0.56      0.5          0.0         0.0
//Sword Of Holy v2
103           32003           1           0             0.56		0.56	 0.56      0.5          0.0         0.0
103           32003           2           0             0.56		0.56	 0.56      0.5          0.0         0.0
103           32003           3           0             0.56		0.56	 0.56      0.5          0.0         0.0
103           32003           4           0             0.56		0.56	 0.56      0.5          0.0         0.0
103           32003           5           0             0.56		0.56	 0.56      0.5          0.0         0.0
103           32003           6           0             0.56		0.56	 0.56      0.5          0.0         0.0
103           32003           7           0             0.56		0.56	 0.56      0.5          0.0         0.0
103           32003           8           0             0.56		0.56	 0.56      0.5          0.0         0.0
103           32003           9           0             0.56		0.56	 0.56      0.5          0.0         0.0
103           32003           10          0             0.56		0.56	 0.56      0.5          0.0         0.0
103           32003           11          0             0.56		0.56	 0.56      0.5          0.0         0.0
103           32003           12          0             0.56		0.56	 0.56      0.5          0.0         0.0
103           32003           13          0             0.56		0.56	 0.56      0.5          0.0         0.0
103           32003           14          0             0.56		0.56	 0.56      0.5          0.0         0.0
103           32003           15          0             0.56		0.56	 0.56      0.5          0.0         0.0
103           32003           16          0             0.56		0.56	 0.56      0.5          0.0         0.0
103           32003           17          0             0.56		0.56	 0.56      0.5          0.0         0.0
103           32003           18          0             0.56		0.56	 0.56      0.5          0.0         0.0
103           32003           19          0             0.56		0.56	 0.56      0.5          0.0         0.0
103           32003           20          0             0.56		0.56	 0.56      0.5          0.0         0.0
103           32003           21          0             0.56		0.56	 0.56      0.5          0.0         0.0
103           32003           22          0             0.56		0.56	 0.56      0.5          0.0         0.0
103           32003           23          0             0.56		0.56	 0.56      0.5          0.0         0.0
103           32003           24          0             0.56		0.56	 0.56      0.5          0.0         0.0
103           32003           25          0             0.56		0.56	 0.56      0.5          0.0         0.0
103           32003           26          0             0.56		0.56	 0.56      0.5          0.0         0.0
103           32003           27          0             0.56		0.56	 0.56      0.5          0.0         0.0
103           32003           28          0             0.56		0.56	 0.56      0.5          0.0         0.0
103           32003           29          0             0.56		0.56	 0.56      0.5          0.0         0.0
103           32003           30          0             0.56		0.56	 0.56      0.5          0.0         0.0
103           32003           31          0             0.56		0.56	 0.56      0.5          0.0         0.0
103           32003           32          0             0.56		0.56	 0.56      0.5          0.0         0.0
103           32003           33          0             0.56		0.56	 0.56      0.5          0.0         0.0
103           32003           34          0             0.56		0.56	 0.56      0.5          0.0         0.0
//Capa Of Holy v2
6342           32003           2            0             0.56		0.56	 0.56      0.5          0.0         0.0
6342           32003           3            0             0.56		0.56	 0.56      0.5          0.0         0.0
6342           32003           4            0             0.56		0.56	 0.56      0.5          0.0         0.0
6342           32003           5            0             0.56		0.56	 0.56      0.5          0.0         0.0
6342           32003           6            0             0.56		0.56	 0.56      0.5          0.0         0.0
6342           32003           7            0             0.56		0.56	 0.56      0.5          0.0         0.0
6342           32003           8            0             0.56		0.56	 0.56      0.5          0.0         0.0
6342           32003           9            0             0.56		0.56	 0.56      0.5          0.0         0.0  
//Wing Rei
6343        32002        10            0             1.49     0.01     0.14     1.35         0.0         0.0
6343        32002        11            0             1.49     0.01     0.14     1.35         0.0         0.0
6343        32002        12            0             1.49     0.01     0.14     1.35         0.0         0.0
6343        32002        13            0             1.49     0.01     0.14     1.35         0.0         0.0
6343        32002        14            0             1.49     0.01     0.14     1.35         0.0         0.0
6343        32002        15            0             1.49     0.01     0.14     1.35         0.0         0.0
6343        32002        16            0             1.49     0.01     0.14     1.35         0.0         0.0
6343        32002        17            0             1.49     0.01     0.14     1.35         0.0         0.0
6343        32002        18            0             1.49     0.01     0.14     1.35         0.0         0.0
6343        32002        19            0             1.49     0.01     0.14     1.35         0.0         0.0
6343        32002        20            0             1.49     0.01     0.14     1.35         0.0         0.0
6343        32002        21            0             1.49     0.01     0.14     1.35         0.0         0.0
6343        32002        22            0             1.49     0.01     0.14     1.35         0.0         0.0
6343        32002        23            0             1.49     0.01     0.14     1.35         0.0         0.0
6343        32002        24            0             1.49     0.01     0.14     1.35         0.0         0.0
6343        32002        25            0             1.49     0.01     0.14     1.35         0.0         0.0
6343        32002        26            0             1.49     0.01     0.14     1.35         0.0         0.0
6343        32002        27            0             1.49     0.01     0.14     1.35         0.0         0.0
6343        32002        28            0             1.49     0.01     0.14     1.35         0.0         0.0
6343        32002        29            0             1.49     0.01     0.14     1.35         0.0         0.0
6343        32002        30            0             1.49     0.01     0.14     1.35         0.0         0.0
6343        32002        31            0             1.49     0.01     0.14     1.35         0.0         0.0
6343        32002        32            0             1.49     0.01     0.14     1.35         0.0         0.0
6343        32002        33            0             1.49     0.01     0.14     1.35         0.0         0.0
6343        32002        34            0             1.49     0.01     0.14     1.35         0.0         0.0
6343        32002        35            0             1.49     0.01     0.14     1.35         0.0         0.0
6343        32002        36            0             1.49     0.01     0.14     1.35         0.0         0.0
6343        32002        37            0             1.49     0.01     0.14     1.35         0.0         0.0
6343        32002        38            0             1.49     0.01     0.14     1.35         0.0         0.0
6343        32002        39            0             1.49     0.01     0.14     1.35         0.0         0.0
6343        32002        40            0             1.49     0.01     0.14     1.35         0.0         0.0
6343        32002        41            0             1.49     0.01     0.14     1.35         0.0         0.0
6343        32002        42            0             1.49     0.01     0.14     1.35         0.0         0.0
6343        32002        43            0             1.49     0.01     0.14     1.35         0.0         0.0
6343        32002        44            0             1.49     0.01     0.14     1.35         0.0         0.0
//lado2
6343        32002        55            0             1.49     0.01     0.14     1.35         0.0         0.0
6343        32002        56            0             1.49     0.01     0.14     1.35         0.0         0.0
6343        32002        57            0             1.49     0.01     0.14     1.35         0.0         0.0
6343        32002        58            0             1.49     0.01     0.14     1.35         0.0         0.0
6343        32002        59            0             1.49     0.01     0.14     1.35         0.0         0.0
6343        32002        60            0             1.49     0.01     0.14     1.35         0.0         0.0
6343        32002        61            0             1.49     0.01     0.14     1.35         0.0         0.0
6343        32002        62            0             1.49     0.01     0.14     1.35         0.0         0.0
6343        32002        63            0             1.49     0.01     0.14     1.35         0.0         0.0
6343        32002        64            0             1.49     0.01     0.14     1.35         0.0         0.0
6343        32002        65            0             1.49     0.01     0.14     1.35         0.0         0.0
6343        32002        66            0             1.49     0.01     0.14     1.35         0.0         0.0
6343        32002        67            0             1.49     0.01     0.14     1.35         0.0         0.0
6343        32002        68            0             1.49     0.01     0.14     1.35         0.0         0.0
6343        32002        69            0             1.49     0.01     0.14     1.35         0.0         0.0
6343        32002        70            0             1.49     0.01     0.14     1.35         0.0         0.0
6343        32002        71            0             1.49     0.01     0.14     1.35         0.0         0.0
6343        32002        72            0             1.49     0.01     0.14     1.35         0.0         0.0
6343        32002        73            0             1.49     0.01     0.14     1.35         0.0         0.0
6343        32002        74            0             1.49     0.01     0.14     1.35         0.0         0.0
6343        32002        75            0             1.49     0.01     0.14     1.35         0.0         0.0
6343        32002        76            0             1.49     0.01     0.14     1.35         0.0         0.0
6343        32002        77            0             1.49     0.01     0.14     1.35         0.0         0.0
6343        32002        78            0             1.49     0.01     0.14     1.35         0.0         0.0
6343        32002        79            0             1.49     0.01     0.14     1.35         0.0         0.0
6343        32002        80            0             1.49     0.01     0.14     1.35         0.0         0.0
6343        32002        81            0             1.49     0.01     0.14     1.35         0.0         0.0
6343        32002        82            0             1.49     0.01     0.14     1.35         0.0         0.0
6343        32002        83            0             1.49     0.01     0.14     1.35         0.0         0.0
6343        32002        84            0             1.49     0.01     0.14     1.35         0.0         0.0
6343        32002        85            0             1.49     0.01     0.14     1.35         0.0         0.0
6343        32002        86            0             1.49     0.01     0.14     1.35         0.0         0.0
6343        32002        87            0             1.49     0.01     0.14     1.35         0.0         0.0
6343        32002        88            0             1.49     0.01     0.14     1.35         0.0         0.0
6343        32002        89            0             1.49     0.01     0.14     1.35         0.0         0.0
//coroa
6343        32002        91            0             1.49     0.01     0.14     0.55         0.0         0.0
6343        32002        92            0             1.49     0.01     0.14     0.55         0.0         0.0
6343        32002        93            0             1.49     0.01     0.14     0.55         0.0         0.0
6343        32002        94            0             1.49     0.01     0.14     0.55         0.0         0.0
6343        32002        95            0             1.49     0.01     0.14     0.55         0.0         0.0
6343        32002        96            0             1.49     0.01     0.14     0.55         0.0         0.0
6343        32002        97            0             1.49     0.01     0.14     0.55         0.0         0.0
6343        32002        98            0             1.49     0.01     0.14     0.55         0.0         0.0
6343        32002        99            0             1.49     0.01     0.14     0.55         0.0         0.0
6343        32002        100           0             1.49     0.01     0.14     0.55         0.0         0.0

//Wing war black
6444          32002         47            0             2.00     2.00     2.00    1.5         0.4        1.5
6444          32002         24            0             2.00     2.00     2.00    1.5         0.4        1.5
6444          32002         31            0             2.00     2.00     2.00    1.5         0.4        1.5
6444          32002         40            0             2.00     2.00     2.00    1.5         0.4        1.5
6444          32002         8             0             2.00     2.00     2.00    1.5         0.4        1.5
6444          32002         17            0             2.00     2.00     2.00    1.5         0.4        1.5
6444          32002         46            0             2.00     2.00     2.00    1.5         0.4        1.5
6444          32002         23            0             2.00     2.00     2.00    1.5         0.4        1.5
6444          32002         35            0             2.00     2.00     2.00    1.5         0.4        1.0
6444          32002         39            0             2.00     2.00     2.00    1.5         0.4        1.0
6444          32002         44            0             2.00     2.00     2.00    1.5         0.4        1.0
6444          32002         45            0             2.00     2.00     2.00    1.5         0.4        1.0
6444          32002         12            0             2.00     2.00     2.00    1.5         0.4        1.0
6444          32002         16            0             2.00     2.00     2.00    1.5         0.4        1.0
6444          32002         21            0             2.00     2.00     2.00    1.5         0.4        1.0
6444          32002         22            0             2.00     2.00     2.00    1.5         0.4        1.0
6444          32002         61            0             2.00     2.00     2.00    1.5         0.4        1.0
6444          32002         60            0             2.00     2.00     2.00    1.5         0.4        1.0
6444          32002         59            0             2.00     2.00     2.00    1.5         0.4        1.0
6444          32002         62            0             2.00     2.00     2.00    1.5         0.4        1.0
6444          32002         55            0             2.00     2.00     2.00    1.5         0.4        1.0
6444          32002         52            0             2.00     2.00     2.00    1.5         0.4        1.0
6444          32002         53            0             2.00     2.00     2.00    1.5         0.4        1.0
6444          32002         54            0             2.00     2.00     2.00    1.5         0.4        1.0
6444          32002         4             0             2.00     2.00     2.00    1.5         0.4        1.0
6444          32002         42            0             2.00     2.00     2.00    1.5         0.4        1.0
6444          32002         27            0             2.00     2.00     2.00    1.5         0.4        1.0
6444          32002         21            0             2.00     2.00     2.00    1.5         0.4        1.0
6444          32002         53            0             2.00     2.00     2.00    1.5         0.4        1.0
6444          32002         59            0             2.00     2.00     2.00    1.5         0.4        1.0
6444          32002         5             0             2.00     2.00     2.00    1.5         0.4        1.0
6444          32002         28            0             2.00     2.00     2.00    1.5         0.4        1.0
6444          32002         10            0             2.00     2.00     2.00    1.5         0.4        1.0
6444          32002         33            0             2.00     2.00     2.00    1.5         0.4        1.0  

//Wing war Christmas
6441          32131         47            0             2.0      0.0      0.0     0.5          0.6         0.0
6441          32131         24            0             2.0      0.0      0.0     0.5          0.6         0.0
6441          32131         31            0             2.0      0.0      0.0     0.5          0.6         0.0
6441          32131         40            0             2.0      0.0      0.0     0.5          0.6         0.0
6441          32131         8             0             2.0      0.0      0.0     0.5          0.6         0.0
6441          32131         17            0             2.0      0.0      0.0     0.5          0.6         0.0
6441          32131         46            0             2.0      0.0      0.0     0.5          0.6         0.0
6441          32131         23            0             2.0      0.0      0.0     0.5          0.6         0.0
6441          32131         35            0             2.0      0.0      0.0     0.5          0.6         0.0
6441          32002         39            0             2.0      0.0      0.0     1.0         0.8         0.0
6441          32002         44            0             2.0      0.0      0.0     1.0         0.8         0.0
6441          32002         45            0             2.0      0.0      0.0     1.0         0.8         0.0
6441          32002         12            0             2.0      0.0      0.0     1.0         0.8         0.0
6441          32002         16            0             2.0      0.0      0.0     1.0         0.8         0.0
6441          32002         21            0             2.0      0.0      0.0     1.0         0.8         0.0
6441          32002         22            0             2.0      0.0      0.0     1.0         0.8         0.0
6441          32002         61            0             2.0      0.0      0.0     1.0         0.8         0.0
6441          32002         60            0             2.0      0.0      0.0     1.0         0.8         0.0
6441          32002         59            0             2.0      0.0      0.0     1.0         0.8         0.0
6441          32002         62            0             2.0      0.0      0.0     1.0         0.8         0.0
6441          32002         55            0             2.0      0.0      0.0     1.0         0.8         0.0
6441          32002         52            0             2.0      0.0      0.0     1.0         0.0         0.0
6441          32002         53            0             2.0      0.0      0.0     1.0         0.0         0.0
6441          32002         54            0             2.0      0.0      0.0     1.0         0.0         0.0
6441          32002         4             0             2.0      0.0      0.0     1.0         0.0         0.0
6441          32002         42            0             2.0      0.0      0.0     1.0         0.0         0.0
6441          32002         27            0             2.0      0.0      0.0     1.0         0.0         0.0
6441          32002         21            0             2.0      0.0      0.0     1.0         0.0         0.0
6441          32002         53            0             2.0      0.0      0.0     1.0         0.0         0.0
6441          32002         59            0             2.0      0.0      0.0     1.0         0.0         0.0
6441          32002         5             0             2.0      0.0      0.0     1.0         0.0         0.0
6441          32002         28            0             2.0      0.0      0.0     1.0         0.0         0.0
6441          32002         10            0             2.0      0.0      0.0     1.0         0.0         0.0
6441          32002         33            0             2.0      0.0      0.0     1.0         0.0         0.0   

//Wing of War Steel - Effect Static
6443 32002 7  0 1.00 0.50 0.00 1.1 0.0 0.0
6443 32002 15 0 1.00 0.50 0.00 1.1 0.0 0.0
6443 32002 23 0 1.00 0.50 0.00 1.5 0.0 0.0
6443 32002 24 0 1.00 0.50 0.00 0.8 0.0 0.0
6443 32002 30 0 1.00 0.50 0.00 1.1 0.0 0.0
6443 32002 38 0 1.00 0.50 0.00 1.1 0.0 0.0
6443 32002 46 0 1.00 0.50 0.00 1.5 0.0 0.0
6443 32002 47 0 1.00 0.50 0.00 0.8 0.0 0.0
6443 32002 58 0 1.00 0.50 0.00 0.5 0.0 0.0
6443 32002 51 0 1.00 0.50 0.00 0.5 0.0 0.0
6443 32002 28 0 0.35 0.05 0.00 1.8 0.0 0.0
6443 32002 37 0 0.35 0.05 0.00 1.5 0.0 0.0
6443 32002 42 0 0.35 0.05 0.00 1.5 0.0 0.0
6443 32002 05 0 0.35 0.05 0.00 1.8 0.0 0.0
6443 32002 14 0 0.35 0.05 0.00 1.5 0.0 0.0
6443 32002 19 0 0.35 0.05 0.00 1.5 0.0 0.0
6443 32002 57 0 0.35 0.05 0.00 1.8 0.0 0.0
6443 32002 60 0 0.35 0.05 0.00 1.3 0.0 0.0
6443 32002 61 0 0.35 0.05 0.00 1.5 0.0 0.0
6443 32002 50 0 0.35 0.05 0.00 1.8 0.0 0.0
6443 32002 53 0 0.35 0.05 0.00 1.3 0.0 0.0
6443 32002 54 0 0.35 0.05 0.00 1.5 0.0 0.0

//Wing War Blue
6442        32002         47            0             00     0.4   0.99 	1.5		0.0		0.0
6442        32002         24            0             00     0.4   0.99 	1.5		0.0		0.0
6442        32002         31            0             00     0.4   0.99 	1.5		0.0		0.0
6442        32002         40            0             00     0.4   0.99 	1.5		0.0		0.0
6442        32002         08            0             00     0.4   0.99 	1.5		0.0		0.0
6442        32002         17            0             00     0.4   0.99 	1.5		0.0		0.0
6442        32002         46            0             00     0.4   0.99 	1.5		0.0		0.0
6442        32002         23            0             00     0.4   0.99 	1.5		0.0		0.0
6442        32002         35            0             00     0.4   0.99 	1.5		0.0		0.0
6442        32002         39            0             00     0.4   0.99 	1.5		0.0		0.0
6442        32002         44            0             00     0.4   0.99 	1.5		0.0		0.0
6442        32002         45            0             00     0.4   0.99 	1.5		0.0		0.0
6442        32002         12            0             00     0.4   0.99 	1.5		0.0		0.0
6442        32002         16            0             00     0.4   0.99 	1.5		0.0		0.0
6442        32002         21            0             00     0.4   0.99 	1.5		0.0		0.0
6442        32002         22            0             00     0.4   0.99 	1.5		0.0		0.0
6442        32002         61            0             00     0.4   0.99 	1.5		0.0		0.0
6442        32002         60            0             00     0.4   0.99 	1.5		0.0		0.0
6442        32002         59            0             00     0.4   0.99 	1.5		0.0		0.0
6442        32002         62            0             00     0.4   0.99 	1.5		0.0		0.0
6442        32002         55            0             00     0.4   0.99 	1.5		0.0		0.0
6442        32002         52            0             00     0.4   0.99 	1.5		0.0		0.0
6442        32002         53            0             00     0.4   0.99 	1.5		0.0		0.0
6442        32002         54            0             00     0.4   0.99 	1.5		0.0		0.0

//Cape style st
6446 32002 25 0 0.00 0.82 2.0 0.5 0.0 0.0
6446 32002 26 0 0.00 0.82 2.0 0.5 0.0 0.0
6446 32002 27 0 0.00 0.82 2.0 0.5 0.0 0.0
6446 32002 28 0 0.00 0.82 2.0 0.5 0.0 0.0
6446 32002 29 0 0.00 0.82 2.0 0.5 0.0 0.0
6446 32002 30 0 0.00 0.82 2.0 0.5 0.0 0.0
6446 32002 31 0 0.00 0.82 2.0 0.5 0.0 0.0
6446 32002 32 0 0.00 0.82 2.0 0.5 0.0 0.0
6446 32002 32 0 0.00 0.82 2.0 0.5 0.0 0.0
6446 32002 33 0 0.00 0.82 2.0 0.5 0.0 0.0
6446 32002 34 0 0.00 0.82 2.0 0.5 0.0 0.0
6446 32002 35 0 0.00 0.82 2.0 0.5 0.0 0.0
6446 32002 36 0 0.00 0.82 2.0 0.6 0.0 0.0

//Wing of Style st
6445        32002         61            0             0.60     0.45     2.1     1.6         0.0         0.1
6445        32002         42            0             0.60     0.45     2.1     1.6         0.0         0.1
6445        32002         60            0             0.60     0.45     2.1     1.6         0.0         0.1
6445        32002         41            0             0.60     0.45     2.1     1.6         0.0         0.1
6445        32002         63            0             0.60     0.45     2.1     1.6         0.0         0.1
6445        32002         44            0             0.60     0.45     2.1     1.6         0.0         0.1
6445        32002         42            0             0.60     0.45     2.1     1.6         0.0         0.1
6445        32002         59            0             0.60     0.45     2.1     1.6         0.0         0.1
6445        32002         40            0             0.60     0.45     2.1     1.6         0.0         0.1
6445        32002         61            0             0.60     0.45     2.1     1.6         0.0         0.1
6445        32002         62            0             0.60     0.45     2.1     1.6         0.0         0.1
6445        32002         43            0             0.60     0.45     2.1     1.6         0.0         0.1
6445        32002         58            0             0.60     0.45     2.1     1.6         0.0         0.1
6445        32002         39            0             0.60     0.45     2.1     1.6         0.0         0.1
6445        32002         65            0             0.60     0.45     2.1     1.6         0.0         0.1
6445        32002         46            0             0.60     0.45     2.1     1.6         0.0         0.1
6445        32002         64            0             0.60     0.45     2.1     1.6         0.0         0.1
6445        32002         32            0             0.60     0.45     2.1     1.6         0.0         0.1
6445        32002         13            0             0.34     0.45     2.1     1.6         0.0         0.1
6445        32002         15            0             0.34     0.25     2.1     1.6         0.0         0.1
6445        32002         25            0             0.34     0.25     2.1     1.6         0.0         0.1
6445        32002         27            0             0.34     0.25     2.1     1.6         0.0         0.1
6445        32002         3             0             0.34     0.25     2.1     1.6         0.0         0.1

//Wing Scale pvp
6447        32002         3            0             0.00     0.80     0.00     1.6         0.0         0.1
6447        32002         4            0             0.00     0.80     0.00     1.6         0.0         0.1
6447        32002         5            0             0.00     0.80     0.00     1.6         0.0         0.1
6447        32002         6            0             0.00     0.80     0.00     1.6         0.0         0.1
6447        32002         12            0             0.00     0.80     0.00     1.6         0.0         0.1
6447        32002         14            0             0.00     0.80     0.00     1.6         0.0         0.1
6447        32002         16            0             0.00     0.80     0.00     1.6         0.0         0.1
6447        32002         18            0             0.00     0.80     0.00     1.6         0.0         0.1

//Wing War Pink
6448        32002         47            0             0.73     00   1.0 	1.5		0.0		0.0
6448        32002         24            0             0.73     00   1.0 	1.5		0.0		0.0
6448        32002         31            0             0.73     00   1.0 	1.5		0.0		0.0
6448        32002         40            0             0.73     00   1.0 	1.5		0.0		0.0
6448        32002         08            0             0.73     00   1.0 	1.5		0.0		0.0
6448        32002         17            0             0.73     00   1.0 	1.5		0.0		0.0
6448        32002         46            0             0.73     00   1.0 	1.5		0.0		0.0
6448        32002         23            0             0.73     00   1.0 	1.5		0.0		0.0
6448        32002         35            0             0.73     00   1.0 	1.5		0.0		0.0
6448        32002         39            0             0.73     00   1.0 	1.5		0.0		0.0
6448        32002         44            0             0.73     00   1.0 	1.5		0.0		0.0
6448        32002         45            0             0.73     00   1.0 	1.5		0.0		0.0
6448        32002         12            0             0.73     00   1.0 	1.5		0.0		0.0
6448        32002         16            0             0.73     00   1.0 	1.5		0.0		0.0
6448        32002         21            0             0.73     00   1.0 	1.5		0.0		0.0
6448        32002         22            0             0.73     00   1.0 	1.5		0.0		0.0
6448        32002         61            0             0.73     00   1.0 	1.5		0.0		0.0
6448        32002         60            0             0.73     00   1.0 	1.5		0.0		0.0
6448        32002         59            0             0.73     00   1.0 	1.5		0.0		0.0
6448        32002         62            0             0.73     00   1.0 	1.5		0.0		0.0
6448        32002         55            0             0.73     00   1.0 	1.5		0.0		0.0
6448        32002         52            0             0.73     00   1.0 	1.5		0.0		0.0
6448        32002         53            0             0.73     00   1.0 	1.5		0.0		0.0
6448        32002         54            0             0.73     00   1.0 	1.5		0.0	

                                                                                                                                                                                                                                                                                                                                                                                                                                                                                                                                                                                                                                                                                                                                                                                                                                                                                                                                              
end

