//=======================================================================================================

//========================================================================================================

//=================================
// //Categoria Sword//
//=================================
0
// [01]  [02]   [03]    [04]    [05]     [06]         [07]         [08]       [NOME]                               [09]    [10]        [11]        [12]          [13]         [14]              [15]              [16]       [17]          [18]           [19]        [20]          [21]            [22]   [SM]    [BK]    [ELF]  [MG]    [DL]    [SU]    [RF]
//Type   Slot   Skill   Width   Height   HaveSerial   HaveOption   DropItem   Name                                 Level   DamageMin   DamageMax   AttackSpeed   Durability   MagicDurability   MagicDamageRate   ReqLevel   ReqStrength   ReqDexterity   ReqEnergy   ReqVitality   ReqLeadership   None   DW      DK      FE      MG      DL      SU      RF
0        0      0       1       2        1            1            0          "Kris"                               6       6           11          50            20           0                 0                 0          40            40             0           0             0               0      1       1       1       1       1       1       1
1        0      0       1       3        1            1            1          "Short Sword"                        3       3           7           20            22           0                 0                 0          60            0              0           0             0               0      1       1       1       1       1       1       1
2        0      0       1       3        1            1            1          "Rapier"                             9       9           15          40            23           0                 0                 0          50            40             0           0             0               0      0       1       1       1       1       1       0
3        0      20      1       3        1            1            1          "Katana"                             16      16          26          35            27           0                 0                 0          80            40             0           0             0               0      0       1       0       1       1       0       0
4        0      21      1       3        1            1            1          "Sword of Assassin"                  12      12          18          30            24           0                 0                 0          60            40             0           0             0               0      0       1       0       1       1       0       0
5        0      20      1       3        1            1            1          "Blade"                              36      36          47          30            39           0                 0                 0          80            50             0           0             0               0      1       1       1       1       1       0       0
6        0      0       1       3        1            1            1          "Gladius"                            20      20          30          20            30           0                 0                 0          110           0              0           0             0               0      0       1       1       1       1       0       0
7        0      21      1       3        1            1            1          "Falchion"                           24      24          34          25            34           0                 0                 0          120           0              0           0             0               0      0       1       0       1       1       0       0
8        0      21      1       3        1            1            1          "Serpent Sword"                      30      30          40          20            36           0                 0                 0          130           0              0           0             0               0      0       1       0       1       1       0       0
9        0      20      2       3        1            1            1          "Sword of Salamander"                32      32          46          30            40           0                 0                 0          103           0              0           0             0               0      0       1       0       1       0       0       0
10       0      20      2       4        1            1            1          "Light Saber"                        40      47          61          25            50           0                 0                 0          80            60             0           0             0               0      0       1       1       1       0       0       0
11       0      0       2       3        1            1            1          "Legendary Sword"                    44      56          72          20            54           0                 0                 0          120           0              0           0             0               0      0       1       0       1       0       0       0
12       0      0       2       3        1            1            1          "Heliacal Sword"                     56      73          98          25            66           0                 0                 0          140           0              0           0             0               0      0       1       0       1       0       0       0
13       0      56      1       3        1            1            1          "Double Blade"                       48      48          56          30            43           0                 0                 0          70            70             0           0             0               0      0       1       1       1       0       0       0
14       0      56      1       3        1            1            1          "Lighting Sword"                     59      59          67          30            50           0                 0                 0          90            50             0           0             0               0      0       1       1       1       0       0       0
15       0      20      2       3        1            1            1          "Giant Sword"                        52      60          85          20            60           0                 0                 0          140           0              0           0             0               0      0       1       0       1       0       0       0
16       0      56      1       4        1            1            1          "Sword of Destruction"               82      82          90          35            84           0                 0                 0          160           60             0           0             0               0      0       1       0       1       0       0       0
17       0      20      2       4        1            1            1          "Dark Breaker"                       104     128         153         40            89           0                 0                 0          180           50             0           0             0               0      0       2       0       0       0       0       0
18       0      20      2       3        1            1            1          "Thunder Blade"                      105     140         168         40            86           0                 0                 0          180           50             0           0             0               0      0       0       0       1       0       0       0
19       0      56      1       4        1            1            0          "Divine Sword of Archangel"          86      220         230         45            168          0                 0                 0          140           50             0           0             0               0      0       1       0       1       1       0       0
20       0      56      1       4        1            1            1          "Knight Blade"                       140     107         115         35            90           0                 0                 0          116           38             0           0             0               0      0       2       0       0       0       0       0
21       0      56      2       4        1            1            1          "Dark Reign Blade"                   140     115         142         40            100          0                 115               0          116           53             9           0             0               0      0       0       0       1       0       0       0
22       0      56      1       4        1            1            1          "Bone Blade"                         147     122         135         40            95           0                 0                 380        100           35             0           0             0               0      0       2       0       0       0       0       0
23       0      56      2       4        1            1            1          "Explosion Blade"                    147     127         155         45            110          0                 134               380        98            48             7           0             0               0      0       0       0       1       0       0       0
24       0      56      2       4        1            1            1          "Daybreak"                           115     182         218         40            90           0                 0                 0          192           30             0           0             0               0      0       2       0       0       0       0       0
25       0      56      2       4        1            1            1          "Sword Dancer"                       115     109         136         40            90           0                 108               0          136           57             9           0             0               0      0       0       0       1       0       0       0
26       0      56      1       4        1            1            1          "Flameberge"                         137     115         126         40            90           0                 0                 380        193           53             0           0             0               0      0       2       0       0       0       0       0
27       0      56      1       4        1            1            1          "Sword Breaker"                      133     91          99          35            90           0                 0                 380        53            176            0           0             0               0      0       2       0       0       0       0       0
28       0      56      1       4        1            1            1          "Rune Bastard Sword"                 139     98          122         45            90           0                 109               380        91            73             17          0             0               0      0       0       0       1       0       0       0
29       0      56      1       4        1            1            1          "Sonic Blade"                        149     109         116         35            80           0                 0                 380        49            162            0           0             0               1	   0	   1	   0	   1	   0	   0	   0
30       0      56      1       4        1            1            1          "Sword Fire Green"                   149     115         140         45            90           0                 112               380        86            70             16          0             0               1	   0	   1	   1	   1	   0	   0	   0
31       0      56      2       4        1            1            1          "Rune Blade"                         100     104         130         35            93           0                 104               0          135           62             9           0             0               1	   0	   1	   1	   1	   0	   0	   0	
32	 0	56	1	2	 1	      1	           0	      "Mace Of King"			   140	   225	       240	   35	         84	      0	                0	          0	     160	   60	          0	      0	            0	            1	   0	   1	   1	   1	   0	   0	   0
//----BY:Zeus Revolutions Team Itens Novos 97D+2.0-----
//Type   Slot   Skill   Width   Height   HaveSerial   HaveOption   DropItem   Name                                 Level   DamageMin   DamageMax   AttackSpeed   Durability   MagicDurability   MagicDamageRate   ReqLevel   ReqStrength   ReqDexterity   ReqEnergy   ReqVitality   ReqLeadership   None   DW      DK      FE      MG      DL      SU      RF
37       0      56      1       4        1            1            0          "Sword Dark Pirate"                  140     163         216         30            130          0                 0                 380        182           50             0           0             0               0	   0	   1	   0	   1	   0	   0	   0
42       0	56	1	4	 1	      1	           0	      "Sword Of DarkRaven"		   140	   225	       240	   35	          84	      0	                0	          0	     160	   60	          0	      0	            0	            0	   0	   1	   0	   1	   0	   0	   0
44       0      56      1       4        1            1            0          "Sword Of Style Cup"                 150     246         257         45            100          0                 112               0          120           72             17          0             0               0	   0	   1	   0	   1	   0	   0	   0
51       0      56      1       4        1            1            0          "Sword Of Majestick 2.0"             200     265         275         45            170          0                 0                 0          60            30             0           0             0               0	   0	   1	   0	   1	   0	   0	   0
54       0      56      1       4        1            1            0          "Sword Of War [RL]"                  160     302         313         40            100          0                 0                 250        165           51             0           0             0               0	   0	   1	   0	   1	   0	   0	   0
55       0      56      1       4        1            1            0          "Sword Of Natalino"                  160     300         311         45            100          0                 118               250        120           72             17          0             0               0	   0	   1	   0	   1	   0	   0	   0
56       0      270     1       2        1            1            0          "Darkangel Claws"                    160     214         224         35            100          0                 0                 250        95            30             0           0             0               0	   0	   1	   0	   1	   0	   0	   0
57       0      56      1       4        1            1            0          "Sword Of Gold 2.0"                  180     365         376         40            100          0                 0                 300        152           47             0           0             0               0	   0	   1	   0	   1	   0	   0	   0
58       0      56      1       4        1            1            0          "Sword Of Blood Vampire"             180     364         375         45            100          0                 125               300        111           67             16          0             0               0	   0	   1	   0	   1	   0	   0	   0
59       0      270     1       2        1            1            0          "Holyangel Claws"                    180     277         287         35            100          0                 0                 300        88            28             0           0             0               0	   0	   1	   0	   1	   0	   0	   0
60       0      270     1       2        1            1            0          "Archangel Absolute Claws"           100     121         130         35            160          0                 0                 0          68            23             0           0             0               0	   0	   1	   0	   1	   0	   0	   0
61       0      270     1       2        1            1            0          "Blessed Arch's Absolute Claws"      200     136         147         35            160          0                 0                 0          60            22             0           0             0               0	   0	   1	   0	   1	   0	   0	   0
62       0      56      1       4        1            1            0          "Sword Of Snow [RL]"                 200     428         439         40            100          0                 0                 350        141           44             0           0             0               0	   0	   1	   0	   1	   0	   0	   0
63       0      56      1       4        1            1            0          "Sword Of Gold [RL]"                 200     427         438         45            100          0                 133               350        103           62             15          0             0               0	   0	   1	   0	   1	   0	   0	   0
64       0      270     1       2        1            1            0          "Soul Claws"                         200     340         350         35            100          0                 0                 350        82            26             0           0             0               0	   0	   1	   0	   1	   0	   0	   0
65	 0	56	1	4	 1	      1	           0	      "Sword Of Saron"		           140	   225	       240	   35	         84	      0	                0	          0	     160	   60	          0	      0	            0	            0	   0	   1	   0	   1	   0	   0	   0
66	 0	56	1	4	 1	      1	           0	      "Sword Of Green V2"		   140	   225	       240	   35	         84	      0	                0	          0	     160	   60	          0	      0	            0	            0	   0	   1	   0	   1	   0	   0	   0
67	 0	56	1	4	 1	      1	           0	      "Sword Of Love 2.0"		   140	   225	       240	   35	         84	      0	                0	          0	     160	   60	          0	      0	            0	            0	   0	   1	   0	   1	   0	   0	   0
68	 0	56	1	4	 1	      1	           0	      "Sword Of Armageddom [RL]"	   140	   225	       240	   35	         84	      0	                0	          0	     160	   60	          0	      0	            0	            0	   0	   1	   0	   1	   0	   0	   0
69	 0	56	1	4	 1	      1	           0	      "Sword Of Apocalipse 2.0"		   140	   225	       240	   35	         84	      0	                0	          0	     160	   60	          0	      0	            0	            0	   0	   1	   0	   1	   0	   0	   0
70	 0	56	1	4	 1	      1	           0	      "Sword Of Blood Vampire"		   140	   225	       240	   35	         84	      0	                0	          0	     160	   60	          0	      0	            0	            0	   0	   1	   0	   1	   0	   0	   0
78       0      56      1       4        1            1            0          "Sword Of Steel 2.0"                 220     492         502         40            100          0                 0                 380        83            24             0           0             0               0	   0	   1	   0	   1	   0	   0	   0
79       0      56      1       4        1            1            0          "Blue Eye Magic Sword"               220     491         501         45            100          0                 140               380        60            35             6           0             0               0	   0	   1	   0	   1	   0	   0	   0
80       0      270     1       2        1            1            0          "Blue Eye Claws"                     220     404         414         35            100          0                 0                 380        47            14             0           0             0               0	   0	   1	   0	   1	   0	   0	   0
81       0      270     1       2        1            1            0          "Dragon Claws"                       220     404         414         35            100          0                 0                 380        47            14             0           0             0               0	   0	   1	   0	   1	   0	   0	   0
82       0      56      1       4        1            1            0          "Sword Of Horus"                     180     365         376         40            100          0                 0                 300        152           47             0           0             0               0	   0	   1	   0	   1	   0	   0	   0
83       0      56      1       4        1            1            0          "Sword Of Zeus"                      180     365         376         40            100          0                 0                 300        152           47             0           0             0               0	   0	   1	   0	   1	   0	   0	   0
84       0      56      1       4        1            1            0          "Sword Of Holy"                      180     365         376         40            100          0                 0                 300        152           47             0           0             0               0	   0	   1	   0	   1	   0	   0	   0
85	 0	56	1	2	 1	      1	           0	      "Mace Of King [RL]"	           52	   225	       240	   35	         84	      0	                0	          0	     160	   60	          0	      0	            0	            0	   0	   1	   0	   1	   1	   0	   0
86	 0	56	1	2	 1	      1	           0	      "Saron Hammer [RL]"		   52	   225	       240	   35	         84	      0	                0	          0	     160	   60	          0	      0	            0	            0	   0	   1	   0	   1	   1	   0	   0
87	 0	56	1	2	 1	      1	           0	      "Sword Zeus 1.0"			   180	   225	       240	   35	         84	      0	                0	          0	     160	   60	          0	      0	            0	            0	   0	   1	   0	   1	   0	   0	   0
88	 0	56	1	2	 1	      1	           0	      "Sword Of New 2022"	           5	   225	       240	   150	         255	      0	                104	          380	     160	   60	          0	      0	            0	            0	   0	   1	   0	   1	   0	   0	   0
89	 0	56	1	4	 1	      1	           0	      "Sword Fire King 2.0"		   140	   225	       240	   35	         84	      0	                0	          0	     160	   60	          0	      0	            0	            0	   0	   1	   0	   1	   0	   0	   0
90       0      56      1       4        1            1            0          "Sword Fire Green"                   140     115         140         45            90           0                 112               380        86            70             16          0             0               0	   0	   1	   1	   1	   0	   0	   0
91       0      56      1       4        1            1            0          "Sword Of Fantasy"                   6       225         240         150           255          0                 112               380        86            70             16          0             0               0	   0	   1	   1	   1	   0	   0	   0
92       0      56      1       4        1            1            0          "Sword Light Hawk"                   22      225         240         150           255          0                 112               380        86            70             16          0             0               0	   0	   1	   1	   1	   0	   0	   0
93       0      56      1       4        1            1            0          "Sword Of BloodRed-2022"             6       225         240         150           255          0                 112               380        86            70             16          0             0               0	   0	   1	   1	   1	   0	   0	   0
94       0      56      1       4        1            1            0          "Sword Of Blue White"                6       225         240         150           255          0                 112               380        86            70             16          0             0               0	   0	   1	   1	   1	   0	   0	   0
95       0      56      1       4        1            1            0          "Sword Of Black Gold"                22      225         240         150           255          0                 112               380        86            70             16          0             0               0	   0	   1	   1	   1	   0	   0	   0
96       0      56      1       4        1            1            0          "Sword Red Fire"                     22      115         140         45            90           0                 112               380        86            70             16          0             0               0	   0	   1	   1	   1	   0	   0	   0
97       0      56      1       4        1            1            0          "Sword Ligh Blue"                    22      115         140         45            90           0                 112               380        86            70             16          0             0               0	   0	   1	   1	   1	   0	   0	   0
98       0      56      1       4        1            1            0          "Sword Of Rabbit Lunar [RL]"         22      115         140         45            90           0                 112               380        86            70             16          0             0               0	   0	   1	   1	   1	   0	   0	   0
99       0      56      1       4        1            1            0          "Scepter Of War 2.0 [RL]"            22      115         140         45            90           0                 112               380        86            70             16          0             0               0	   0	   1	   1	   1	   0	   0	   0
100      0      56      1       4        1            1            0          "Sword Of War 2.0 [RL]"              22      115         140         45            90           0                 112               380        86            70             16          0             0               0	   0	   1	   1	   1	   0	   0	   0
101      0      56      1       4        1            1            0          "Sword Of Abaddon"                   22      115         140         45            90           0                 112               380        86            70             16          0             0               0	   0	   1	   1	   1	   0	   0	   0
102      0      56      1       4        1            1            0          "Sword Of Marinheiro"                22      115         140         45            90           0                 112               380        86            70             16          0             0               0	   0	   1	   1	   1	   0	   0	   0
103      0      56      1       4        1            1            0          "Sword Of Holy v2"                   22      115         140         45            90           0                 112               380        86            70             16          0             0               0	   0	   1	   1	   1	   0	   0	   0
104      0      56      1       4        1            1            0          "Sword Rei Do PvP"                   22      115         140         45            90           0                 112               380        86            70             16          0             0               0	   0	   1	   1	   1	   0	   0	   0
end

//=================================
// //Categoria Axe//
//=================================
1
// [01]  [02]   [03]    [04]    [05]     [06]         [07]         [08]       [NOME]                               [09]    [10]        [11]        [12]          [13]         [14]              [15]              [16]       [17]          [18]           [19]        [20]          [21]            [22]   [SM]    [BK]    [ELF]  [MG]    [DL]    [SU]    [RF]
//Type   Slot   Skill   Width   Height   HaveSerial   HaveOption   DropItem   Name                                 Level   DamageMin   DamageMax   AttackSpeed   Durability   MagicDurability   MagicDamageRate   ReqLevel   ReqStrength   ReqDexterity   ReqEnergy   ReqVitality   ReqLeadership   None   DW      DK      FE      MG      DL      SU      RF
0        0      0       1       3        1            1            1          "Small Axe"                          1       1           6           20            18           0                 0                 0          50            0              0           0             0               1      1       1       0       1       1       0       0
1        0      0       1       3        1            1            1          "Hand Axe"                           4       4           9           30            20           0                 0                 0          70            0              0           0             0               1      1       1       0       1       1       0       0
2        0      0       1       3        1            1            1          "Double Axe"                         14      14          24          20            26           0                 0                 0          90            0              0           0             0               1      1       1       0       1       1       0       0
3        0      0       1       3        1            1            1          "Tomahawk"                           18      18          28          30            28           0                 0                 0          100           0              0           0             0               1      1       1       0       1       1       0       0
4        0      0       1       3        1            1            1          "Elven Axe"                          26      26          38          40            32           0                 0                 0          50            70             0           0             0               1      1       1       0       1       1       0       0
5        0      0       2       3        1            1            1          "Battle Axe"                         30      36          44          20            36           0                 0                 0          120           0              0           0             0               1      1       1       0       1       1       0       0
6        0      0       2       3        1            1            1          "Nikea Axe"                          34      38          50          30            44           0                 0                 0          130           0              0           0             0               1      1       1       0       1       1       0       0
7        0      0       2       3        1            1            1          "Larkan Axe"                         46      54          67          25            55           0                 0                 0          140           0              0           0             0               1      1       1       0       1       1       0       0
8        0      0       2       3        1            1            1          "Crescent Axe"                       54      69          89          30            65           0                 0                 0          100           40             0           0             0               1      1       1       0       1       1       0       0
9        0      0       2       3        1            1            0          "Axe Of Saron"                       54      69          89          30            65           0                 0                 0          100           40             0           0             0               1      1       1       0       1       1       0       0
10       0      0       2       3        1            1            0          "Axe Of Green V2"                    54      69          89          30            65           0                 0                 0          100           40             0           0             0               1      1       1       0       1       1       0       0
11       0      0       2       3        1            1            0          "Axe Of Holy"                        54      69          89          30            65           0                 0                 0          100           40             0           0             0               1      1       1       0       1       1       0       0
12       0      0       2       3        1            1            0          "Axe Of New 2022"                    54      69          89          30            65           0                 0                 0          100           40             0           0             0               1      1       1       0       1       1       0       0
13       0      0       2       3        1            1            0          "Axe Of Fire Green"                  54      69          89          30            65           0                 0                 0          100           40             0           0             0               1      1       1       0       1       1       0       0
14       0      0       2       3        1            1            0          "Axe Of Blue White"                  10      69          89          30            65           0                 0                 0          100           40             0           0             0               1      1       1       0       1       1       0       0
15       0      0       2       3        1            1            0          "Axe Red Fire"                       10      69          89          30            65           0                 0                 0          100           40             0           0             0               1      1       1       0       1       1       0       0
16       0      0       2       3        1            1            0          "Axe Ligh Blue"                      10      69          89          30            65           0                 0                 0          100           40             0           0             0               1      1       1       0       1       1       0       0
17       0      0       2       3        1            1            0          "Axe Holy v2"                        10      69          89          30            65           0                 0                 0          100           40             0           0             0               1      1       1       0       1       1       0       0
end

//=================================
// //Categoria Mace//
//=================================
2
// [01]  [02]   [03]    [04]    [05]     [06]         [07]         [08]       [NOME]                               [09]    [10]        [11]        [12]          [13]         [14]              [15]              [16]       [17]          [18]           [19]        [20]          [21]            [22]   [SM]    [BK]    [ELF]  [MG]    [DL]    [SU]    [RF]
//Type   Slot   Skill   Width   Height   HaveSerial   HaveOption   DropItem   Name                                 Level   DamageMin   DamageMax   AttackSpeed   Durability   MagicDurability   MagicDamageRate   ReqLevel   ReqStrength   ReqDexterity   ReqEnergy   ReqVitality   ReqLeadership   None   DW      DK      FE      MG      DL      SU      RF
0        0      0       1       3        1            1            1          "Mace"                               7       7           13          15            21           0                 0                 0          100           0              0           0             0               1      0       1       0       1       1       0       0
1        0      0       1       3        1            1            1          "Morning Star"                       13      13          22          15            25           0                 0                 0          100           0              0           0             0               1      0       1       0       1       1       0       0
2        0      0       1       3        1            1            1          "Flail"                              22      22          32          15            32           0                 0                 0          80            50             0           0             0               1      0       1       0       1       1       0       0
3        0      0       2       3        1            1            1          "Great Hammer"                       38      45          56          15            50           0                 0                 0          150           0              0           0             0               1      0       1       0       1       1       0       0
4        0      0       2       3        1            1            1          "Crystal Morning Star"               66      78          107         30            72           0                 0                 0          130           0              0           0             0               1      0       1       0       1       1       0       0
5        0      20      2       4        1            1            1          "Crystal Sword"                      72      89          120         40            76           0                 0                 0          130           70             0           0             0               1      0       1       0       1       1       0       0
6        0      20      2       4        1            1            0          "Chaos Dragon Axe"                   75      102         130         35            80           0                 0                 0          140           50             0           0             0               1      0       1       0       1       1       0       0
7        0      0       1       3        1            1            1          "Elemental Mace"                     90      62          80          50            50           0                 0                 0          15            42             0           0             0               1      0       1       0       1       1       0       0
8        0      66      1       3        1            1            1          "Battle Scepter"                     54      41          52          45            40           0                 3                 0          80            17             0           0             0               1      0       1       0       1       1       0       0
9        0      66      1       3        1            1            1          "Master Scepter"                     72      57          68          45            45           0                 20                0          87            18             0           0             0               1      0       1       0       1       1       0       0
10       0      66      1       4        1            1            1          "Great Scepter"                      82      74          85          45            65           0                 35                0          100           21             0           0             0               1      0       1       0       1       1       0       0
11       0      66      1       4        1            1            1          "Lord Scepter"                       98      91          102         40            72           0                 52                0          105           23             0           0             0               1      0       1       0       1       1       0       0
12       0      66      1       4        1            1            1          "Great Lord Scepter"                 140     108         120         40            84           0                 67                0          90            20             0           0             0               1      0       1       0       1       1       0       0
13       0      66      1       4        1            1            1          "Divine Scepter of Archangel"        150     200         223         45            90           0                 138               0          75            16             0           0             0               1      0       1       0       1       1       0       0
14       0      66      1       4        1            1            1          "Soleil Sceptor"                     146     130         153         40            95           0                 84                380        80            15             0           0             0               1      0       1       0       1       1       0       0
15       0      66      1       4        1            1            1          "Shining Scepter"                    110     99          111         40            78           0                 60                0          108           22             0           0             0               1      0       1       0       1       1       0       0
16       0      0       1       3        1            1            1          "Frost Mace"                         121     106         146         50            80           0                 0                 380        27            19             0           0             0               1      0       1       0       1       1       0       0
17       0      66      1       4        1            1            1          "Absolute Scepter"                   135     114         132         40            90           0                 72                380        119           24             0           0             0               1      0       1       0       1       1       0       0
18       0      66      1       4        1            1            1          "Striker Scepter"                    147     112         124         40            86           0                 70                0          87            20             0           0             0               1      0       1       0       1       1       0       0
//----BY:Zeus Revolutions Team Itens Novos 97D+2.0-----
19       0      66      1       4        1            1            0          "Mace Of War [RL]"                   90      127         154         40            78           0                 76                380        111           22             0           0             0               1      0       1       0       1       1       0       0
20       0      0       2       4        1            1            0          "Horn Of Steal"                      149     177         206         25            120          0                 0                 380        182           50             0           0             0               1      0       1       0       1       1       0       0
22       0	56	1	4	 1	      1	           0	      "Mace Of Green V2"	           135	   225	       240	   30	         100	      0	                80	          80	     144	   100	          0	      0	            0	            1      0       1       0       1       1       0       0
25       0      66      1       4        1            1            0          "Blessed Divine Arch Scepter"        200     331         341         45            170          0                 175               0          75            16             0           0             0               1      0       1       0       1       1       0       0
26       0      66      1       4        1            1            0          "Darkangel Scepter"                  160     223         233         40            100          0                 114               250        114           23             0           0             0               1      0       1       0       1       1       0       0
27       0      66      1       4        1            1            0          "Scepter Fire Green"                 135     318         330         40            100          0                 134               300        105           22             0           0             0               1      0       1       0       1       1       0       0
32       0      0       1       3        1            1            0          "Bloodangel Runic Mace"              150     95          101         50            0            100               122               400        42            14             129         0             0               1      0       1       0       1       1       0       0
33       0      0       1       3        1            1            0          "Darkangel Runic Mace"               160     125         131         50            0            100               136               250        42            14             129         0             0               1      0       1       0       1       1       0       0
34       0      0       1       3        1            1            0          "Absolute Mace of Archangel"         104     158         170         50            0            182               142               0          32            4              64          0             0               1      0       1       0       1       1       0       0
35       0      0       1       3        1            1            0          "Blessed Divine Arch Mace"           200     158         170         50            0            182               160               0          28            4              79          0             0               1      0       1       0       1       1       0       0
36       0      66      1       4        1            1            0          "Soul Scepter"                       200     403         416         40            100          0                 154               350        98            21             0           0             0               1      0       1       0       1       1       0       0
38       0      0       1       3        1            1            0          "Holyangel Rune Mace"                180     135         141         50            0            100               152               300        42            14             129         0             0               1      0       1       0       1       1       0       0
39       0      0       1       3        1            1            0          "Mace Dark Pirate"                   90      145         151         50            0            100               174               350        39            13             120         0             0               1      0       1       0       1       1       0       0
40       0      66      1       4        1            1            0          "Mace Of Gold [RL]"                  135     490         504         40            100          0                 154               380        57            11             0           0             0               1      0       1       0       1       1       0       0
41       0      0       1       3        1            1            0          "Mace Of Snow [RL]"                  90      156         161         50            0            100               196               380        21            6              60          0             0               1      0       1       0       1       1       0       0
42       0	56	1	4	 1	      1	           0	      "Mace Of Saron"	                   7	   225	       240	   30	         100	      0	                80	          80	     144	   100	          0	      0	            0	            1      0       1       0       1       1       0       0
43       0      66      1       4        1            1            0          "Scepter Of Saron"                   135     403         416         40            100          0                 154               350        98            21             0           0             0               1      0       1       0       1       1       0       0
44       0	56	1	4	 1	      1	           0	      "Mace Of Green V2"	           7	   225	       240	   30	         100	      0	                80	          80	     144	   100	          0	      0	            0	            1      0       1       0       1       1       0       0
45       0      66      1       4        1            1            0          "No Existe"                          200     403         416         40            100          0                 154               350        98            21             0           0             0               1      0       1       0       1       1       0       0
46       0	56	1	4	 1	      1	           0	      "Mace Of Armageddon [RL]"	           7	   225	       240	   30	         100	      0	                80	          80	     144	   100	          0	      0	            0	            1      0       1       0       1       1       0       0
47       0      56      1       4        1            1            0          "Mace Of Horus"                      7       403         416         40            100          0                 154               350        98            21             0           0             0               1      0       1       0       1       1       0       0
48       0      56      1       4        1            1            0          "Mace Of Zeus"                       7       403         416         40            100          0                 154               350        98            21             0           0             0               1      0       1       0       1       1       0       0
49       0      56      1       4        1            1            0          "Mace Of Holy"                       7       403         416         40            100          0                 154               350        98            21             0           0             0               1      0       1       0       1       1       0       0
50       0      66      1       4        1            1            0          "Scepter Of Holy"                    135     403         416         40            100          0                 154               350        98            21             0           0             0               1      0       1       0       1       1       0       0
51       0      66      1       4        1            1            0          "Mace Of Zeus 1.0"                   7       403         416         40            100          0                 154               350        98            21             0           0             0               1      0       1       0       1       1       0       0
52       0      66      1       4        1            1            0          "Mace Blood Vampire"                 7       403         416         40            100          0                 154               350        98            21             0           0             0               1      0       1       0       1       1       0       0
53       0      66      1       4        1            1            0          "Mace Of New 2022"                   7       403         416         40            100          0                 154               350        98            21             0           0             0               1      0       1       0       1       1       0       0
54       0      66      1       3        1            1            0          "Scepter Fire King 2.0"              90      145         151         50            0            100               174               350        39            13             120         0             0               1      0       1       0       1       1       0       0
55       0      66      1       3        1            1            0          "Mace Of Fantasy"                    7       145         151         50            0            100               174               350        39            13             120         0             0               1      0       1       0       1       1       0       0
56       0      66      1       3        1            1            0          "Mace Light Hawk"                    7       145         151         50            0            100               174               350        39            13             120         0             0               1      0       1       0       1       1       0       0
57       0      66      1       3        1            1            0          "Mace Of Steel 2.0"                  7       145         151         50            0            100               174               350        39            13             120         0             0               1      0       1       0       1       1       0       0
58       0      20      1       3        1            1            0          "Lança Steel 2.0"                    7       145         151         50            0            100               174               350        39            13             120         0             0               1      0       1       0       1       1       0       0
59       0      20      1       3        1            1            0          "Mace Of BloodRed-2022"              7       145         151         50            0            100               174               350        39            13             120         0             0               1      0       1       0       1       1       0       0
60       0      20      1       3        1            1            0          "Mace Of Blue White"                 7       145         151         50            0            100               174               350        39            13             120         0             0               1      0       1       0       1       1       0       0
61       0      20      1       3        1            1            0          "Mace Of Black Gold 01"              7       145         151         50            0            100               174               350        39            13             120         0             0               1      0       1       0       1       1       0       0
62       0      20      1       3        1            1            0          "Mace Of Black Gold 02"              7       145         151         50            0            100               174               350        39            13             120         0             0               1      0       1       0       1       1       0       0
63       0      20      1       3        1            1            0          "Mace Red Fire"                      7       145         151         50            0            100               174               350        39            13             120         0             0               1      0       1       0       1       1       0       0
64       0      20      1       3        1            1            0          "Mace Ligh Blue"                     7       145         151         50            0            100               174               350        39            13             120         0             0               1      0       1       0       1       1       0       0
65       0      20      1       3        1            1            0          "Scepter Ligh Blue"                  7       145         151         50            0            100               174               350        39            13             120         0             0               1      0       1       0       1       1       0       0
66       0      20      1       3        1            1            0          "Mace Of Rabbit Lunar [RL]"          7       145         151         50            0            100               174               350        39            13             120         0             0               1      0       1       0       1       1       0       0
67       0      20      1       3        1            1            0          "Mace Of War 2.0 [RL]"               7       145         151         50            0            100               174               350        39            13             120         0             0               1      0       1       0       1       1       0       0
68       0      20      1       3        1            1            0          "Mace Of Abaddon"                    7       145         151         50            0            100               174               350        39            13             120         0             0               1      0       1       0       1       1       0       0
69       0      20      1       3        1            1            0          "Scepter Of Abaddon"                 7       145         151         50            0            100               174               350        39            13             120         0             0               1      0       1       0       1       1       0       0
70       0      20      1       3        1            1            0          "Mace Of Marinheiro"                 7       145         151         50            0            100               174               350        39            13             120         0             0               1      0       1       0       1       1       0       0
71       0      20      1       3        1            1            0          "Mace Of Holy v2"                    7       145         151         50            0            100               174               350        39            13             120         0             0               1      0       1       0       1       1       0       0
72       0      20      1       3        1            1            0          "Mace Rei Do PvP"                    7       145         151         50            0            100               174               350        39            13             120         0             0               1      0       1       0       1       1       0       0
end

//=================================
// //Categoria Lance//
//=================================
3
// [01]  [02]   [03]    [04]    [05]     [06]         [07]         [08]       [NOME]                               [09]    [10]        [11]        [12]          [13]         [14]              [15]              [16]       [17]          [18]           [19]        [20]          [21]            [22]   [SM]    [BK]    [ELF]  [MG]    [DL]    [SU]    [RF]
//Type   Slot   Skill   Width   Height   HaveSerial   HaveOption   DropItem   Name                                 Level   DamageMin   DamageMax   AttackSpeed   Durability   MagicDurability   MagicDamageRate   ReqLevel   ReqStrength   ReqDexterity   ReqEnergy   ReqVitality   ReqLeadership   None   DW      DK      FE      MG      DL      SU      RF
0        0      20      2       4        1            1            1          "Light Spear"                        42      50          63          25            56           0                 0                 0          60            70             0           0             0               0      1       1       1       1       0       0       0
1        0      0       2       4        1            1            1          "Spear"                              23      30          41          30            42           0                 0                 0          70            50             0           0             0               0      1       1       1       1       0       0       0
2        0      0       2       4        1            1            1          "Dragon Lance"                       15      21          33          30            34           0                 0                 0          70            50             0           0             0               0      1       1       1       1       0       0       0
3        0      0       2       4        1            1            1          "Giant Trident"                      29      35          43          25            44           0                 0                 0          90            30             0           0             0               0      1       1       1       1       0       0       0
4        0      20      2       4        1            1            1          "Serpent Spear"                      46      58          80          20            58           0                 0                 0          90            30             0           0             0               0      1       1       1       1       0       0       0
5        0      0       2       4        1            1            1          "Double Poleaxe"                     13      19          31          30            38           0                 0                 0          70            50             0           0             0               0      1       1       1       1       0       0       0
6        0      0       2       4        1            1            1          "Halberd"                            19      25          35          30            40           0                 0                 0          70            50             0           0             0               0      1       1       1       1       0       0       0
7        0      20      2       4        1            1            1          "Berdysh"                            37      42          54          30            54           0                 0                 0          80            50             0           0             0               0      1       1       1       1       0       0       0
8        0      20      2       4        1            1            1          "Great Scythe"                       54      71          92          25            68           0                 0                 0          90            50             0           0             0               0      1       1       1       1       0       0       0
9        0      20      2       4        1            1            1          "Bill of Balrog"                     63      76          102         25            74           0                 0                 0          80            50             0           0             0               0      1       1       1       1       0       0       0
10       0      20      2       4        1            1            1          "Dragon Spear"                       92      112         140         35            85           0                 0                 0          170           60             0           0             0               0      1       1       1       1       0       0       0
11       0      20      2       4        1            1            1          "Brova"                              147     190         226         40            90           0                 0                 0          152           25             0           0             0               0      1       1       1       1       0       0       0
//----BY:Zeus Revolutions Team Itens Novos 97D+2.0-----
12       0      20      2       4        1            1            1          "Magmus Peer"                        149     135         236         35            85           0                 0                 380        49            162            0           0             0               0      1       1       1       1       0       0       0
19       0      20      2       4        1            1            0          "Bloodangel Lance"                   150     134         145         40            100          0                 0                 0          70            50             0           0             0               0      1       1       1       1       0       0       0
24       0      20      2       4        1            1            0          "Darkangel Lance"                    160     150         160         40            100          0                 0                 0          70            50             0           0             0               0      1       1       1       1       0       0       0
25       0      20      2       4        1            1            0          "Holyangel Lance"                    180     202         212         40            100          0                 0                 0          65            46             0           0             0               0      1       1       1       1       0       0       0
26       0      20      2       4        1            1            0          "Absolute Lance of the Arch."        100     115         126         40            100          0                 0                 0          65            46             0           0             0               0      1       1       1       1       0       0       0
27       0      20      2       4        1            1            0          "Blessed Divine Arch Lance"          200     173         184         40            100          0                 0                 0          62            43             0           0             0               0      1       1       1       1       0       0       0
28       0      20      2       4        1            1            0          "Soul Lance"                         200     254         264         40            100          0                 0                 0          61            43             0           0             0               0      1       1       1       1       0       0       0
29       0      20      2       4        1            1            0          "Blue Eye Lance"                     220     306         318         40            100          0                 0                 0          35            24             0           0             0               0      1       1       1       1       0       0       0
end

//=================================
// //Categoria Bow//Ring # Pendant
//=================================
4
// [01]  [02]   [03]    [04]    [05]     [06]         [07]         [08]       [NOME]                               [09]    [10]        [11]        [12]          [13]         [14]              [15]              [16]       [17]          [18]           [19]        [20]          [21]            [22]   [SM]    [BK]    [ELF]  [MG]    [DL]    [SU]    [RF]
//Type   Slot   Skill   Width   Height   HaveSerial   HaveOption   DropItem   Name                                 Level   DamageMin   DamageMax   AttackSpeed   Durability   MagicDurability   MagicDamageRate   ReqLevel   ReqStrength   ReqDexterity   ReqEnergy   ReqVitality   ReqLeadership   None   DW      DK      FE      MG      DL      SU      RF
0        1      24      2       3        1            1            1          "Short Bow"                          2       3           5           30            20           0                 0                 0          20            80             0           0             0               0      0       0       1       0       0       0       0
1        1      24      2       4        1            1            0          "Bow"                                8       9           13          30            24           0                 0                 0          30            90             0           0             0               0      0       0       1       0       0       0       0
2        1      24      2       3        1            1            1          "Elven Bow"                          16      17          24          30            28           0                 0                 0          30            90             0           0             0               0      0       0       1       0       0       0       0
3        1      24      2       3        1            1            1          "Battle Bow"                         26      28          37          30            36           0                 0                 0          30            90             0           0             0               0      0       0       1       0       0       0       0
4        1      24      2       4        1            1            1          "Tiger Bow"                          40      42          52          30            43           0                 0                 0          30            100            0           0             0               0      0       0       1       0       0       0       0
5        1      24      2       4        1            1            1          "Silver Bow"                         56      59          71          40            48           0                 0                 0          30            100            0           0             0               0      0       0       1       0       0       0       0
6        1      24      2       4        1            1            0          "Chaos Nature Bow"                   75      88          106         35            68           0                 0                 0          40            150            0           0             0               0      0       0       1       0       0       0       0
7        1      0       1       1        0            0            0          "Bolt"                               0       0           0           0             255          0                 0                 0          0             0              0           0             0               0      0       0       1       0       0       0       0
8        0      24      2       2        1            1            0          "Crossbow"                     	   4       5           8           40            22           0                 0                 0          20            90             0           0             0               0      0       0       1       0       0       0       0
9        0      24      2       2        1            1            1          "Golden Crossbow"                    12      13          19          40            26           0                 0                 0          30            90             0           0             0               0      0       0       1       0       0       0       0
10       0      24      2       2        1            1            1          "Arquebus"                           20      22          30          40            31           0                 0                 0          30            90             0           0             0               0      0       0       1       0       0       0       0
11       0      24      2       3        1            1            1          "Light Crossbow"                     32      35          44          40            40           0                 0                 0          30            90             0           0             0               0      0       0       1       0       0       0       0
12       0      24      2       3        1            1            1          "Serpent Crossbow"                   48      50          61          40            45           0                 0                 0          30            100            0           0             0               0      0       0       1       0       0       0       0
13       0      24      2       3        1            1            1          "Bluewing Crossbow"                  68      68          82          40            56           0                 0                 0          40            110            0           0             0               0      0       0       1       0       0       0       0
14       0      24      2       3        1            1            1          "Aquagold Crossbow"                  72      78          92          30            60           0                 0                 0          50            130            0           0             0               0      0       0       1       0       0       0       0
15       0      0       1       1        0            0            0          "Arrow"                              0       0           0           0             255          0                 0                 0          0             0              0           0             0               0      0       0       1       0       0       0       0
16       0      24      2       4        1            1            1          "Saint Crossbow"                     84      102         127         35            72           0                 0                 0          50            160            0           0             0               0      0       0       1       0       0       0       0
17       1      24      2       4        1            1            1          "Celestial Bow"                      92      127         155         35            76           0                 0                 0          54            198            0           0             0               0      0       0       2       0       0       0       0
18       0      24      2       3        1            1            1          "Divine Crossbow of Archangel"       100     224         246         45            200          0                 0                 0          40            110            0           0             0               0      0       0       1       0       0       0       0
19       0      24      2       3        1            1            1          "Great Reign Crossbow"               100     150         172         40            80           0                 0                 0          61            285            0           0             0               0      0       0       2       0       0       0       0
20       1      24      2       4        1            1            1          "Arrow Viper Bow"                    135     166         190         45            86           0                 0                 0          52            245            0           0             0               0      0       0       2       0       0       0       0
21       1      24      2       4        1            1            1          "Sylph Wind Bow"                     147     177         200         45            93           0                 0                 380        46            210            0           0             0               0      0       0       2       0       0       0       0
22       1      24      2       4        1            1            1          "Albatross Bow"                      110     155         177         45            70           0                 0                 0          60            265            0           0             0               0      0       0       2       0       0       0       0
23       1      24      2       4        1            1            1          "Dark Stinger"                       134     162         184         45            80           0                 0                 380        32            209            0           0             0               0      0       0       2       0       0       0       0
24       1      24      2       4        1            1            1          "Aileen Bow"                         147     170         194         45            88           0                 0                 0          49            226            0           0             0               0      0       0       2       0       0       0       0
//----BY:Zeus Revolutions Team Itens Novos 97D+2.0-----
25       1      24      2       4        1            1            1          "Angelic Bow"                        149     179         202         45            70           0                 0                 380        30            193            0           0             0               0      0       0       1       0       0       0       0
26       0      24      2       4        1            1            1          "Devil Crossbow"                     149     167         218         40            90           0                 0                 380        30            193            0           0             0               0      0       0       1       0       0       0       0
28       1      24      2       4        1            1            0          "Bloodangel Bow"                     150     290         310         45            100          0                 0                 0          31            198            0           0             0               0      0       0       1       0       0       0       0
30       0      24      2       4        1            1            0          "Blessed Divine Arch Crossbow"       200     345         380         45            200          0                 0                 0          40            70             0           0             0               0      0       0       1       0       0       0       0
31       1      24      2       4        1            1            0          "Darkangel Bow"                      160     320         340         45            100          0                 0                 250        31            198            0           0             0               0      0       0       1       0       0       0       0
32       0      0       1       2        1            1            0          "Combat Quiver"                      52      111         137         50            90           0                 0                 0          27            98             0           0             0               0      0       0       1       0       0       0       0
33       0      0       1       2        1            1            0          "Devilwood Quiver"                   149     181         207         55            95           0                 0                 400        29            186            0           0             0               0      0       0       1       0       0       0       0
34       0      0       1       2        1            1            0          "Bloodangel Quiver"                  150     239         266         55            100          0                 0                 400        30            196            0           0             0               0      0       0       1       0       0       0       0
35       0      0       1       2        1            1            0          "Darkangel Quiver"                   160     291         316         55            100          0                 0                 600        30            196            0           0             0               0      0       0       1       0       0       0       0
36       1      24      2       4        1            1            0          "Bow Of Natalino"                    180     375         392         45            100          0                 0                 300        29            183            0           0             0               0      0       0       1       0       0       0       0
37       0      0       1       2        1            1            0          "Holyangel Quiver"                   180     345         369         55            100          0                 0                 800        28            181            0           0             0               0      0       0       1       0       0       0       0
38       1      24      2       4        1            1            0          "Soul Bow"                           200     501         518         45            100          0                 0                 350        27            170            0           0             0               0      0       0       1       0       0       0       0
39       0      0       1       2        1            1            0          "Soul Quiver"                        200     398         422         55            100          0                 0                 900        26            168            0           0             0               0      0       0       1       0       0       0       0
40       1      24      2       4        1            1            0          "Blue Eye Bow"                       220     628         646         45            100          0                 0                 380        14            100            0           0             0               0      0       0       1       0       0       0       0
41       0      0       1       2        1            1            0          "Blue Eye Quiver"                    220     451         475         55            100          0                 0                 1000       14            99             0           0             0               0      0       0       1       0       0       0       0
42       1      24      2       4        1            1            0          "Bow Of Armageddon [RL]"             147     628         646         45            100          0                 0                 380        14            100            0           0             0               0      0       0       2       0       0       0       0
43       1      24      2       4        1            1            0          "Bow Of Steel 2.0"                   147     628         646         45            100          0                 0                 380        14            100            0           0             0               0      0       0       2       0       0       0       0
44       1      24      2       4        1            1            0          "Bow Of Horus"                       147     628         646         45            100          0                 0                 380        14            100            0           0             0               0      0       0       2       0       0       0       0
45       1      24      2       4        1            1            0          "Bow Of Holy"                        147     628         646         45            100          0                 0                 380        14            100            0           0             0               0      0       0       2       0       0       0       0
46       1      24      2       4        1            1            0          "Bow Dark Pirate"                    147     628         646         45            100          0                 0                 380        14            100            0           0             0               0      0       0       2       0       0       0       0
47       1      24      2       4        1            1            0          "Bow Of Zeus 1.0"                    147     628         646         45            100          0                 0                 380        14            100            0           0             0               0      0       0       2       0       0       0       0
48       1      24      2       4        1            1            0          "Bow Blood Vampire"                  147     628         646         45            100          0                 0                 380        14            100            0           0             0               0      0       0       2       0       0       0       0
49       1      24      2       4        1            1            0          "Bow Fire King 2.0"                  147     628         646         45            100          0                 0                 380        14            100            0           0             0               0      0       0       2       0       0       0       0
50       1      24      2       4        1            1            0          "Bow Of Saron"                       147     628         646         45            100          0                 0                 380        14            100            0           0             0               0      0       0       2       0       0       0       0
51	 10	0	1	1	 1	      1	           0	      "Ring Of Green V2"		   30	   100	       0	   60	         220	      1	                0	          0	     0	           0	          0	      2	            0	            0	   1	   1	   1	   1	   1	   0	   0
52	 9	0	1	1	 1	      1	           0	      "Pendant Of Green V2"		   34	   100	       0	   60	         220	      0	                0	          0	     0	           0	          0	      2	            0	            0	   1	   1	   1	   1	   1	   0	   0
53       1      24      2       4        1            1            0          "Bow Green V2"                       220     628         646         45            100          0                 0                 380        14            100            0           0             0               0      0       0       2       0       0       0       0
54	 10	0	1	1	 1	      1	           0	      "Ring Of War [RL]"		   30	   100	       0	   60	         220	      1	                0	          0	     0	           0	          0	      2	            0	            0	   1	   1	   1	   1	   1	   0	   0
55	 9	0	1	1	 1	      1	           0	      "Pendant Of War [RL]"		   34	   100	       0	   60	         220	      0	                0	          0	     0	           0	          0	      2	            0	            0	   1	   1	   1	   1	   1	   0	   0
56       1      24      2       4        1            1            0          "Bow Fire Green"                     147     628         646         45            100          0                 0                 380        14            100            0           0             0               0      0       0       2       0       0       0       0
57       1      24      2       4        1            1            0          "Bow Light Hawk"                     147     628         646         45            100          0                 0                 380        14            100            0           0             0               0      0       0       2       0       0       0       0
58       1      24      2       4        1            1            0          "Bow Of BloodRed-2022"               144     628         646         45            100          0                 0                 380        14            100            0           0             0               0      0       0       2       0       0       0       0
59       1      24      2       4        1            1            0          "Bow Blue White"                     144     628         646         45            100          0                 0                 380        14            100            0           0             0               0      0       0       2       0       0       0       0
60       1      24      2       4        1            1            0          "Bow Of Black Gold"                  147     628         646         45            100          0                 0                 380        14            100            0           0             0               0      0       0       2       0       0       0       0
61       1      24      2       4        1            1            0          "Bow Red Fire"                       144     628         646         45            100          0                 0                 380        14            100            0           0             0               0      0       0       2       0       0       0       0
62       1      24      2       4        1            1            0          "Bow Ligh Blue"                      144     628         646         45            100          0                 0                 380        14            100            0           0             0               0      0       0       2       0       0       0       0
63       1      24      2       4        1            1            0          "Bow Of Rabbit Lunar [RL]"           144     628         646         45            100          0                 0                 380        14            100            0           0             0               0      0       0       2       0       0       0       0
64       1      24      2       4        1            1            0          "Bow Of War 2.0 [RL]"                144     628         646         45            100          0                 0                 380        14            100            0           0             0               0      0       0       2       0       0       0       0
65       1      24      2       4        1            1            0          "Bow Of Abaddon"                     144     628         646         45            100          0                 0                 380        14            100            0           0             0               0      0       0       2       0       0       0       0
66       1      24      2       4        1            1            0          "Bow Of Marinheiro"                  144     628         646         45            100          0                 0                 380        14            100            0           0             0               0      0       0       2       0       0       0       0
67       1      24      2       4        1            1            0          "Bow Of Holy V2"                     144     628         646         45            100          0                 0                 380        14            100            0           0             0               0      0       0       2       0       0       0       0
72	 10	0	1	1	 1	      1	           0	      "Ring Of Armageddon [RL]"	           30	   100	       0	   60	         220	      1	                0	          0	     0	           0	          0	      2	            0	            0	   1	   1	   1	   1	   1	   0	   0
73	 9	0	1	1	 1	      1	           0	      "Pendant Of Armageddon [RL]"	   34	   100	       0	   60	         220	      0	                0	          0	     0	           0	          0	      2	            0	            0	   1	   1	   1	   1	   1	   0	   0
74	 10	0	1	1	 1	      1	           0	      "Ring Of Apocalipse 2.0"		   30	   100	       0	   60	         220	      1	                0	          0	     0	           0	          0	      2	            0	            0	   1	   1	   1	   1	   1	   0	   0
75	 9	0	1	1	 1	      1	           0	      "Pendant Of Apocalipse 2.0"	   34	   100	       0	   60	         220	      0	                0	          0	     0	           0	          0	      2	            0	            0	   1	   1	   1	   1	   1	   0	   0
76	 10	0	1	1	 1	      1	           0	      "Ring Of Natalino"		   30	   100	       0	   60	         220	      1	                0	          0	     0	           0	          0	      2	            0	            0	   1	   1	   1	   1	   1	   0	   0
77	 9	0	1	1	 1	      1	           0	      "Pendant Of Natalino"	           34	   100	       0	   60	         220	      0	                0	          0	     0	           0	          0	      2	            0	            0	   1	   1	   1	   1	   1	   0	   0
78	 10	0	1	1	 1	      1	           0	      "Ring Of Gold [RL]"		   30	   100	       0	   60	         220	      1	                0	          0	     0	           0	          0	      2	            0	            0	   1	   1	   1	   1	   1	   0	   0
79	 9	0	1	1	 1	      1	           0	      "Pendant Of Gold [RL]"	           34	   100	       0	   60	         220	      0	                0	          0	     0	           0	          0	      2	            0	            0	   1	   1	   1	   1	   1	   0	   0
80	 10	0	1	1	 1	      1	           0	      "Ring Of Steel 2.0"		   30	   100	       0	   60	         220	      1	                0	          0	     0	           0	          0	      2	            0	            0	   1	   1	   1	   1	   1	   0	   0
81	 9	0	1	1	 1	      1	           0	      "Pendant Of Steel 2.0"	           34	   100	       0	   60	         220	      0	                0	          0	     0	           0	          0	      2	            0	            0	   1	   1	   1	   1	   1	   0	   0
82	 10	0	1	1	 1	      1	           0	      "Ring Of Horus"		           30	   100	       0	   60	         220	      1	                0	          0	     0	           0	          0	      2	            0	            0	   1	   1	   1	   1	   1	   0	   0
83	 9	0	1	1	 1	      1	           0	      "Pendant Of Horus"	           34	   100	       0	   60	         220	      0	                0	          0	     0	           0	          0	      2	            0	            0	   1	   1	   1	   1	   1	   0	   0
84	 10	0	1	1	 1	      1	           0	      "Ring Of Zeus"		           30	   100	       0	   60	         220	      1	                0	          0	     0	           0	          0	      2	            0	            0	   1	   1	   1	   1	   1	   0	   0
85	 9	0	1	1	 1	      1	           0	      "Pendant Of Zeus"	                   34	   100	       0	   60	         220	      0	                0	          0	     0	           0	          0	      2	            0	            0	   1	   1	   1	   1	   1	   0	   0
86	 10	0	1	1	 1	      1	           0	      "Ring Of Holy"		           30	   100	       0	   60	         220	      1	                0	          0	     0	           0	          0	      2	            0	            0	   1	   1	   1	   1	   1	   0	   0
87	 9	0	1	1	 1	      1	           0	      "Pendant Of Holy"	                   34	   100	       0	   60	         220	      0	                0	          0	     0	           0	          0	      2	            0	            0	   1	   1	   1	   1	   1	   0	   0
88	 10	0	1	1	 1	      1	           0	      "Ring Dark Pirate"		   30	   100	       0	   60	         220	      1	                0	          0	     0	           0	          0	      2	            0	            0	   1	   1	   1	   1	   1	   0	   0
89	 9	0	1	1	 1	      1	           0	      "Pendant Dark Pirate"	           34	   100	       0	   60	         220	      0	                0	          0	     0	           0	          0	      2	            0	            0	   1	   1	   1	   1	   1	   0	   0
90	 10	0	1	1	 1	      1	           0	      "Ring Of New 2022"		   30	   100	       0	   60	         220	      1	                0	          0	     0	           0	          0	      2	            0	            0	   1	   1	   1	   1	   1	   0	   0
91	 9	0	1	1	 1	      1	           0	      "Pendant Of New 2022"	           34	   100	       0	   60	         220	      0	                0	          0	     0	           0	          0	      2	            0	            0	   1	   1	   1	   1	   1	   0	   0
92	 10	0	1	1	 1	      1	           0	      "Ring Fire Green"		           30	   100	       0	   60	         220	      1	                0	          0	     0	           0	          0	      2	            0	            0	   1	   1	   1	   1	   1	   0	   0
93	 9	0	1	1	 1	      1	           0	      "Pendant Fire Green"	           34	   100	       0	   60	         220	      0	                0	          0	     0	           0	          0	      2	            0	            0	   1	   1	   1	   1	   1	   0	   0
94	 10	0	1	1	 1	      1	           0	      "Ring Of Fantasy"		           30	   100	       0	   60	         220	      1	                0	          0	     0	           0	          0	      2	            0	            0	   1	   1	   1	   1	   1	   0	   0
95	 9	0	1	1	 1	      1	           0	      "Pendant Of Fantasy"	           34	   100	       0	   60	         220	      0	                0	          0	     0	           0	          0	      2	            0	            0	   1	   1	   1	   1	   1	   0	   0
96	 10	0	1	1	 1	      1	           0	      "Ring Light Hawk"		           30	   100	       0	   60	         220	      1	                0	          0	     0	           0	          0	      2	            0	            0	   1	   1	   1	   1	   1	   0	   0
97	 9	0	1	1	 1	      1	           0	      "Pendant Light Hawk"	           34	   100	       0	   60	         220	      0	                0	          0	     0	           0	          0	      2	            0	            0	   1	   1	   1	   1	   1	   0	   0
98	 10	0	1	1	 1	      1	           0	      "Ring Of BloodRed-2022"              30	   100	       0	   60	         220	      1	                0	          0	     0	           0	          0	      2	            0	            0	   1	   1	   1	   1	   1	   0	   0
99	 9	0	1	1	 1	      1	           0	      "Pendant Of BloodRed-2022"           34	   100	       0	   60	         220	      0	                0	          0	     0	           0	          0	      2	            0	            0	   1	   1	   1	   1	   1	   0	   0
100	 10	0	1	1	 1	      1	           0	      "Ring Of Blue White"		   30	   100	       0	   60	         220	      1	                0	          0	     0	           0	          0	      2	            0	            0	   1	   1	   1	   1	   1	   0	   0
101	 9	0	1	1	 1	      1	           0	      "Pendant Of Blue White"	           34	   100	       0	   60	         220	      0	                0	          0	     0	           0	          0	      2	            0	            0	   1	   1	   1	   1	   1	   0	   0
102	 10	0	1	1	 1	      1	           0	      "Ring Of Rabbit Lunar [RL]"	   30	   100	       0	   60	         220	      1	                0	          0	     0	           0	          0	      2	            0	            0	   1	   1	   1	   1	   1	   0	   0
103	 9	0	1	1	 1	      1	           0	      "Pendant Of Rabbit Lunar [RL]"	   34	   100	       0	   60	         220	      0	                0	          0	     0	           0	          0	      2	            0	            0	   1	   1	   1	   1	   1	   0	   0
104	 10	0	1	1	 1	      1	           0	      "Ring Of Abaddon"	                   30	   100	       0	   60	         220	      1	                0	          0	     0	           0	          0	      2	            0	            0	   1	   1	   1	   1	   1	   0	   0
105	 9	0	1	1	 1	      1	           0	      "Pendant Of Abaddon"	           34	   100	       0	   60	         220	      0	                0	          0	     0	           0	          0	      2	            0	            0	   1	   1	   1	   1	   1	   0	   0
106	 10	0	1	1	 1	      1	           0	      "Ring Of Marinheiro"	           30	   100	       0	   60	         220	      1	                0	          0	     0	           0	          0	      2	            0	            0	   1	   1	   1	   1	   1	   0	   0
107	 9	0	1	1	 1	      1	           0	      "Pendant Of Marinheiro"	           34	   100	       0	   60	         220	      0	                0	          0	     0	           0	          0	      2	            0	            0	   1	   1	   1	   1	   1	   0	   0
108	 10	0	1	1	 1	      1	           0	      "Ring Of Holy v2"	                   30	   100	       0	   60	         220	      1	                0	          0	     0	           0	          0	      2	            0	            0	   1	   1	   1	   1	   1	   0	   0
109	 9	0	1	1	 1	      1	           0	      "Pendant Of Holy v2"	           34	   100	       0	   60	         220	      0	                0	          0	     0	           0	          0	      2	            0	            0	   1	   1	   1	   1	   1	   0	   0
end

//=================================
// //Categoria Staff//
//=================================
5
// [01]  [02]   [03]    [04]    [05]     [06]         [07]         [08]       [NOME]                               [09]    [10]        [11]        [12]          [13]         [14]              [15]              [16]       [17]          [18]           [19]        [20]          [21]            [22]   [SM]    [BK]    [ELF]  [MG]    [DL]    [SU]    [RF]
//Type   Slot   Skill   Width   Height   HaveSerial   HaveOption   DropItem   Name                                 Level   DamageMin   DamageMax   AttackSpeed   Durability   MagicDurability   MagicDamageRate   ReqLevel   ReqStrength   ReqDexterity   ReqEnergy   ReqVitality   ReqLeadership   None   DW      DK      FE      MG      DL      SU      RF
0        0      0       1       3        1            1            1          "Skull Staff"                        6       3           4           20            0            20                6                 0          40            0              0           0             0               0      1       0       0       1       0       1       0
1        0      0       2       3        1            1            1          "Angelic Staff"                      18      10          12          25            0            38                20                0          50            0              0           0             0               0      1       0       0       1       0       0       0
2        0      0       2       3        1            1            1          "Serpent Staff"                      30      17          18          25            0            50                34                0          50            0              0           0             0               0      1       0       0       1       0       0       0
3        0      0       2       4        1            1            1          "Thunder Staff"                      42      23          25          25            0            60                46                0          40            10             0           0             0               0      1       0       0       1       0       0       0
4        0      0       2       4        1            1            1          "Gorgon Staff"                       52      29          32          25            0            65                58                0          50            0              0           0             0               0      1       0       0       1       0       0       0
5        0      0       1       4        1            1            1          "Legendary Staff"                    59      29          31          25            0            66                59                0          50            0              0           0             0               0      1       0       0       1       0       0       0
6        0      0       1       4        1            1            1          "Staff Of Resurrection"              70      35          39          25            0            70                70                0          60            10             0           0             0               0      1       0       0       1       0       0       0
7        0      0       2       4        1            1            0          "Chaos Lighting Staff"               75      47          48          30            0            70                94                0          60            10             0           0             0               0      1       0       0       1       0       0       0
8        0      0       2       4        1            1            1          "Staff Of Destruction"               90      50          54          30            0            85                101               0          60            10             0           0             0               0      1       0       0       1       0       0       0
9        0      0       1       4        1            1            1          "Dragon Soul Staff"                  100     46          48          30            0            91                92                0          52            16             0           0             0               0      1       0       0       1       0       1       0
10       0      0       1       4        1            1            1          "Divine Staff of Archangel"          104     153         165         30            0            182               156               0          36            4              0           0             0               0      1       0       0       1       0       0       0
11       0      0       1       4        1            1            1          "Staff Of Kundun"                    140     55          61          30            0            95                110               0          45            16             0           0             0               0      1       0       0       1       0       1       0
12       0      0       1       4        1            1            1          "Grand Viper Staff"                  147     66          74          30            0            100               130               380        39            13             0           0             0               0      1       0       0       1       0       1       0
13       0      0       1       4        1            1            1          "Platina Staff"                      110     51          53          30            0            78                120               0          50            16             0           0             0               0      1       0       0       1       0       1       0
14       0      0       1       4        1            1            1          "Mystery Stick"                      28      17          18          25            0            50                34                0          34            14             0           0             0               0      1       0       0       1       0       1       0
15       0      0       1       4        1            1            1          "Violent Wind Stick"                 42      23          25          25            0            60                46                0          33            17             0           0             0               0      1       0       0       1       0       1       0
16       0      0       1       4        1            1            1          "Red Wing Stick"                     59      29          31          25            0            65                59                0          36            14             0           0             0               0      1       0       0       1       0       1       0
17       0      0       1       4        1            1            1          "Ancient Stick"                      78      38          40          25            0            81                76                0          50            19             0           0             0               0      1       0       0       1       0       1       0
30       0      0       1       4        1            1            1          "Deadly Staff"                       138     57          59          30            0            91                126               380        47            18             0           0             0               0      1       0       0       1       0       1       0
31       0      0       1       4        1            1            1          "Inberial Staff"                     137     57          61          30            0            182               124               380        48            14             0           0             0               0      1       0       0       1       0       1       0
33       0      0       1       4        1            1            1          "Chromatic Staff"                    147     55          57          30            0            78                124               0          50            12             0           0             0               0      1       0       0       1       0       1       0
34       0      0       1       4        1            1            1          "Raven Stick"                        147     70          78          30            0            98                130               0          50            14             0           0             0               0      1       0       0       1       0       1       0
35       0      0       1       4        1            1            1          "Miracle Staff"                      149     67          69          30            0            80                130               380        46            13             0           0             0               0      1       0       0       1       0       1       0
37       0      0       1       4        1            1            1          "Staff Blood Vampire"                110     69          71          25            0            110               136               380        48            11             0           0             0               0      1       0       0       1       0       1       0
41       0	0	1	4	 1	      1	           0	      "Staff Of Armageddon [RL]"           135	   120	       150	   30	         0	      78	        120	          0	     50	           16	          0	      0	            0	            0	   1       0       0       1       0       1       0
43       0	0	1	4	 1	      1	           0	      "Staff Of Apocalipse 2.0"		   28	   120	       150	   30	         0	      78	        120	          0	     50	           16	          0	      0	            0	            0	   1       0       0       1       0       1       0
50       0      0       1       4        1            1            0          "Sttaf Of Steel 2.0"                 28      153         165         30            0            182               184               0          30            13             0           0             0               0      1       0       0       1       0       1       0
51       0      0       1       4        1            1            0          "Staff Of Natalino"                  135     120         126         30            0            100               173               250        47            14             0           0             0               0      1       0       0       1       0       1       0
52       0      0       1       4        1            1            0          "Darkangel Stick"                    160     111         117         30            0            100               169               250        42            15             0           0             0               0      1       0       0       1       0       1       0
53       0      0       1       4        1            1            0          "Staff Fire Green"                   135     135         148         30            0            100               196               300        44            13             0           0             0               0      1       0       0       1       0       1       0
54       0      0       1       4        1            1            0          "Holyangel Stick"                    180     127         135         30            0            100               196               300        39            14             0           0             0               0      1       0       0       1       0       1       0
55       0      0       1       4        1            1            0          "Soul Staff"                         200     157         170         30            0            100               219               350        41            12             0           0             0               0      1       0       0       1       0       1       0
56       0      0       1       4        1            1            0          "Soul Stick"                         200     145         153         30            0            100               223               350        37            13             0           0             0               0      1       0       0       1       0       1       0
61       0      0       1       4        1            1            0          "Blue Eye Staff"                     220     179         193         30            0            100               240               380        23            5              0           0             0               0      1       0       0       1       0       1       0
62       0      0       1       4        1            1            0          "Blue Eye Stick"                     220     164         172         30            0            100               244               380        20            6              0           0             0               0      1       0       0       1       0       1       0
63	 0	0	1	4	 1	      1	           0	      "Staff Of Saron"			   110	   120	       150	   30	         0	      78	        120	          0	     50	           16	          0	      0	            0	            0	   1	   0       0	   1	   0       0       0
64       0	0	1	4	 1	      1	           0	      "Staff Of Green V2"		   110	   120	       150	   30	         0	      78	        120	          0	     50	           16	          0	      0	            0	            0	   1	   0       0	   1	   0       0       0
65       0	0	1	4	 1	      1	           0	      "Staff Of Horus"		           110	   120	       150	   30	         0	      78	        120	          0	     50	           16	          0	      0	            0	            0	   1       0       0       1       0       1       0
66       0	0	1	4	 1	      1	           0	      "Staff Of Zeus"		           110	   120	       150	   30	         0	      78	        120	          0	     50	           16	          0	      0	            0	            0	   1       0       0       1       0       1       0
67       0	0	1	4	 1	      1	           0	      "Staff Of Holy"		           110	   120	       150	   30	         0	      78	        120	          0	     50	           16	          0	      0	            0	            0	   1       0       0       1       0       1       0
68       0	0	1	4	 1	      1	           0	      "Staff Of Zeus 1.0"		   110	   120	       150	   30	         0	      78	        120	          0	     50	           16	          0	      0	            0	            0	   1       0       0       1       0       1       0
69       0	0	1	4	 1	      1	           0	      "Staff Of New 2022"		   110	   120	       150	   30	         0	      78	        120	          0	     50	           16	          0	      0	            0	            0	   1       0       0       1       0       1       0
70       0      0       1       4        1            1            0          "Staff Fire King 2.0"                110     120         126         30            0            100               173               250        47            14             0           0             0               0      1       0       0       1       0       1       0
71       0      0       1       4        1            1            0          "Staff Of BloodRed-2022"             40      120         126         30            0            100               173               250        47            14             0           0             0               0      1       0       0       1       0       1       0
72       0      0       1       4        1            1            0          "Staff Of Blue White"                40      120         126         30            0            100               173               250        47            14             0           0             0               0      1       0       0       1       0       1       0
73       0      0       1       4        1            1            0          "Staff Of Black Gold"                100     120         126         30            0            100               173               250        47            14             0           0             0               0      1       0       0       1       0       1       0
74       0      0       1       4        1            1            0          "Staff Red Fire"                     100     120         126         30            0            100               173               250        47            14             0           0             0               0      1       0       0       1       0       1       0
75       0      0       1       4        1            1            0          "Staff Ligh Blue"                    100     120         126         30            0            100               173               250        47            14             0           0             0               0      1       0       0       1       0       1       0
76       0      0       1       4        1            1            0          "Staff Of Rabbit Lunar [RL]"         100     120         126         30            0            100               173               250        47            14             0           0             0               0      1       0       0       1       0       1       0
77       0      0       1       4        1            1            0          "Staff Of War 2.0 [RL]"              100     120         126         30            0            100               173               250        47            14             0           0             0               0      1       0       0       1       0       1       0
78       0      0       1       4        1            1            0          "Staff Of Abaddon"                   100     120         126         30            0            100               173               250        47            14             0           0             0               0      1       0       0       1       0       1       0
79       0      0       1       4        1            1            0          "Staff Of Marinheiro"                100     120         126         30            0            100               173               250        47            14             0           0             0               0      1       0       0       1       0       1       0
80       0      0       1       4        1            1            0          "Staff Of Holy v2"                   100     120         126         30            0            100               173               250        47            14             0           0             0               0      1       0       0       1       0       1       0
81       0      0       1       4        1            1            0          "Staff Rei Do PvP"                   100     120         126         30            0            100               173               250        47            14             0           0             0               0      1       0       0       1       0       1       0
end

//=================================
// //Categoria Shield//
//=================================
6
// [01]  [02]   [03]    [04]    [05]     [06]         [07]         [08]       [NOME]                               [09]    [10]      [11]                 [12]         [13]       [14]          [15]           [16]        [17]          [18]            [19]   [SM]    [BK]    [ELF]   [MG]    [DL]    [SU]    [RF]
//Type   Slot   Skill   Width   Height   HaveSerial   HaveOption   DropItem   Name                                 Level   Defense   DefenseSuccessRate   Durability   ReqLevel   ReqStrength   ReqDexterity   ReqEnergy   ReqVitality   ReqLeadership   None   DW      DK      FE      MG      DL      SU      RF
0        1      0       2       2        1            1            1          "Small Shield"                       3       1         3                    22           0          70            0              0           0             0               0      1       1       0       1       1       0       0
1        1      0       2       2        1            1            1          "Horn Shield"                        9       3         9                    28           0          100           0              0           0             0               0      1       1       0       1       1       0       0
2        1      0       2       2        1            1            1          "Kite Shield"                        12      4         12                   32           0          110           0              0           0             0               0      1       1       0       1       1       0       0
3        1      0       2       2        1            1            1          "Elven Shield"                       21      8         21                   36           0          30            100            0           0             0               0      1       1       0       1       1       0       0
4        1      18      2       2        1            1            1          "Buckler"                            6       2         6                    24           0          80            0              0           0             0               0      1       1       1       1       1       0       0
5        1      18      2       2        1            1            1          "Dragon Slayer Shield"               35      10        36                   44           0          100           40             0           0             0               0      0       1       0       1       1       0       0
6        1      18      2       2        1            1            1          "Skull Shield"                       15      5         15                   34           0          110           0              0           0             0               0      1       1       1       1       1       0       0
7        1      18      2       2        1            1            1          "Spiked Shield"                      30      9         30                   40           0          130           0              0           0             0               0      0       1       0       1       1       0       0
8        1      18      2       2        1            1            1          "Tower Shield"                       40      11        40                   46           0          130           0              0           0             0               0      0       1       1       1       1       0       0
9        1      18      2       2        1            1            1          "Plate Shield"                       25      8         25                   38           0          120           0              0           0             0               0      0       1       0       1       1       0       0
10       1      18      2       2        1            1            1          "Large Round Shield"                 18      6         18                   35           0          120           0              0           0             0               0      0       1       0       1       1       0       0
11       1      18      2       2        1            1            1          "Serpent Shield"                     45      12        45                   48           0          130           0              0           0             0               0      0       1       1       1       1       0       0
12       1      18      2       2        1            1            1          "Bronze Shield"                      54      13        54                   52           0          140           0              0           0             0               0      0       1       0       1       0       0       0
13       1      18      2       2        1            1            1          "Dragon Shield"                      60      14        60                   60           0          120           40             0           0             0               0      0       1       0       1       0       0       0
14       1      0       2       3        1            1            1          "Legendary Shield"                   48      7         48                   50           0          90            25             0           0             0               0      1       0       1       1       0       0       0
15       1      0       2       3        1            1            1          "Grand Soul Shield"                  74      12        55                   55           0          70            23             0           0             0               0      2       0       0       0       0       0       0
16       1      0       2       2        1            1            1          "Elemental Shield"                   66      11        28                   51           0          30            60             30          0             0               0      0       0       2       0       0       0       0
17       1      18      2       2        1            1            1          "Crimson Glory"                      104     19        90                   51           380        95            48             0           0             0               0      0       2       0       0       0       0       0
18       1      18      2       2        1            1            1          "Salamander Shield"                  102     20        96                   51           380        80            61             0           0             0               0      0       0       0       1       0       0       0
19       1      0       2       2        1            1            1          "Frost Barrier"                      99      14        58                   51           380        26            53             26          0             0               0      0       0       2       0       0       0       0
20       1      18      2       2        1            1            1          "Guardian Shield"                    106     12        30                   51           380        54            18             0           0             0               0      2       0       0       0       0       0       0
21       1      18      2       2        1            1            1          "Cross Shield"                       70      16        75                   65           0          140           55             0           0             0               0      0       0       0       0       1       0       0
22       1      18      2       2        1            1            1          "Lazy Wind Shield"                   129     36        108                  90           400        67            56             0           0             0               0      0       3       0       0       0       0       0
23       1      0       2       2        1            1            1          "Light Lord Shield"                  124     27        81                   90           400        16            35             35          0             0               0      0       0       3       0       0       0       0
24       1      0       2       2        1            1            1          "Dark Devil Shield"                  122     25        75                   90           400        52            15             0           0             0               0      3       0       0       0       0       0       0
25       1      18      2       2        1            1            1          "Magic Knight Shield"                128     29        87                   90           400        53            18             0           0             0               0      0       0       0       3       0       0       0
26       1      18      2       2        1            1            1          "Ambition Shield"                    131     27        81                   90           400        104           24             0           0             0               0      0       0       0       0       3       0       0
//----BY:Zeus Revolutions Team Itens Novos 97D+2.0-----
40       1	18	2	2	 1	      1	           0	      "Shield Of DarkRaven"		   7	   254	     245	          51	       380	  26	        53	       26	   0	         0	         0	1       1       0       1       1       0       0
41       1      18      2       2        1            1            0          "Shield Of Cup"                      7       16        120                  65           0          140           55             0           0             0               0      1	1	0	1	1	0	0
42       1      18      2       2        1            1            0          "Shield Of War [RL]"                 7       16        130                  65           0          140           55             0           0             0               0      1	1	0	1	1	0	0
43	 1	18	2	2	 1	      1	           0	      "Shield Of Armageddon [RL]"          7	   254	     245	          51	       380	  26	        53	       26	   0	         0	         0	1       1       0       1       1       0       0
44       1      18      2       2        1            1            1          "Shield Of Apocalipse 2.0"           7       16        150                  65           0          140           55             0           0             0               0      1       1       0       1       1       0       0
45       1      18      2       2        1            1            1          "Shield Of Majestick 2.0"            7       16        160                  65           0          140           55             0           0             0               0      1       1       0       1       1       0       0
46	 1	18	2	2	 1	      1	           0	      "Shield Of Saron"		       	   7	   254	     245	          51	       380	  26	        53	       26	   0	         0	         0	1	1	0	1	1	0	0
47       1	18	2	2	 1	      1	           0	      "Shield Of Green V2"		   7	   254	     245	          51	       380	  26	        53	       26	   0	         0	         0	1       1       0       1       1       0       0
48       1	18	2	2	 1	      1	           0	      "Shield Of Snow [RL]"		   7	   254	     245	          51	       380	  26	        53	       26	   0	         0	         0	1       1       0       1       1       0       0
49       1	18	2	2	 1	      1	           0	      "Shield Of Gold [RL]"		   7	   254	     245	          51	       380	  26	        53	       26	   0	         0	         0	1       1       0       1       1       0       0
50       1	18	2	2	 1	      1	           0	      "Shield Of Gold 2.0"		   7	   254	     245	          51	       380	  26	        53	       26	   0	         0	         0	1       1       0       1       1       0       0
51       1	18	2	2	 1	      1	           0	      "Shield Blood Vampire"		   7	   254	     245	          51	       380	  26	        53	       26	   0	         0	         0	1       1       0       1       1       0       0
52       1	18	2	2	 1	      1	           0	      "Shield Of Steel 2.0"		   7	   254	     245	          51	       380	  26	        53	       26	   0	         0	         0	1       1       0       1       1       0       0
53       1	18	2	2	 1	      1	           0	      "Shield Of Horus"		           7	   254	     245	          51	       380	  26	        53	       26	   0	         0	         0	1       1       0       1       1       0       0
54       1	18	2	2	 1	      1	           0	      "Shield Of Zeus"		           7	   254	     245	          51	       380	  26	        53	       26	   0	         0	         0	1       1       0       1       1       0       0
55       1	18	2	2	 1	      1	           0	      "Shield Of Holly"		           7	   254	     245	          51	       380	  26	        53	       26	   0	         0	         0	1       1       0       1       1       0       0
56       1	18	2	2	 1	      1	           0	      "Shield Dark Pirate"		   7	   254	     245	          51	       380	  26	        53	       26	   0	         0	         0	1       1       0       1       1       0       0
57       1	18	2	2	 1	      1	           0	      "Shield Of Zeus 1.0"		   7	   254	     245	          51	       380	  26	        53	       26	   0	         0	         0	1       1       0       1       1       0       0
58       1	18	2	2	 1	      1	           0	      "Shield Of New 2022"		   7	   254	     245	          51	       380	  26	        53	       26	   0	         0	         0	1       1       0       1       1       0       0
59       1	18	2	2	 1	      1	           0	      "Shield Fire King 2.0"		   7	   254	     245	          51	       380	  26	        53	       26	   0	         0	         0	1       1       0       1       1       0       0
60       1	18	2	2	 1	      1	           0	      "Shield Fire Green"		   7	   254	     245	          51	       380	  26	        53	       26	   0	         0	         0	1       1       0       1       1       0       0
61       1	18	2	2	 1	      1	           0	      "Shield Of Fantasy"		   78	   75	     16	                  65	       380	  26	        53	       26	   0	         0	         0	1       1       0       1       1       0       0
62       1	18	2	2	 1	      1	           0	      "Shield Light Hawk"		   78	   75	     16	                  65	       380	  26	        53	       26	   0	         0	         0	1       1       0       1       1       0       0
63       1	18	2	2	 1	      1	           0	      "Shield Of BloodRed-2022"            7	   254	     245	          51	       380	  26	        53	       26	   0	         0	         0	1       1       0       1       1       0       0
64       1	18	2	2	 1	      1	           0	      "Shield Of Blue White"		   7	   254	     245	          51	       380	  26	        53	       26	   0	         0	         0	1       1       0       1       1       0       0
65       1	18	2	2	 1	      1	           0	      "Shield Of Black Gold"		   20	   254	     245	          51	       380	  26	        53	       26	   0	         0	         0	1       1       0       1       1       0       0
66       1	18	2	2	 1	      1	           0	      "Shield Red Fire"		           20	   254	     245	          51	       380	  26	        53	       26	   0	         0	         0	1       1       0       1       1       0       0
67       1	18	2	2	 1	      1	           0	      "Shield Ligh Blue"		   20	   254	     245	          51	       380	  26	        53	       26	   0	         0	         0	1       1       0       1       1       0       0
68       1	18	2	2	 1	      1	           0	      "Shield Of Rabbit Lunar [RL]"	   20	   254	     245	          51	       380	  26	        53	       26	   0	         0	         0	1       1       0       1       1       0       0
69       1	18	2	2	 1	      1	           0	      "Shield Of War 2.0 [RL]"		   20	   254	     245	          51	       380	  26	        53	       26	   0	         0	         0	1       1       0       1       1       0       0
70       1	18	2	2	 1	      1	           0	      "Shield Of Abaddon"		   20	   254	     245	          51	       380	  26	        53	       26	   0	         0	         0	1       1       0       1       1       0       0
71       1	18	2	2	 1	      1	           0	      "Shield Of Marinheiro"		   20	   254	     245	          51	       380	  26	        53	       26	   0	         0	         0	1       1       0       1       1       0       0
72       1	18	2	2	 1	      1	           0	      "Shield Of Holy v2"		   20	   254	     245	          51	       380	  26	        53	       26	   0	         0	         0	1       1       0       1       1       0       0
73       1	18	2	2	 1	      1	           0	      "Shield Rei Do PvP"		   20	   254	     245	          51	       380	  26	        53	       26	   0	         0	         0	1       1       0       1       1       0       0
end

//=================================
// //Categoria //Helm
//=================================
7
// [01]  [02]   [03]    [04]    [05]     [06]         [07]         [08]       [NOME]                               [09]    [10]      [11]           [12]         [13]       [14]          [15]           [16]        [17]          [18]            [19]   [SM]    [BK]    [ELF]   [MG]    [DL]    [SU]    [RF]
//Type   Slot   Skill   Width   Height   HaveSerial   HaveOption   DropItem   Name                                 Level   Defense   MagicDefense   Durability   ReqLevel   ReqStrength   ReqDexterity   ReqEnergy   ReqVitality   ReqLeadership   None   DW      DK      FE      MG      DL      SU      RF
0        2      0       2       2        1            1            1          "Bronze Helm"                        16      9         0              34           0          80            20             0           0             0               0      0       1       0       0       1       0       0
1        2      0       2       2        1            1            1          "Dragon Helm"                        57      24        0              68           0          120           30             0           0             0               0      0       1       0       0       0       0       0
2        2      0       2       2        1            1            1          "Pad Helm"                           5       4         0              28           0          20            0              0           0             0               0      1       0       0       0       0       0       0
3        2      0       2       2        1            1            1          "Legendary Helm"                     50      18        0              42           0          30            0              0           0             0               0      1       0       0       0       0       0       0
4        2      0       2       2        1            1            1          "Bone Helm"                          18      9         0              30           0          30            0              0           0             0               0      1       0       0       0       0       0       0
5        2      0       2       2        1            1            1          "Leather Helm"                       6       5         0              30           0          80            0              0           0             0               0      0       1       0       0       1       0       0
6        2      0       2       2        1            1            1          "Scale Helm"                         26      12        0              40           0          110           0              0           0             0               0      0       1       0       0       1       0       1
7        2      0       2       2        1            1            1          "Sphinx Mask"                        32      13        0              36           0          30            0              0           0             0               0      1       0       0       0       0       0       0
8        2      0       2       2        1            1            1          "Brass Helm"                         36      17        0              44           0          100           30             0           0             0               0      0       1       0       0       0       0       1
9        2      0       2       2        1            1            1          "Plate Helm"                         46      20        0              50           0          130           0              0           0             0               0      0       1       0       0       0       0       1
10       2      0       2       2        1            1            1          "Vine Helm"                          6       4         0              22           0          30            60             0           0             0               0      0       0       1       0       0       0       0
11       2      0       2       2        1            1            1          "Silk Helm"                          16      8         0              26           0          30            70             0           0             0               0      0       0       1       0       0       0       0
12       2      0       2       2        1            1            1          "Wind Helm"                          28      12        0              32           0          30            80             0           0             0               0      0       0       1       0       0       0       0
13       2      0       2       2        1            1            1          "Spirit Helm"                        40      16        0              38           0          40            80             0           0             0               0      0       0       1       0       0       0       0
14       2      0       2       2        1            1            1          "Guardian Helm"                      53      23        0              45           0          40            80             0           0             0               0      0       0       1       0       0       0       0
16       2      0       2       2        1            1            1          "Black Dragon Helm"                  82      30        0              74           0          170           60             0           0             0               0      0       1       0       0       0       0       0
17       2      0       2       2        1            1            1          "Dark Phoenix Helm"                  92      43        0              80           0          205           62             0           0             0               0      0       2       0       0       0       0       0
18       2      0       2       2        1            1            1          "Grand Soul Helm"                    81      27        0              67           0          59            20             0           0             0               0      2       0       0       0       0       0       0
19       2      0       2       2        1            1            1          "Divine Helm"                        85      37        0              74           0          50            110            0           0             0               0      0       0       2       0       0       0       0
21       2      0       2       2        1            1            1          "Great Dragon Helm"                  104     53        0              86           0          200           58             0           0             0               0      0       2       0       0       0       0       0
22       2      0       2       2        1            1            1          "Dark Soul Helm"                     110     36        0              75           0          55            18             0           0             0               0      2       0       0       0       0       0       0
24       2      0       2       2        1            1            1          "Red Spirit Helm"                    93      46        0              80           0          52            115            0           0             0               0      0       0       2       0       0       0       0
25       2      0       2       2        1            1            1          "Light Plate Mask"                   46      20        0              42           0          70            20             0           0             0               0      0       0       0       0       1       0       0
26       2      0       2       2        1            1            1          "Adamantine Mask"                    66      24        0              56           0          77            21             0           0             0               0      0       0       0       0       1       0       0
27       2      0       2       2        1            1            1          "Dark Steel Mask"                    86      26        0              70           0          84            22             0           0             0               0      0       0       0       0       1       0       0
28       2      0       2       2        1            1            1          "Dark Master Mask"                   106     34        0              78           0          80            21             0           0             0               0      0       0       0       0       1       0       0
29       2      0       2       2        1            1            1          "Dragon Knight Helm"                 130     66        0              90           380        170           60             0           0             0               0      0       2       0       0       0       0       0
30       2      0       2       2        1            1            1          "Venom Mist Helm"                    126     48        0              86           380        44            15             0           0             0               0      2       0       0       0       0       0       0
31       2      0       2       2        1            1            1          "Sylphid Ray Helm"                   126     57        0              86           380        38            80             0           0             0               0      0       0       2       0       0       0       0
33       2      0       2       2        1            1            1          "Sunlight Mask"                      130     46        0              82           380        62            16             0           0             0               0      0       0       0       0       1       0       0
34       2      0       2       2        1            1            1          "Ashcrow Helm"                       67      27        0              72           0          160           50             0           0             0               0      0       1       0       0       0       0       0
35       2      0       2       2        1            1            1          "Eclipse Helm"                       67      22        0              54           0          53            12             0           0             0               0      1       0       0       0       0       0       0
36       2      0       2       2        1            1            1          "Iris Helm"                          67      30        0              59           0          50            70             0           0             0               0      0       0       1       0       0       0       0
38       2      0       2       2        1            1            1          "Glorious Mask"                      97      30        0              74           0          80            21             0           0             0               0      0       0       0       0       1       0       0
39       2      0       2       2        1            1            1          "Violent Wind Helm"                  28      13        0              36           0          31            0              0           0             0               0      0       0       0       0       0       1       0
40       2      0       2       2        1            1            1          "Red Wing Helm"                      50      18        0              42           0          26            4              0           0             0               0      0       0       0       0       0       1       0
41       2      0       2       2        1            1            1          "Ancient Helm"                       68      24        0              54           0          52            16             0           0             0               0      0       0       0       0       0       1       0
42       2      0       2       2        1            1            1          "Demonic Helm"                       81      32        0              67           0          60            20             0           0             0               0      0       0       0       0       0       2       0
43       2      0       2       2        1            1            1          "Storm Blitz Helm"                   110     43        0              75           380        56            20             0           0             0               0      0       0       0       0       0       2       0
45       2      0       2       2        1            1            1          "Titan Helm"                         111     63        0              86           380        222           32             0           0             0               0      0       1       0       0       0       0       0
46       2      0       2       2        1            1            1          "Brave Helm"                         107     51        0              86           380        74            162            0           0             0               0      0       1       0       0       0       0       0
49       2      0       2       2        1            1            1          "Seraphim Helm"                      111     50        0              86           380        55            197            0           0             0               0      0       0       1       0       0       0       0
50       2      0       2       2        1            1            1          "Divine Helm"                        104     44        0              86           380        32            29             138         0             0               0      0       0       1       0       0       0       0
51       2      0       2       2        1            1            1          "Royal Mask"                         111     44        0              86           380        105           38             0           0             0               0      0       0       0       0       1       0       0
52       2      0       2       2        1            1            1          "Hades Helm"                         109     41        0              86           380        60            15             181         0             0               0      1       0       0       0       0       0       0
59       2      0       2       2        1            1            1          "Sacred Helm"                        54      24        0              52           0          85            0              0           75            0               0      0       0       0       0       0       0       1
60       2      0       2       2        1            1            1          "Storm Hard Helm"                    70      32        0              68           0          100           0              0           90            0               0      0       0       0       0       0       0       1
61       2      0       2       2        1            1            1          "Piercing Helm"                      90      45        0              82           0          115           0              0           100           0               0      0       0       0       0       0       0       1
62       2      0       2       2        0            0	           0	      "Lucky Scale Helm"	           26	   16	     0	            255	         1          0	          0              0           0	           0	           0	  0       1       0       0       1       0       1	
63       2      0       2       2        0            0	           0	      "Lucky Silk Helm"	                   16	   11	     0	            255	         1          0	          0              0           0	           0	           0	  0       0       1       0       0       0       0	
64       2      0       2       2        0            0	           0	      "Lucky Sphinx Helm"	           32	   17	     0	            255	         1          0	          0              0           0	           0	           0	  1       0       0       0       0       0       0	
65       2      0       2       2        0            0	           0	      "Lucky Violent Wind Helm"	           28	   17	     0	            255	         1          0	          0              0           0	           0	           0	  0       0       0       0       0       1       0	
66       2      0       2       2        0            0	           0	      "Lucky Dark Soul Helm"	           66	   29	     0	            255	         150	    0	          0              0           0	           0	           0	  0       0       0       0       1       0       0	
67       2      0       2       2        0            0	           0	      "Lucky Dragon Helm"	           57	   29	     0	            255	         150	    0	          0              0           0	           0	           0	  0       1       0       0       0       0       0	
68       2      0       2       2        0            0	           0	      "Lucky Guardian Helm"	           53	   28	     0	            255	         150	    0	          0              0           0	           0	           0	  0       0       1       0       0       0       0	
69       2      0       2       2        0            0	           0	      "Lucky Legendary Helm"	           50	   23	     0	            255	         150	    0	          0              0           0	           0	           0	  1       0       0       0       0       0       0	
70       2      0       2       2        0            0	           0	      "Lucky Red Wing Helm"	           50	   20	     0	            255	         150	    0	          0              0           0	           0	           0	  0       0       0       0       0       1       0	
72       2      0       2       2        0            0	           0	      "Lucky Storm Hard Helm"	           70	   32	     0	            255	         150	    0	          0              0           0	           0	           0	  0       0       0       0       0       0       1	
73       2      0       2       2        1            1	           1	      "Phoenix Soul Helm"	           128	   60	     0	            88	         380	    97	          0              0           85	           0	           0	  0       0       0       0       0       0       1	
//----BY:Zeus Revolutions Team Itens Novos 97D+2.0-----
98	 2	0	2	2	 1	      1	           0	      "Especial 01 Helm"		   120	   245	     0	            90	         380	    170	          60	         0	     0	           0	           1	  1	  1	  1	  1	  1	  1	  1
99	 2	0	2	2	 1	      1	           0	      "Especial 02 Helm [E]"		   120	   245	     0	            90	         380	    170	          60	         0	     0	           0	           1	  1	  1	  1	  1	  1	  1	  1
100      2      0       2       2        1            1            0          "Especial 03 Helm [E]"               120     56        0              100          200        34            75             0           0             0               1	  1	  1	  1	  1	  1	  1	  1
101      2      0       2       2        1            1            0          "Especial 04 Helm [E]"               120     42        0              100          200        34            11             0           0             0               1	  1	  1	  1	  1	  1	  1	  1
102      2      0       2       2        1            1            0          "Especial 05 Helm [E]"               120     42        0              100          200        34            11             0           0             0               1	  1	  1	  1	  1	  1	  1	  1
103      2      0       2       2        1            1            0          "Especial 06 Helm [E]"               120     44        0              100          200        59            15             0           0             0               1	  1	  1	  1	  1	  1	  1	  1
104      2      0       2       2        1            1            0          "Especial 07 Helm [E]"               120     42        0              100          200        71            0              0           0             0               1	  1	  1	  1	  1	  1	  1	  1
106      2      0       2       2        1            1            0          "Especial 08 Helm  [E]"              120     183       0              100          350        145           42             0           0             0               1	  1	  1	  1	  1	  1	  1	  1
107      2      0       2       2        1            1            0          "Especial 01-X Helm [Ex]"            120     164       0              100          350        42            14             0           0             0               1	  1	  1	  1	  1	  1	  1	  1
108      2      0       2       2        1            1            0          "Especial 02-X Helm [Ex]"            120     178       0              100          350        34            75             0           0             0               1	  1	  1	  1	  1	  1	  1	  1
109      2      0       2       2        1            1            0          "Helm Of Dark Raven"                 120     166       0              100          350        34            11             0           0             0               1	  1	  1	  1	  1	  1	  1	  1
110      2      0       2       2        1            1            0          "Helm Of Cup"                        120     162       0              100          350        59            15             0           0             0               1	  1	  1	  1	  1	  1	  1	  1
111      2      0       2       2        1            1            0          "Helm Of War [RL]"                   120     162       0              100          350        59            15             0           0             0               1	  1	  1	  1	  1	  1	  1	  1
112      2      0       2       2        1            1            0          "Helm Love 2.0 Black[RL]"            120     160       0              100          350        71            0              0           0             0               1	  1	  1	  1	  1	  1	  1	  1
114      2      0       2       2        1            1            0          "Helm Majestick 2.0 [RL]"            120     103       0              100          350        12            27             149         0             0               1	  1	  1	  1	  1	  1	  1	  1
115      2      0       2       2        1            1            0          "Helm Dark Pirate [F]"               120     103       0              100          350        12            27             149         0             0               1	  1	  1	  1	  1	  1	  1	  1
138      2      0       2       2        1            1            0          "Helm Love 2.0 [M]"                  120     88        0              100          250        145           42             0           0             0               1	  1	  1	  1	  1	  1	  1	  1
139      2      0       2       2        1            1            0          "Helm Love 2.0 [F]"                  120     71        0              100          250        42            14             0           0             0               1	  1	  1	  1	  1	  1	  1	  1
140      2      0       2       2        1            1            0          "Helm Dark Pirate [M]"               14      81        0              100          250        34            75             0           0             0               1	  1	  1	  1	  1	  1	  1	  1
141      2      0       2       2        1            1            0          "Helm Of Apocalipse 2.0"             250     107       0              100          250        34            11             0           0             0               1	  1	  1	  1	  1	  1	  1	  1
143      2      0       2       2        1            1            0          "Helm Natalino [M]"                  14      69        0              100          250        59            15             0           0             0               1	  1	  1	  1	  1	  1	  1	  1
144      2      0       2       2        1            1            0          "Helm Natalino [F]"                  250     67        0              100          250        71            0              0           0             0               1	  1	  1	  1	  1	  1	  1	  1
145      2      0       2       2        1            1            0          "Helm Of Marinheiro [M]"             3       148       0              100          380        12            27             149         0             0               1	  1	  1	  1	  1	  1	  1	  1
146      2      0       2       2        1            1            0          "Helm Of Marinheiro [F]"             3       148       0              100          380        12            27             149         0             0               1	  1	  1	  1	  1	  1	  1	  1
147      2      0       2       2        1            1            0          "Helm Of Holy v2 [M]"                3       148       0              100          380        12            27             149         0             0               1	  1	  1	  1	  1	  1	  1	  1
148      2      0       2       2        1            1            0          "Helm Of Holy v2 [F]"                3       148       0              100          380        12            27             149         0             0               1	  1	  1	  1	  1	  1	  1	  1
149      2      0       2       2        1            1            0          "Helm Rei Do PvP"                    3       148       0              100          380        12            27             149         0             0               1	  1	  1	  1	  1	  1	  1	  1
150      2      0       2       2        1            1            0          "Helm Of Snow [RL]"                  120     138       0              100          300        145           42             0           0             0               1	  1	  1	  1	  1	  1	  1	  1
151      2      0       2       2        1            1            0          "Helm Of Gold [RL]"                  120     121       0              100          300        42            14             0           0             0               1	  1	  1	  1	  1	  1	  1	  1
152      2      0       2       2        1            1            0          "Helm Of Gold 2.0"                   120     131       0              100          300        34            75             0           0             0               1	  1	  1	  1	  1	  1	  1	  1
153      2      0       2       2        1            1            0          "Helm Of Elf"                        120     117       0              100          300        34            11             0           0             0               1	  1	  1	  1	  1	  1	  1	  1
154      2      0       2       2        1            1            0          "Helm Of Dialmond [RL]"              120     117       0              100          300        34            11             0           0             0               1	  1	  1	  1	  1	  1	  1	  1
155      2      0       2       2        1            1            0          "Helm Blood Vampire"                 120     119       0              100          300        59            15             0           0             0               1	  1	  1	  1	  1	  1	  1	  1
156      2      0       2       2        1            1            0          "Helm Of Steel 2.0 [M]"              120     117       0              100          300        71            0              0           0             0               1	  1	  1	  1	  1	  1	  1	  1
158      2      0       2       2        1            1            0          "Bloodangel Elf Helm (B)"            150     30        0              100          200        12            27             149         0             0               1	  1	  1	  1	  1	  1	  1	  1
159      2      0       2       2        1            1            0          "Darkangel Elf Helm (B)"             150     43        0              100          250        12            27             149         0             0               1	  1	  1	  1	  1	  1	  1	  1
160      2      0       2       2        1            1            0          "Holyangel Elf Helm (B)"             150     62        0              100          300        12            27             149         0             0               1	  1	  1	  1	  1	  1	  1	  1
164      2      0       2       2        1            1            0          "Helm Of Steel 2.0 [F]"              130     228       0              100          380        145           42             0           0             0               1	  1	  1	  1	  1	  1	  1	  1
165      2      0       2       2        1            1            0          "Helm Of Horus [M]"                  130     209       0              100          380        42            14             0           0             0               1	  1	  1	  1	  1	  1	  1	  1
166      2      0       2       2        1            1            0          "Helm Of Isis [F]"                   130     223       0              100          380        34            75             0           0             0               1	  1	  1	  1	  1	  1	  1	  1
167      2      0       2       2        1            1            0          "Helm Of Zeus"                       130     211       0              100          380        34            11             0           0             0               1	  1	  1	  1	  1	  1	  1	  1
168      2      0       2       2        1            1            0          "Helm Of Holy [M]"                   130     207       0              100          380        59            15             0           0             0               1	  1	  1	  1	  1	  1	  1	  1
169      2      0       2       2        1            1            0          "Helm Of Holy [F]"                   130     207       0              100          380        59            15             0           0             0               1	  1	  1	  1	  1	  1	  1	  1
170      2      0       2       2        1            1            0          "Helm Light Hawk [M]"                130     205       0              100          380        71            0              0           0             0               1	  1	  1	  1	  1	  1	  1	  1
171      2      0       2       2        1            1            0          "Helm Light Hawk [F]"                100     205       0              100          380        71            0              0           0             0               1	  1	  1	  1	  1	  1	  1	  1
172      2      0       2       2        1            1            0          "Blue Eye Elf Helm (B)"              150     148       0              100          380        12            27             149         0             0               1	  1	  1	  1	  1	  1	  1	  1
173      2      0       2       2        1            1            0          "Helm GrandSoul Rosa"                100     148       0              100          380        12            27             149         0             0               1	  1	  1	  1	  1	  1	  1	  1
174      2      0       2       2        1            1            0          "Helm Of BloodRed-2022 [F]"          10      148       0              100          380        12            27             149         0             0               1	  1	  1	  1	  1	  1	  1	  1
175      2      0       2       2        1            1            0          "Helm Of Blue White [F]"             10      148       0              100          380        12            27             149         0             0               1	  1	  1	  1	  1	  1	  1	  1
176      2      0       2       2        1            1            0          "Helm Of Black Gold [M]"             3       148       0              100          380        12            27             149         0             0               1	  1	  1	  1	  1	  1	  1	  1
177      2      0       2       2        1            1            0          "Helm Red Fire [M]"                  3       148       0              100          380        12            27             149         0             0               1	  1	  1	  1	  1	  1	  1	  1
178      2      0       2       2        1            1            0          "Helm Ligh Blue [M]"                 3       148       0              100          380        12            27             149         0             0               1	  1	  1	  1	  1	  1	  1	  1
179      2      0       2       2        1            1            0          "Helm Of Black Gold [F]"             3       148       0              100          380        12            27             149         0             0               1	  1	  1	  1	  1	  1	  1	  1
180      2      0       2       2        1            1            0          "Helm Red Fire [F]"                  3       148       0              100          380        12            27             149         0             0               1	  1	  1	  1	  1	  1	  1	  1
181      2      0       2       2        1            1            0          "Helm Ligh Blue [F]"                 3       148       0              100          380        12            27             149         0             0               1	  1	  1	  1	  1	  1	  1	  1
182      2      0       2       2        1            1            0          "Helm Of Rabbit Lunar [RL]"          3       148       0              100          380        12            27             149         0             0               1	  1	  1	  1	  1	  1	  1	  1
183      2      0       2       2        1            1            0          "Helm BlackRabbit Lunar"             3       148       0              100          380        12            27             149         0             0               1	  1	  1	  1	  1	  1	  1	  1
184      2      0       2       2        1            1            0          "Helm Of War 2.0 [M][RL]"            3       148       0              100          380        12            27             149         0             0               1	  1	  1	  1	  1	  1	  1	  1
185      2      0       2       2        1            1            0          "Helm Of War 2.0 [F][RL]"            3       148       0              100          380        12            27             149         0             0               1	  1	  1	  1	  1	  1	  1	  1
186      2      0       2       2        1            1            0          "Helm Of Abaddon [M]"                3       148       0              100          380        12            27             149         0             0               1	  1	  1	  1	  1	  1	  1	  1
187      2      0       2       2        1            1            0          "Helm Of Abaddon [F]"                3       148       0              100          380        12            27             149         0             0               1	  1	  1	  1	  1	  1	  1	  1
189      2      0       2       2        1            1            0          "Helm Of Zeus 1.0 [M]"               130     273       0              100          380        145           42             0           0             0               1	  1	  1	  1	  1	  1	  1	  1
190      2      0       2       2        1            1            0          "Helm Of Zeus 1.0 [F]"               130     254       0              100          380        42            14             0           0             0               1	  1	  1	  1	  1	  1	  1	  1
191      2      0       2       2        1            1            0          "Helm Fire King 2.0 [M]"             130     268       0              100          380        34            75             0           0             0               1	  1	  1	  1	  1	  1	  1	  1
192      2      0       2       2        1            1            0          "Helm Fire King 2.0 [F]"             130     256       0              100          380        34            11             0           0             0               1	  1	  1	  1	  1	  1	  1	  1
193      2      0       2       2        1            1            0          "Helm Fire Green [M]"                130     256       0              100          380        34            11             0           0             0               1	  1	  1	  1	  1	  1	  1	  1
194      2      0       2       2        1            1            0          "Helm Fire Green [F]"                130     252       0              100          380        59            15             0           0             0               1	  1	  1	  1	  1	  1	  1	  1
195      2      0       2       2        1            1            0          "Helm Of Fantasy"                    10      245       0              100          380        71            0              0           0             0               1	  1	  1	  1	  1	  1	  1	  1
196      2      0       2       2        1            1            0          "Helm Of BloodRed-2022 [M]"          10      245       0              100          380        71            0              0           0             0               1	  1	  1	  1	  1	  1	  1	  1
197      2      0       2       2        1            1            0          "Silverheart Elf Helm (B)"           150     193       0              100          380        12            27             149         0             0               1	  1	  1	  1	  1	  1	  1	  1
198      2      0       2       2        1            1            0          "Helm Of Blue White [M]"             10      245       0              100          380        71            0              0           0             0               1	  1	  1	  1	  1	  1	  1	  1
199      2	0	2	2	 1	      1	           0	      "Helm Of Saron [M]"		   14	   245	     0	            90	         380	    170	          60	         0	     0	           0	           1	  1	  1	  1	  1	  1	  1	  1
200	 2	0	2	2	 1	      1	           0	      "Helm Of Saron [F] "		   14	   245	     0	            90	         380	    170	          60	         0	     0	           0	           1	  1	  1	  1	  1	  1	  1	  1
201	 2	0	2	2	 1	      1	           0	      "Helm Of Green V2 [M]"		   14	   245	     0	            90	         380	    170	          60	         0	     0	           0	           1	  1	  1	  1	  0	  1	  1	  1
202	 2	0	2	2	 1	      1	           0	      "Helm Of Green V2 [F] "		   14	   245	     0	            90	         380	    170	          60	         0	     0	           0	           1	  1	  1	  1	  1	  1	  1	  1
203	 2	0	2	2	 1	      1	           0	      "Helm Of Armageddon [RL]"		   14	   245	     0	            90	         380	    170	          60	         0	     0	           0	           1	  1	  1	  1	  0	  1	  1	  1
204	 2	0	2	2	 1	      1	           0	      "Helm Of New 2022"		   8	   245	     0	            90	         380	    170	          60	         0	     0	           0	           1	  1	  1	  1	  1	  1	  1	  1
end

//=================================
// //Categoria //Armor
//=================================
8
// [01]  [02]   [03]    [04]    [05]     [06]         [07]         [08]       [NOME]                               [09]    [10]      [11]           [12]         [13]       [14]          [15]           [16]        [17]          [18]            [19]   [SM]    [BK]    [ELF]   [MG]    [DL]    [SU]    [RF]
//Type   Slot   Skill   Width   Height   HaveSerial   HaveOption   DropItem   Name                                 Level   Defense   MagicDefense   Durability   ReqLevel   ReqStrength   ReqDexterity   ReqEnergy   ReqVitality   ReqLeadership   None   DW      DK      FE      MG      DL      SU      RF
0        3      0       2       2        1            1            1          "Bronze Armor"                       18      14        0              34           0          80            20             0           0             0               0      0       1       0       1       1       0       0
1        3      0       2       3        1            1            1          "Dragon Armor"                       59      37        0              68           0          120           30             0           0             0               0      0       1       0       1       0       0       0
2        3      0       2       2        1            1            1          "Pad Armor"                          10      7         0              28           0          30            0              0           0             0               0      1       0       0       1       0       0       0
3        3      0       2       2        1            1            1          "Legendary Armor"                    56      22        0              42           0          40            0              0           0             0               0      1       0       0       1       0       0       0
4        3      0       2       2        1            1            1          "Bone Armor"                         22      13        0              30           0          40            0              0           0             0               0      1       0       0       1       0       0       0
5        3      0       2       3        1            1            1          "Leather Armor"                      10      10        0              30           0          80            0              0           0             0               0      0       1       0       1       1       0       0
6        3      0       2       2        1            1            1          "Scale Armor"                        28      18        0              40           0          110           0              0           0             0               0      0       1       0       1       1       0       1
7        3      0       2       3        1            1            1          "Sphinx Armor"                       38      17        0              36           0          40            0              0           0             0               0      1       0       0       1       0       0       0
8        3      0       2       2        1            1            1          "Brass Armor"                        38      22        0              44           0          100           30             0           0             0               0      0       1       0       1       0       0       1
9        3      0       2       2        1            1            1          "Plate Armor"                        48      30        0              50           0          130           0              0           0             0               0      0       1       0       1       0       0       1
10       3      0       2       2        1            1            1          "Vine Armor"                         10      8         0              22           0          30            60             0           0             0               0      0       0       1       0       0       0       0
11       3      0       2       2        1            1            1          "Silk Armor"                         20      12        0              26           0          30            70             0           0             0               0      0       0       1       0       0       0       0
12       3      0       2       2        1            1            1          "Wind Armor"                         32      16        0              32           0          30            80             0           0             0               0      0       0       1       0       0       0       0
13       3      0       2       2        1            1            1          "Spirit Armor"                       44      21        0              38           0          40            80             0           0             0               0      0       0       1       0       0       0       0
14       3      0       2       2        1            1            1          "Guardian Armor"                     57      29        0              45           0          40            80             0           0             0               0      0       0       1       0       0       0       0
15       3      0       2       3        1            1            1          "Storm Crow Armor"                   80      44        0              80           0          150           70             0           0             0               0      0       0       0       1       0       0       0
16       3      0       2       3        1            1            1          "Black Dragon Armor"                 90      48        0              74           0          170           60             0           0             0               0      0       1       0       0       0       0       0
17       3      0       2       3        1            1            1          "Dark Phoenix Armor"                 100     63        0              80           0          214           65             0           0             0               0      0       2       0       0       0       0       0
18       3      0       2       3        1            1            1          "Grand Soul Armor"                   91      33        0              67           0          59            20             0           0             0               0      2       0       0       0       0       0       0
19       3      0       2       2        1            1            1          "Divine Armor"                       92      44        0              74           0          50            110            0           0             0               0      0       0       2       0       0       0       0
20       3      0       2       3        1            1            1          "Thunder Hawk Armor"                 107     60        0              82           0          170           70             0           0             0               0      0       0       0       1       0       0       0
21       3      0       2       3        1            1            1          "Great Dragon Armor"                 126     75        0              86           0          200           58             0           0             0               0      0       2       0       0       0       0       0
22       3      0       2       3        1            1            1          "Dark Soul Armor"                    122     43        0              75           0          55            18             0           0             0               0      2       0       0       0       0       0       0
23       3      0       2       3        1            1            1          "Hurricane Armor"                    128     73        0              90           0          162           66             0           0             0               0      0       0       0       1       0       0       0
24       3      0       2       2        1            1            1          "Red Sprit Armor"                    109     55        0              80           0          52            115            0           0             0               0      0       0       2       0       0       0       0
25       3      0       2       3        1            1            1          "Light Plate Armor"                  62      25        0              42           0          70            20             0           0             0               0      0       0       0       0       1       0       0
26       3      0       2       3        1            1            1          "Adamantine Armor"                   78      36        0              56           0          77            21             0           0             0               0      0       0       0       0       1       0       0
27       3      0       2       3        1            1            1          "Dark Steel Armor"                   96      43        0              70           0          84            22             0           0             0               0      0       0       0       0       1       0       0
28       3      0       2       3        1            1            1          "Dark Master Armor"                  117     51        0              78           0          80            21             0           0             0               0      0       0       0       0       1       0       0
29       3      0       2       3        1            1            1          "Dragon Knight Armor"                140     88        0              90           380        170           60             0           0             0               0      0       2       0       0       0       0       0
30       3      0       2       3        1            1            1          "Venom Mist Armor"                   146     57        0              86           380        44            15             0           0             0               0      2       0       0       0       0       0       0
31       3      0       2       3        1            1            1          "Sylphid Ray Armor"                  146     68        0              86           380        38            80             0           0             0               0      0       0       2       0       0       0       0
32       3      0       2       3        1            1            1          "Volcano Armor"                      147     86        0              95           380        145           60             0           0             0               0      0       0       0       1       0       0       0
33       3      0       2       3        1            1            1          "Sunlight Armor"                     147     64        0              82           380        62            16             0           0             0               0      0       0       0       0       1       0       0
34       3      0       2       3        1            1            1          "Ashcrow Armor"                      75      42        0              72           0          160           50             0           0             0               0      0       1       0       0       0       0       0
35       3      0       2       3        1            1            1          "Eclipse Armor"                      75      27        0              54           0          53            12             0           0             0               0      1       0       0       0       0       0       0
36       3      0       2       3        1            1            1          "Iris Armor"                         75      36        0              59           0          50            70             0           0             0               0      0       0       1       0       0       0       0
37       3      0       2       3        1            1            1          "Valiant Armor"                      105     52        0              81           0          155           50             0           0             0               0      0       0       0       1       0       0       0
38       3      0       2       3        1            1            1          "Glorious Armor"                     105     47        0              74           0          80            21             0           0             0               0      0       0       0       0       1       0       0
39       3      0       2       2        1            1            1          "Violent Wind Armor"                 34      22        0              36           0          39            0              0           0             0               0      0       0       0       0       0       1       0
40       3      0       2       2        1            1            1          "Red Wing Armor"                     56      28        0              42           0          35            8              0           0             0               0      0       0       0       0       0       1       0
41       3      0       2       2        1            1            1          "Ancient Armor"                      75      35        0              54           0          52            16             0           0             0               0      0       0       0       0       0       1       0
42       3      0       2       2        1            1            1          "Demonic Armor"                      91      45        0              67           0          60            20             0           0             0               0      0       0       0       0       0       2       0
43       3      0       2       2        1            1            1          "Storm Blitz Armor"                  122     56        0              75           380        57            19             0           0             0               0      0       0       0       0       0       2       0
45       3      0       2       3        1            1            1          "Titan Armor"                        132     81        0              86           380        222           32             0           0             0               0      0       1       0       0       0       0       0
46       3      0       2       3        1            1            1          "Brave Armor"                        128     62        0              86           380        74            162            0           0             0               0      0       1       0       0       0       0       0
47       3      0       2       3        1            1            1          "Phantom Armor"                      131     80        0              86           380        212           57             0           0             0               0      0       0       0       1       0       0       0
48       3      0       2       3        1            1            1          "Destroy Armor"                      125     66        0              86           380        62            19             165         0             0               0      0       0       0       1       0       0       0
49       3      0       2       2        1            1            1          "Seraphim Armor"                     129     60        0              86           380        55            197            0           0             0               0      0       0       1       0       0       0       0
50       3      0       2       2        1            1            1          "Divine Armor"                       122     52        0              86           380        32            29             138         0             0               0      0       0       1       0       0       0       0
51       3      0       2       3        1            1            1          "Royal Armor"                        132     58        0              86           380        105           38             0           0             0               0      0       0       0       0       1       0       0
52       3      0       2       3        1            1            1          "Hades Armor"                        129     50        0              86           380        60            15             181         0             0               0      1       0       0       0       0       0       0
59       3      0       2       3        1            1            1          "Sacred Armor"                       66      43        0              52           0          85            0              0           75            0               0      0       0       0       0       0       0       1
60       3      0       2       3        1            1            1          "Storm Hard Armor"                   82      51        0              68           0          100           0              0           90            0               0      0       0       0       0       0       0       1
61       3      0       2       3        1            1            1          "Piercing Armor"                     101     59        0              82           0          115           0              0           100           0               0      0       0       0       0       0       0       1
62       3      0       2       2        0            0	           0	      "Lucky Scale Armor"	           28	   21	     0	            255	         1	    0	          0	         0	     0	           0	           0	  0	  1	  0	  0	  1	  0	  1	
63       3      0       2       2        0            0	           0	      "Lucky Silk Armor"	           20	   14	     0	            255	         1	    0	          0	         0	     0	           0	           0	  0	  0	  1	  0	  0	  0	  0	
64       3      0       2       3        0            0	           0	      "Lucky Sphinx Armor"	           38	   19	     0	            255	         1	    0	          0	         0	     0	           0	           0	  1	  0	  0	  1	  0	  0	  0	
65       3      0       2       2        0            0	           0	      "Lucky Violent Wind Armor"	   34	   26	     0	            255	         1	    0	          0	         0	     0	           0	           0	  0	  0	  0	  0	  0	  1	  0	
66       3      0       2       3        0            0	           0	      "Lucky Dark Soul Armor"	           78	   39	     0	            255	         150	    0	          0	         0	     0	           0	           0	  0	  0	  0	  0	  1	  0	  0	
67       3      0       2       3        0            0	           0	      "Lucky Dragon Armor"	           59	   42	     0	            255	         150	    0	          0	         0	     0	           0	           0	  0	  1	  0	  0	  0	  0	  0	
68       3      0       2       2        0            0	           0	      "Lucky Guardian Armor"	           57	   29	     0	            255	         150	    0	          0	         0	     0	           0	           0	  0	  0	  1	  0	  0	  0	  0	
69       3      0       2       2        0            0	           0	      "Lucky Legendary Armor"	           56	   24	     0	            255	         150	    0	          0	         0	     0	           0	           0	  1	  0	  0	  0	  0	  0	  0	
70       3      0       2       2        0            0	           0	      "Lucky Red Wing Armor"	           56	   31	     0	            255	         150	    0	          0	         0	     0	           0	           0	  0	  0	  0	  0	  0	  1	  0	
71       3      0       2       3        0            0	           0	      "Lucky Atlans Armor"	           80	   47	     0	            255	         150	    0	          0	         0	     0	           0	           0	  0	  0	  0	  1	  0	  0	  0	
72       3      0       2       3        0            0	           0	      "Lucky Storm Hard Armor"	           82	   43	     0	            255	         150	    0	          0	         0	     0	           0	           0	  0	  0	  0	  0	  0	  0	  1	
73       3      0       2       3        1            1	           1	      "Phoenix Soul Armor"	           143	   78	     0	            88	         380	    97	          0	         0	     85	           0	           0	  0	  0	  0	  0	  0	  0	  1	
//----BY:Zeus Revolutions Team Itens Novos 97D+2.0-----
98       3	0	2	2	 1	      1	           0	      "Especial 01 Armor"		   120	   248	     0	            90	         380	    170	          60	         0	     0	           0	           1	  1	  1	  1	  1	  1	  1	  1
99       3	0	2	2	 1	      1	           0	      "Especial 02 Armor [E]"		   120	   248	     0	            90	         380	    170	          60	         0	     0	           0	           1	  1	  1	  1	  1	  1	  1	  1
100      3      0       2       2        1            1            0          "Especial 03 Armor [E]"              120     65        0              100          200        39            87             0           0             0               1	  1	  1	  1	  1	  1	  1	  1
101      3      0       2       2        1            1            0          "Especial 04 Armor [E]"              120     55        0              100          200        38            13             0           0             0               1	  1	  1	  1	  1	  1	  1	  1
102      3      0       2       3        1            1            0          "Especial 05 Armor [E]"              120     83        0              100          200        143           58             0           0             0               1	  1	  1	  1	  1	  1	  1	  1
103      3      0       2       3        1            1            0          "Especial 06 Armor [E]"              120     61        0              100          200        65            17             0           0             0               1	  1	  1	  1	  1	  1	  1	  1
104      3      0       2       3        1            1            0          "Especial 07 Armor [E]"              120     66        0              100          200        81            0              0           0             0               1	  1	  1	  1	  1	  1	  1	  1
106      3      0       2       3        1            1            0          "Especial 08 Armor [E]"              120     204       0              100          350        174           51             0           0             0               1	  1	  1	  1	  1	  1	  1	  1
107      3      0       2       3        1            1            0          "Especial 01-X Armor [Ex]"           120     172       0              100          350        46            15             0           0             0               1	  1	  1	  1	  1	  1	  1	  1
108      3      0       2       2        1            1            0          "Especial 02-X Armor [Ex]"           120     184       0              100          350        39            87             0           0             0               1	  1	  1	  1	  1	  1	  1	  1
109      3      0       2       2        1            1            0          "Armor Of Dark Raven"                120     177       0              100          350        38            13             0           0             0               1	  1	  1	  1	  1	  1	  1	  1
110      3      0       2       3        1            1            0          "Armor Of Cup"                       120     203       0              100          350        143           58             0           0             0               1	  1	  1	  1	  1	  1	  1	  1
111      3      0       2       3        1            1            0          "Armor Of War [RL]"                  120     181       0              100          350        65            17             0           0             0               1	  1	  1	  1	  1	  1	  1	  1
112      3      0       2       3        1            1            0          "Armor Love 2.0 Black [RL]"          120     186       0              100          350        81            0              0           0             0               1	  1	  1	  1	  1	  1	  1	  1
114      3      0       2       2        1            1            0          "Armor Majestick 2.0 [RL]"           120     110       0              100          350        14            28             154         0             0               1	  1	  1	  1	  1	  1	  1	  1
115      3      0       2       3        1            1            0          "Armor Dark Pirate [F]"              120     200       0              100          350        35            32             157         0             0               1	  1	  1	  1	  1	  1	  1	  1
138      3      0       2       3        1            1            0          "Armor Love 2.0 [M]"                 120     110       0              100          250        174           51             0           0             0               1	  1	  1	  1	  1	  1	  1	  1
139      3      0       2       3        1            1            0          "Armor Love 2.0 [F]"                 120     78        0              100          250        46            15             0           0             0               1	  1	  1	  1	  1	  1	  1	  1
140      3      0       2       2        1            1            0          "Armor Dark Pirate [M]"              13      90        0              100          250        39            87             0           0             0               1	  1	  1	  1	  1	  1	  1	  1
141      3      0       2       2        1            1            0          "Armor Of Apocalipse 2.0"            13      80        0              100          250        38            13             0           0             0               1	  1	  1	  1	  1	  1	  1	  1
142      3      0       2       3        1            1            0          "Armor Of Natalino [M]"              120     108       0              100          250        143           58             0           0             0               1	  1	  1	  1	  1	  1	  1	  1
143      3      0       2       3        1            1            0          "Armor Of Natalino [M]"              120     86        0              100          250        65            17             0           0             0               1	  1	  1	  1	  1	  1	  1	  1
144      3      0       2       3        1            1            0          "Armor Of Natalino [F]"              120     91        0              100          250        81            0              0           0             0               1	  1	  1	  1	  1	  1	  1	  1
145      3      0       2       3        1            1            0          "Armor Of Marinheiro [M]"            3       245       0              100          380        35            32             157         0             0               1	  1	  1	  1	  1	  1	  1	  1
146      3      0       2       3        1            1            0          "Armor Of Marinheiro [F]"            3       245       0              100          380        35            32             157         0             0               1	  1	  1	  1	  1	  1	  1	  1
147      3      0       2       3        1            1            0          "Armor Of Holy v2 [M]"               3       245       0              100          380        35            32             157         0             0               1	  1	  1	  1	  1	  1	  1	  1
148      3      0       2       3        1            1            0          "Armor Of Holy v2 [F]"               3       245       0              100          380        35            32             157         0             0               1	  1	  1	  1	  1	  1	  1	  1
149      3      0       2       3        1            1            0          "Armor Rei Do PvP"                   3       245       0              100          380        35            32             157         0             0               1	  1	  1	  1	  1	  1	  1	  1
150      3      0       2       3        1            1            0          "Armor Of Snow [RL]"                 120     160       0              100          300        174           51             0           0             0               1	  1	  1	  1	  1	  1	  1	  1
151      3      0       2       3        1            1            0          "Armor Of Gold [RL]"                 120     128       0              100          300        46            15             0           0             0               1	  1	  1	  1	  1	  1	  1	  1
152      3      0       2       2        1            1            0          "Armor Of Gold 2.0"                  120     140       0              100          300        39            87             0           0             0               1	  1	  1	  1	  1	  1	  1	  1
153      3      0       2       2        1            1            0          "Armor Of Elf"                       120     130       0              100          300        38            13             0           0             0               1	  1	  1	  1	  1	  1	  1	  1
154      3      0       2       3        1            1            0          "Armor Of Dialmond [RL]"             120     158       0              100          300        143           58             0           0             0               1	  1	  1	  1	  1	  1	  1	  1
155      3      0       2       3        1            1            0          "Armor Blood Vampire"                120     136       0              100          300        65            17             0           0             0               1	  1	  1	  1	  1	  1	  1	  1
156      3      0       2       3        1            1            0          "Armor Of Steel 2.0 [M]"             120     141       0              100          300        81            0              0           0             0               1	  1	  1	  1	  1	  1	  1	  1
158      3      0       2       2        1            1            0          "Bloodangel Elf Armor (B)"           150     37        0              100          400        14            28             154         0             0               1	  1	  1	  1	  1	  1	  1	  1
159      3      0       2       2        1            1            0          "Darkangel Elf Armor (B)"            150     50        0              100          600        14            28             154         0             0               1	  1	  1	  1	  1	  1	  1	  1
160      3      0       2       2        1            1            0          "Holyangel Elf Armor (B)"            150     69        0              100          800        14            28             154         0             0               1	  1	  1	  1	  1	  1	  1	  1
161      3      0       2       3        1            1            0          "Bloodangel Magic Armor (B)"         150     80        0              100          400        35            32             157         0             0               1	  1	  1	  1	  1	  1	  1	  1
162      3      0       2       3        1            1            0          "Darkangel Magic Armor (B)"          150     105       0              100          600        35            32             157         0             0               1	  1	  1	  1	  1	  1	  1	  1
163      3      0       2       3        1            1            0          "Holyangel Magic Armor (B)"          150     155       0              100          800        35            32             157         0             0               1	  1	  1	  1	  1	  1	  1	  1
164      3      0       2       3        1            1            0          "Armor Of Steel 2.0 [F]"             130     249       0              100          380        174           51             0           0             0               1	  1	  1	  1	  1	  1	  1	  1
165      3      0       2       3        1            1            0          "Armor Of Horus [M]"                 130     217       0              100          380        46            15             0           0             0               1	  1	  1	  1	  1	  1	  1	  1
166      3      0       2       2        1            1            0          "Armor Of Isis [F]"                  130     229       0              100          380        39            87             0           0             0               1	  1	  1	  1	  1	  1	  1	  1
167      3      0       2       2        1            1            0          "Armor Of Zeus"                      130     222       0              100          380        38            13             0           0             0               1	  1	  1	  1	  1	  1	  1	  1
168      3      0       2       3        1            1            0          "Armor Of Holy [M]"                  130     248       0              100          380        143           58             0           0             0               1	  1	  1	  1	  1	  1	  1	  1
169      3      0       2       3        1            1            0          "Armor Of Holy [F]"                  130     226       0              100          380        65            17             0           0             0               1	  1	  1	  1	  1	  1	  1	  1
170      3      0       2       3        1            1            0          "Armor Light Hawk [M]"               130     231       0              100          380        81            0              0           0             0               1	  1	  1	  1	  1	  1	  1	  1
171      3      0       2       3        1            1            0          "Armor Light Hawk [F]"               110     231       0              100          380        81            0              0           0             0               1	  1	  1	  1	  1	  1	  1	  1
172      3      0       2       2        1            1            0          "Blue Eye Elf Armor  (B)"            130     155       0              100          380        14            28             154         0             0               1	  1	  1	  1	  1	  1	  1	  1
173      3      0       2       3        1            1            0          "Armor GrandSoul Rosa"               130     245       0              100          380        35            32             157         0             0               1	  1	  1	  1	  1	  1	  1	  1
174      3      0       2       2        1            1            0          "Armor BloodRed-2022 [F]"            12      155       0              100          380        14            28             154         0             0               1	  1	  1	  1	  1	  1	  1	  1
175      3      0       2       3        1            1            0          "Armor Of Blue White [F]"            12      245       0              100          380        35            32             157         0             0               1	  1	  1	  1	  1	  1	  1	  1
176      3      0       2       3        1            1            0          "Armor Of Black Gold [M]"            3       245       0              100          380        35            32             157         0             0               1	  1	  1	  1	  1	  1	  1	  1
177      3      0       2       3        1            1            0          "Armor Red Fire [M]"                 3       245       0              100          380        35            32             157         0             0               1	  1	  1	  1	  1	  1	  1	  1
178      3      0       2       3        1            1            0          "Armor Ligh Blue [M]"                3       245       0              100          380        35            32             157         0             0               1	  1	  1	  1	  1	  1	  1	  1
179      3      0       2       3        1            1            0          "Armor Of Black Gold [F]"            3       245       0              100          380        35            32             157         0             0               1	  1	  1	  1	  1	  1	  1	  1
180      3      0       2       3        1            1            0          "Armor Red Fire [F]"                 3       245       0              100          380        35            32             157         0             0               1	  1	  1	  1	  1	  1	  1	  1
181      3      0       2       3        1            1            0          "Armor Ligh Blue [F]"                3       245       0              100          380        35            32             157         0             0               1	  1	  1	  1	  1	  1	  1	  1
182      3      0       2       3        1            1            0          "Armor Of Rabbit Lunar [RL]"         3       245       0              100          380        35            32             157         0             0               1	  1	  1	  1	  1	  1	  1	  1
183      3      0       2       3        1            1            0          "Armor BlackRabbit Lunar"            3       245       0              100          380        35            32             157         0             0               1	  1	  1	  1	  1	  1	  1	  1
184      3      0       2       3        1            1            0          "Armor Of War 2.0 [M][RL]"           3       245       0              100          380        35            32             157         0             0               1	  1	  1	  1	  1	  1	  1	  1
185      3      0       2       3        1            1            0          "Armor Of War 2.0 [F][RL]"           3       245       0              100          380        35            32             157         0             0               1	  1	  1	  1	  1	  1	  1	  1
186      3      0       2       3        1            1            0          "Armor Of Abaddon [M]"               3       245       0              100          380        35            32             157         0             0               1	  1	  1	  1	  1	  1	  1	  1
187      3      0       2       3        1            1            0          "Armor Of Abaddon [F]"               3       245       0              100          380        35            32             157         0             0               1	  1	  1	  1	  1	  1	  1	  1
189      3      0       2       3        1            1            0          "Armor Of Zeus 1.0 [M]"              130     294       0              100          380        174           51             0           0             0               1	  1	  1	  1	  1	  1	  1	  1
190      3      0       2       3        1            1            0          "Armor Of Zeus 1.0 [F]"              130     262       0              100          380        46            15             0           0             0               1	  1	  1	  1	  1	  1	  1	  1
191      3      0       2       2        1            1            0          "Armor Fire King 2.0 [M]"            130     274       0              100          380        39            87             0           0             0               1	  1	  1	  1	  1	  1	  1	  1
192      3      0       2       2        1            1            0          "Armor Fire King 2.0 [F]"            130     267       0              100          380        38            13             0           0             0               1	  1	  1	  1	  1	  1	  1	  1
193      3      0       2       3        1            1            0          "Armor Fire Green [M]"               130     293       0              100          380        143           58             0           0             0               1	  1	  1	  1	  1	  1	  1	  1
194      3      0       2       3        1            1            0          "Armor Fire Green [F]"               130     271       0              100          380        65            17             0           0             0               1	  1	  1	  1	  1	  1	  1	  1
195      3      0       2       3        1            1            0          "Armor Of Fantasy"                   12      248       0              100          380        81            0              0           0             0               1	  1	  1	  1	  1	  1	  1	  1
196      3      0       2       3        1            1            0          "Armor Of BloodRed-2022 [M]"         12      248       0              100          380        81            0              0           0             0               1	  1	  1	  1	  1	  1	  1	  1
197      3      0       2       2        1            1            0          "Silverheart Elf Armor (B)"          150     200       0              100          380        14            28             154         0             0               1	  1	  1	  1	  1	  1	  1	  1
198      3      0       2       3        1            1            0          "Armor Of Blue White [M]"            12      248       0              100          380        81            0              0           0             0               1	  1	  1	  1	  1	  1	  1	  1
199	 3	0	2	2	 1	      1	           0	      "Armor Of Saron [M]"		   13	   248	     0	            90	         380	     170	  60	         0	     0	           0	           1	  1	  1	  1	  1	  1	  1	  1        
200      3	0	2	2	 1	      1	           0	      "Armor Of Saron [F]"		   13	   248	     0	            90	         380	    170	          60	         0	     0	           0	           1	  1	  1	  1	  1	  1	  1	  1
201      3	0	2	2	 1	      1	           0	      "Armor Of Green V2 [M]"		   13	   248	     0	            90	         380	    170	          60	         0	     0	           0	           1	  1	  1	  1	  1	  1	  1	  1
202      3	0	2	2	 1	      1	           0	      "Armor Of Green V2 [F]"		   13	   248	     0	            90	         380	    170	          60	         0	     0	           0	           1	  1	  1	  1	  1	  1	  1	  1
203      3	0	2	2	 1	      1	           0	      "Armor Of Armageddon [RL]"	   13	   248	     0	            90	         380	    170	          60	         0	     0	           0	           1	  1	  1	  1	  1	  1	  1	  1
204      3	0	2	2	 1	      1	           0	      "Armor Of New 2022"		   9	   248	     0	            90	         380	    170	          60	         0	     0	           0	           1	  1	  1	  1	  1	  1	  1	  1
end

//=================================
//  //Categoria //Pants
//=================================
9
// [01]  [02]   [03]    [04]    [05]     [06]         [07]         [08]       [NOME]                               [09]    [10]      [11]           [12]         [13]       [14]          [15]           [16]        [17]          [18]            [19]   [SM]    [BK]    [ELF]   [MG]    [DL]    [SU]    [RF]
//Type   Slot   Skill   Width   Height   HaveSerial   HaveOption   DropItem   Name                                 Level   Defense   MagicDefense   Durability   ReqLevel   ReqStrength   ReqDexterity   ReqEnergy   ReqVitality   ReqLeadership   None   DW      DK      FE      MG      DL      SU      RF
0        4      0       2       2        1            1            1          "Bronze Pants"                       15      10        0              34           0          80            20             0           0             0               0      0       1       0       1       1       0       0
1        4      0       2       2        1            1            1          "Dragon Pants"                       55      26        0              68           0          120           30             0           0             0               0      0       1       0       1       0       0       0
2        4      0       2       2        1            1            1          "Pad Pants"                          8       5         0              28           0          30            0              0           0             0               0      1       0       0       1       0       0       0
3        4      0       2       2        1            1            1          "Legendary Pants"                    53      20        0              42           0          40            0              0           0             0               0      1       0       0       1       0       0       0
4        4      0       2       2        1            1            1          "Bone Pants"                         20      10        0              30           0          40            0              0           0             0               0      1       0       0       1       0       0       0
5        4      0       2       2        1            1            1          "Leather Pants"                      8       7         0              30           0          80            0              0           0             0               0      0       1       0       1       1       0       0
6        4      0       2       2        1            1            1          "Scale Pants"                        25      14        0              40           0          110           0              0           0             0               0      0       1       0       1       1       0       1
7        4      0       2       2        1            1            1          "Sphinx Pants"                       34      15        0              36           0          40            0              0           0             0               0      1       0       0       1       0       0       0
8        4      0       2       2        1            1            1          "Brass Pants"                        35      18        0              44           0          100           30             0           0             0               0      0       1       0       1       0       0       1
9        4      0       2       2        1            1            1          "Plate Pants"                        45      22        0              50           0          130           0              0           0             0               0      0       1       0       1       0       0       1
10       4      0       2       2        1            1            1          "Vine Pants"                         8       6         0              22           0          30            60             0           0             0               0      0       0       1       0       0       0       0
11       4      0       2       2        1            1            1          "Silk Pants"                         18      10        0              26           0          30            70             0           0             0               0      0       0       1       0       0       0       0
12       4      0       2       2        1            1            1          "Wind Pants"                         30      14        0              32           0          30            80             0           0             0               0      0       0       1       0       0       0       0
13       4      0       2       2        1            1            1          "Spirit Pants"                       42      18        0              38           0          40            80             0           0             0               0      0       0       1       0       0       0       0
14       4      0       2       2        1            1            1          "Guardian Pants"                     54      25        0              45           0          40            80             0           0             0               0      0       0       1       0       0       0       0
15       4      0       2       2        1            1            1          "Storm Crow Pants"                   74      34        0              80           0          150           70             0           0             0               0      0       0       0       1       0       0       0
16       4      0       2       2        1            1            1          "Black Dragon Pants"                 84      40        0              74           0          170           60             0           0             0               0      0       1       0       0       0       0       0
17       4      0       2       2        1            1            1          "Dark Phoenix Pants"                 96      54        0              80           0          207           63             0           0             0               0      0       2       0       0       0       0       0
18       4      0       2       2        1            1            1          "Grand Soul Pants"                   86      30        0              67           0          59            20             0           0             0               0      2       0       0       0       0       0       0
19       4      0       2       2        1            1            1          "Divine Pants"                       88      39        0              74           0          50            110            0           0             0               0      0       0       2       0       0       0       0
20       4      0       2       2        1            1            1          "Thunder Hawk Pants"                 99      49        0              82           0          150           70             0           0             0               0      0       0       0       1       0       0       0
21       4      0       2       2        1            1            1          "Great Dragon Pants"                 113     65        0              86           0          200           58             0           0             0               0      0       2       0       0       0       0       0
22       4      0       2       2        1            1            1          "Dark Soul Pants"                    117     39        0              75           0          55            18             0           0             0               0      2       0       0       0       0       0       0
23       4      0       2       2        1            1            1          "Hurricane Pants"                    122     61        0              90           0          162           66             0           0             0               0      0       0       0       1       0       0       0
24       4      0       2       2        1            1            1          "Red Spirit Pants"                   100     48        0              80           0          52            115            0           0             0               0      0       0       2       0       0       0       0
25       4      0       2       2        1            1            1          "Light Plate Pants"                  50      21        0              42           0          70            20             0           0             0               0      0       0       0       0       1       0       0
26       4      0       2       2        1            1            1          "Adamantine Pants"                   70      26        0              56           0          77            21             0           0             0               0      0       0       0       0       1       0       0
27       4      0       2       2        1            1            1          "Dark Steel Pants"                   92      31        0              70           0          84            22             0           0             0               0      0       0       0       0       1       0       0
28       4      0       2       2        1            1            1          "Dark Master Pants"                  110     39        0              78           0          80            21             0           0             0               0      0       0       0       0       1       0       0
29       4      0       2       2        1            1            1          "Dragon Knight Pants"                134     78        0              90           380        170           60             0           0             0               0      0       2       0       0       0       0       0
30       4      0       2       2        1            1            1          "Venom Mist Pants"                   135     55        0              86           380        44            15             0           0             0               0      2       0       0       0       0       0       0
31       4      0       2       2        1            1            1          "Sylphid Ray Pants"                  135     61        0              86           380        38            80             0           0             0               0      0       0       2       0       0       0       0
32       4      0       2       2        1            1            1          "Volcano Pants"                      135     74        0              95           380        145           60             0           0             0               0      0       0       0       1       0       0       0
33       4      0       2       2        1            1            1          "Sunlight Pants"                     140     52        0              82           380        62            16             0           0             0               0      0       0       0       0       1       0       0
34       4      0       2       2        1            1            1          "Ashcrow Pants"                      69      33        0              72           0          160           50             0           0             0               0      0       1       0       0       0       0       0
35       4      0       2       2        1            1            1          "Eclipse Pants"                      69      25        0              54           0          53            12             0           0             0               0      1       0       0       0       0       0       0
36       4      0       2       2        1            1            1          "Iris Pants"                         69      32        0              59           0          50            70             0           0             0               0      0       0       1       0       0       0       0
37       4      0       2       2        1            1            1          "Valiant Pants"                      101     41        0              81           0          155           50             0           0             0               0      0       0       0       1       0       0       0
38       4      0       2       2        1            1            1          "Glorious Pants"                     101     35        0              74           0          80            21             0           0             0               0      0       0       0       0       1       0       0
39       4      0       2       2        1            1            1          "Violent Wind Pants"                 30      16        0              36           0          36            0              0           0             0               0      0       0       0       0       0       1       0
40       4      0       2       2        1            1            1          "Red Wing Pants"                     53      22        0              42           0          35            7              0           0             0               0      0       0       0       0       0       1       0
41       4      0       2       2        1            1            1          "Ancient Pants"                      72      28        0              54           0          49            16             0           0             0               0      0       0       0       0       0       1       0
42       4      0       2       2        1            1            1          "Demonic Pants"                      86      37        0              67           0          60            20             0           0             0               0      0       0       0       0       0       2       0
43       4      0       2       2        1            1            1          "Storm Blitz Pants"                  117     49        0              75           380        57            19             0           0             0               0      0       0       0       0       0       2       0
45       4      0       2       2        1            1            1          "Titan  Pants"                       116     74        0              86           380        222           32             0           0             0               0      0       1       0       0       0       0       0
46       4      0       2       2        1            1            1          "Brave Pants"                        112     58        0              86           380        74            162            0           0             0               0      0       1       0       0       0       0       0
47       4      0       2       2        1            1            1          "Phantom  Pants"                     115     66        0              86           380        212           57             0           0             0               0      0       0       0       1       0       0       0
48       4      0       2       2        1            1            1          "Destroy Pants"                      113     51        0              86           380        62            19             165         0             0               0      0       0       0       1       0       0       0
49       4      0       2       2        1            1            1          "Seraphim Pants"                     116     53        0              86           380        55            197            0           0             0               0      0       0       1       0       0       0       0
50       4      0       2       2        1            1            1          "Divine Pants"                       109     46        0              86           380        32            29             138         0             0               0      0       0       1       0       0       0       0
51       4      0       2       2        1            1            1          "Royal Pants"                        116     46        0              86           380        105           38             0           0             0               0      0       0       0       0       1       0       0
52       4      0       2       2        1            1            1          "Hades Pants"                        114     44        0              86           380        60            15             181         0             0               0      1       0       0       0       0       0       0
59       4      0       2       2        1            1            1          "Sacred Pants"                       62      33        0              52           0          85            0              0           75            0               0      0       0       0       0       0       0       1
60       4      0       2       2        1            1            1          "Storm Hard Pants"                   78      41        0              68           0          100           0              0           90            0               0      0       0       0       0       0       0       1
61       4      0       2       2        1            1            1          "Piercing Pants"                     95      49        0              82           0          115           0              0           100           0               0      0       0       0       0       0       0       1
62       4      0       2       2        0            0            0          "Lucky Scale Pants"                  25      18        0              255          1          0             0              0           0             0               0      0       1       0       1       1       0       1
63       4      0       2       2        0            0            0          "Lucky Silk Pants"                   18      13        0              255          1          0             0              0           0             0               0      0       0       1       0       0       0       0
64       4      0       2       2        0            0            0          "Lucky Sphinx Pants"                 34      19        0              255          1          0             0              0           0             0               0      1       0       0       0       0       0       0
65       4      0       2       2        0            0            0          "Lucky Violent Wind Pants"           30      20        0              255          1          0             0              0           0             0               0      0       0       0       0       0       1       0
66       4      0       2       2        0            0            0          "Lucky Dark Soul Pants"              70      31        0              255          150        0             0              0           0             0               0      0       0       0       0       1       0       0
67       4      0       2       2        0            0            0          "Lucky Dragon Pants"                 55      28        0              255          150        0             0              0           0             0               0      0       1       0       0       0       0       0
68       4      0       2       2        0            0            0          "Lucky Guardian Pants"               54      30        0              255          150        0             0              0           0             0               0      0       0       1       0       0       0       0
69       4      0       2       2        0            0            0          "Lucky Legendary Pants"              53      25        0              255          150        0             0              0           0             0               0      1       0       0       0       0       0       0
70       4      0       2       2        0            0            0          "Lucky Red Wing Pants"               53      26        0              255          150        0             0              0           0             0               0      0       0       0       0       0       1       0
71       4      0       2       2        0            0            0          "Lucky Atlans Pants"                 74      39        0              255          150        0             0              0           0             0               0      0       0       0       1       0       0       0
72       4      0       2       2        0            0            0          "Lucky Storm Hard Pants"             78      33        0              255          150        0             0              0           0             0               0      0       0       0       0       0       0       1
73       4      0       2       2        1            1	           1	      "Phoenix Soul Pants"	           134	   68	     0	            88	         380	    97	          0	         0	     85	           0	           0	  0	  0	  0	  0	  0	  0	  1	
//----BY:Zeus Revolutions Team Itens Novos 97D+2.0-----
98       4	0	2	2	 1	      1	           0	      "Especial 01 Pants"		   120	   247	     0	            90	         380	    170	          60	         0	     0	           0	           1	  1	  1	  1	  1	  1	  1	  1
99       4	0	2	2	 1	      1	           0	      "Especial 02 Pants [E]"		   120	   247	     0	            90	         380	    170	          60	         0	     0	           0	           1	  1	  1	  1	  1	  1	  1	  1
100      4      0       2       2        1            1            0          "Especial 03 Pants [E]"              120     58        0              100          200        36            80             0           0             0               1	  1	  1	  1	  1	  1	  1	  1
101      4      0       2       2        1            1            0          "Especial 04 Pants [E]"              120     47        0              100          200        36            12             0           0             0               1	  1	  1	  1	  1	  1	  1	  1
102      4      0       2       2        1            1            0          "Especial 05 Pants [E]"              120     71        0              100          200        136           56             0           0             0               1	  1	  1	  1	  1	  1	  1	  1
103      4      0       2       2        1            1            0          "Especial 06 Pants [E]"              120     49        0              100          200        61            16             0           0             0               1	  1	  1	  1	  1	  1	  1	  1
104      4      0       2       2        1            1            0          "Especial 07 Pants [E]"              120     56        0              100          200        76            0              0           0             0               1	  1	  1	  1	  1	  1	  1	  1
106      4      0       2       2        1            1            0          "Especial 08 Pants [E]"              120     195       0              100          350        157           45             0           0             0               1	  1	  1	  1	  1	  1	  1	  1
107      4      0       2       2        1            1            0          "Especial 01-X Pants [Ex]"           120     169       0              100          350        44            14             0           0             0               1	  1	  1	  1	  1	  1	  1	  1
108      4      0       2       2        1            1            0          "Especial 02-X Pants [Ex]"           120     180       0              100          350        36            80             0           0             0               1	  1	  1	  1	  1	  1	  1	  1
109      4      0       2       2        1            1            0          "Pants Of Dark Raven"                120     169       0              100          350        36            12             0           0             0               1	  1	  1	  1	  1	  1	  1	  1
110      4      0       2       2        1            1            0          "Pants Of Cup"                       120     181       0              100          350        136           56             0           0             0               1	  1	  1	  1	  1	  1	  1	  1
111      4      0       2       2        1            1            0          "Pants Of War [RL]"                  120     169       0              100          350        61            16             0           0             0               1	  1	  1	  1	  1	  1	  1	  1
112      4      0       2       2        1            1            0          "Pants Love 2.0 Black [RL]"          120     176       0              100          350        76            0              0           0             0               1	  1	  1	  1	  1	  1	  1	  1
114      4      0       2       2        1            1            0          "Pants Majestick 2.0 [RL]"           120     104       0              100          350        13            27             150         0             0               1	  1	  1	  1	  1	  1	  1	  1
115      4      0       2       2        1            1            0          "Pants Dark Pirate [F]"              120     177       0              100          350        33            30             153         0             0               1	  1	  1	  1	  1	  1	  1	  1
138      4      0       2       2        1            1            0          "Pants Love 2.0 [M]"                 120     100       0              100          250        157           45             0           0             0               1	  1	  1	  1	  1	  1	  1	  1
139      4      0       2       2        1            1            0          "Pants Love 2.0 [F]"                 120     74        0              100          250        44            14             0           0             0               1	  1	  1	  1	  1	  1	  1	  1
140      4      0       2       2        1            1            0          "Pants Dark Pirate [M]"              13      83        0              100          250        36            80             0           0             0               1	  1	  1	  1	  1	  1	  1	  1
141      4      0       2       2        1            1            0          "Pants Of Apocalipse 2.0"            13      72        0              100          250        36            12             0           0             0               1	  1	  1	  1	  1	  1	  1	  1
142      4      0       2       2        1            1            0          "Darkangel Magic Pants (A)"          150     96        0              100          250        136           56             0           0             0               1	  1	  1	  1	  1	  1	  1	  1
143      4      0       2       2        1            1            0          "Pants Of Natalino [M]"              120     74        0              100          250        61            16             0           0             0               1	  1	  1	  1	  1	  1	  1	  1
144      4      0       2       2        1            1            0          "Pants Of Natalino [F]"              120     81        0              100          250        76            0              0           0             0               1	  1	  1	  1	  1	  1	  1	  1
145      4      0       2       2        1            1            0          "Pants Of Marinheiro [M]"            3       222       0              100          380        33            30             153         0             0               1	  1	  1	  1	  1	  1	  1	  1
146      4      0       2       2        1            1            0          "Pants Of Marinheiro [F]"            3       222       0              100          380        33            30             153         0             0               1	  1	  1	  1	  1	  1	  1	  1
147      4      0       2       2        1            1            0          "Pants Of Holy v2 [M]"               3       222       0              100          380        33            30             153         0             0               1	  1	  1	  1	  1	  1	  1	  1
148      4      0       2       2        1            1            0          "Pants Of Holy v2 [F]"               3       222       0              100          380        33            30             153         0             0               1	  1	  1	  1	  1	  1	  1	  1
149      4      0       2       2        1            1            0          "Pants Rei Do PvP"                   3       222       0              100          380        33            30             153         0             0               1	  1	  1	  1	  1	  1	  1	  1
150      4      0       2       2        1            1            0          "Pants Of Snow [RL]"                 120     150       0              100          300        157           45             0           0             0               1	  1	  1	  1	  1	  1	  1	  1
151      4      0       2       2        1            1            0          "Pants Of Gold [RL]"                 120     124       0              100          300        44            14             0           0             0               1	  1	  1	  1	  1	  1	  1	  1
152      4      0       2       2        1            1            0          "Pants Of Gold 2.0"                  120     133       0              100          300        36            80             0           0             0               1	  1	  1	  1	  1	  1	  1	  1
153      4      0       2       2        1            1            0          "Pants Of Elf"                       120     122       0              100          300        36            12             0           0             0               1	  1	  1	  1	  1	  1	  1	  1
154      4      0       2       2        1            1            0          "Pants Of Dialmond [RL]"             120     136       0              100          300        136           56             0           0             0               1	  1	  1	  1	  1	  1	  1	  1
155      4      0       2       2        1            1            0          "Pants Blood Vampire"                120     124       0              100          300        61            16             0           0             0               1	  1	  1	  1	  1	  1	  1	  1
156      4      0       2       2        1            1            0          "Pants Of Steel 2.0 [M]"             120     131       0              100          300        76            0              0           0             0               1	  1	  1	  1	  1	  1	  1	  1
158      4      0       2       2        1            1            0          "Bloodangel Elf Pants (B)"           150     31        0              100          200        13            27             150         0             0               1	  1	  1	  1	  1	  1	  1	  1
159      4      0       2       2        1            1            0          "Darkangel Elf Pants (B)"            150     44        0              100          250        13            27             150         0             0               1	  1	  1	  1	  1	  1	  1	  1
160      4      0       2       2        1            1            0          "Holyangel Elf Pants (B)"            150     63        0              100          300        13            27             150         0             0               1	  1	  1	  1	  1	  1	  1	  1
161      4      0       2       2        1            1            0          "Bloodangel Magic Pants (B)"         150     57        0              100          200        33            30             153         0             0               1	  1	  1	  1	  1	  1	  1	  1
162      4      0       2       2        1            1            0          "Darkangel Magic Pants (B)"          150     82        0              100          250        33            30             153         0             0               1	  1	  1	  1	  1	  1	  1	  1
163      4      0       2       2        1            1            0          "Holyangel Magic Pants (B)"          150     132       0              100          300        33            30             153         0             0               1	  1	  1	  1	  1	  1	  1	  1
164      4      0       2       2        1            1            0          "Pants Of Steel 2.0 [F]"             130     240       0              100          380        157           45             0           0             0               1	  1	  1	  1	  1	  1	  1	  1
165      4      0       2       2        1            1            0          "Pants Of Horus [M]"                 130     214       0              100          380        44            14             0           0             0               1	  1	  1	  1	  1	  1	  1	  1
166      4      0       2       2        1            1            0          "Pants Of Isis [F]"                  130     225       0              100          380        36            80             0           0             0               1	  1	  1	  1	  1	  1	  1	  1
167      4      0       2       2        1            1            0          "Pants Of Zeus"                      130     214       0              100          380        36            12             0           0             0               1	  1	  1	  1	  1	  1	  1	  1
168      4      0       2       2        1            1            0          "Pants Of Holy [M]"                  130     226       0              100          380        136           56             0           0             0               1	  1	  1	  1	  1	  1	  1	  1
169      4      0       2       2        1            1            0          "Pants Of Holy [F]"                  130     214       0              100          380        61            16             0           0             0               1	  1	  1	  1	  1	  1	  1	  1
170      4      0       2       2        1            1            0          "Pants Light Hawk [M]"               130     221       0              100          380        76            0              0           0             0               1	  1	  1	  1	  1	  1	  1	  1
171      4      0       2       2        1            1            0          "Pants Light Hawk [F]"               90      221       0              100          380        76            0              0           0             0               1	  1	  1	  1	  1	  1	  1	  1
172      4      0       2       2        1            1            0          "Blue Eye Elf Pants (B)"             130     149       0              100          380        13            27             150         0             0               1	  1	  1	  1	  1	  1	  1	  1
173      4      0       2       2        1            1            0          "Pants GrandSoul Rosa"               130     222       0              100          380        33            30             153         0             0               1	  1	  1	  1	  1	  1	  1	  1
174      4      0       2       2        1            1            0          "Pants Of BloodRed-2022 [F]"         12      149       0              100          380        13            27             150         0             0               1	  1	  1	  1	  1	  1	  1	  1
175      4      0       2       2        1            1            0          "Pants Of Blue White [F]"            12      222       0              100          380        33            30             153         0             0               1	  1	  1	  1	  1	  1	  1	  1
176      4      0       2       2        1            1            0          "Pants Of Black Gold [M]"            3       222       0              100          380        33            30             153         0             0               1	  1	  1	  1	  1	  1	  1	  1
177      4      0       2       2        1            1            0          "Pants Red Fire [M]"                 3       222       0              100          380        33            30             153         0             0               1	  1	  1	  1	  1	  1	  1	  1
178      4      0       2       2        1            1            0          "Pants Ligh Blue [M]"                3       222       0              100          380        33            30             153         0             0               1	  1	  1	  1	  1	  1	  1	  1
179      4      0       2       2        1            1            0          "Pants Of Black Gold [F]"            3       222       0              100          380        33            30             153         0             0               1	  1	  1	  1	  1	  1	  1	  1
180      4      0       2       2        1            1            0          "Pants Red Fire [F]"                 3       222       0              100          380        33            30             153         0             0               1	  1	  1	  1	  1	  1	  1	  1
181      4      0       2       2        1            1            0          "Pants Ligh Blue [F]"                3       222       0              100          380        33            30             153         0             0               1	  1	  1	  1	  1	  1	  1	  1
182      4      0       2       2        1            1            0          "Pants Of Rabbit Lunar [RL]"         3       222       0              100          380        33            30             153         0             0               1	  1	  1	  1	  1	  1	  1	  1
183      4      0       2       2        1            1            0          "Pants BlackRabbit Lunar"            3       222       0              100          380        33            30             153         0             0               1	  1	  1	  1	  1	  1	  1	  1
184      4      0       2       2        1            1            0          "Pants Of War 2.0 [M][RL]"           3       222       0              100          380        33            30             153         0             0               1	  1	  1	  1	  1	  1	  1	  1
185      4      0       2       2        1            1            0          "Pants Of War 2.0 [F][RL]"           3       222       0              100          380        33            30             153         0             0               1	  1	  1	  1	  1	  1	  1	  1
186      4      0       2       2        1            1            0          "Pants Of Abaddon [M]"               3       222       0              100          380        33            30             153         0             0               1	  1	  1	  1	  1	  1	  1	  1
187      4      0       2       2        1            1            0          "Pants Of Abaddon [F]"               3       222       0              100          380        33            30             153         0             0               1	  1	  1	  1	  1	  1	  1	  1
189      4      0       2       2        1            1            0          "Pants Of Zeus 1.0 [M]"              130     285       0              100          380        157           45             0           0             0               1	  1	  1	  1	  1	  1	  1	  1
190      4      0       2       2        1            1            0          "Pants Of Zeus 1.0 [F]"              130     259       0              100          380        44            14             0           0             0               1	  1	  1	  1	  1	  1	  1	  1
191      4      0       2       2        1            1            0          "Pants Fire King 2.0 [M]"            130     270       0              100          380        36            80             0           0             0               1	  1	  1	  1	  1	  1	  1	  1
192      4      0       2       2        1            1            0          "Pants Fire King 2.0 [F]"            130     259       0              100          380        36            12             0           0             0               1	  1	  1	  1	  1	  1	  1	  1
193      4      0       2       2        1            1            0          "Pants Fire Green [M]"               130     271       0              100          380        136           56             0           0             0               1	  1	  1	  1	  1	  1	  1	  1
194      4      0       2       2        1            1            0          "Pants Fire Green [F]"               130     259       0              100          380        61            16             0           0             0               1	  1	  1	  1	  1	  1	  1	  1
195      4      0       2       2        1            1            0          "Pants Of Fantasy"                   12      247       0              100          380        76            0              0           0             0               1	  1	  1	  1	  1	  1	  1	  1
196      4      0       2       2        1            1            0          "Pants Of BloodRed-2022 [M]"         12      247       0              100          380        76            0              0           0             0               1	  1	  1	  1	  1	  1	  1	  1
197      4      0       2       2        1            1            0          "Silverheart Elf Pants (B)"          150     194       0              100          380        13            27             150         0             0               1	  1	  1	  1	  1	  1	  1	  1
198      4      0       2       2        1            1            0          "Pants Of Blue White [M]"            12      247       0              100          380        76            0              0           0             0               1	  1	  1	  1	  1	  1	  1	  1
199      4	0	2	2	 1	      1	           0	      "Pants Of Saron [M]"		   13	   247	     0	            90	         380	    170	          60	         0	     0	           0	           1	  1	  1	  1	  1	  1	  1	  1
200      4	0	2	2	 1	      1	           0	      "Pants Of Saron [F]"		   13	   247	     0	            90	         380	    170	          60	         0	     0	           0	           1	  1	  1	  1	  1	  1	  1	  1
201      4	0	2	2	 1	      1	           0	      "Pants Of Green V2 [M]"		   13	   247	     0	            90	         380	    170	          60	         0	     0	           0	           1	  1	  1	  1	  1	  1	  1	  1
202      4	0	2	2	 1	      1	           0	      "Pants Of Green V2 [F]"		   13	   247	     0	            90	         380	    170	          60	         0	     0	           0	           1	  1	  1	  1	  1	  1	  1	  1
203      4	0	2	2	 1	      1	           0	      "Pants Of Armageddon [RL]"	   13	   247	     0	            90	         380	    170	          60	         0	     0	           0	           1	  1	  1	  1	  1	  1	  1	  1
204      4	0	2	2	 1	      1	           0	      "Pants Of New 2022"		   10	   247	     0	            90	         380	    170	          60	         0	     0	           0	           1	  1	  1	  1	  1	  1	  1	  1
end

//=================================
//  //Categoria //Gloves
//=================================
10
// [01]  [02]   [03]    [04]    [05]     [06]         [07]         [08]       [NOME]                               [09]    [10]      [11]           [12]         [13]       [14]          [15]           [16]        [17]          [18]           [19]   [SM]    [BK]    [ELF]   [MG]    [DL]    [SU]    [RF]
//Type   Slot   Skill   Width   Height   HaveSerial   HaveOption   DropItem   Name                                 Level   Defense   AttackSpeed   Durability   ReqLevel   ReqStrength   ReqDexterity   ReqEnergy   ReqVitality   ReqLeadership   None   DW      DK      FE      MG      DL      SU      RF
0        5      0       2       2        1            1            1          "Bronze Gloves"                      13      4         4             34           0          80            20             0           0             0               0      0       1       0       1       1       0       0
1        5      0       2       2        1            1            1          "Dragon Gloves"                      52      14        6             68           0          120           30             0           0             0               0      0       1       0       1       0       0       0
2        5      0       2       2        1            1            1          "Pad Gloves"                         3       2         0             28           0          20            0              0           0             0               0      1       0       0       1       0       0       0
3        5      0       2       2        1            1            1          "Legendary Gloves"                   44      11        0             42           0          20            0              0           0             0               0      1       0       0       1       0       0       0
4        5      0       2       2        1            1            1          "Bone Gloves"                        14      5         0             30           0          20            0              0           0             0               0      1       0       0       1       0       0       0
5        5      0       2       2        1            1            1          "Leather Gloves"                     4       2         8             30           0          80            0              0           0             0               0      0       1       0       1       1       0       0
6        5      0       2       2        1            1            1          "Scale Gloves"                       22      7         10            40           0          110           0              0           0             0               0      0       1       0       1       1       0       0
7        5      0       2       2        1            1            1          "Sphinx Gloves"                      28      8         0             36           0          20            0              0           0             0               0      1       0       0       1       0       0       0
8        5      0       2       2        1            1            1          "Brass Gloves"                       32      9         8             44           0          100           30             0           0             0               0      0       1       0       1       0       0       0
9        5      0       2       2        1            1            1          "Plate Gloves"                       42      12        4             50           0          130           0              0           0             0               0      0       1       0       1       0       0       0
10       5      0       2       2        1            1            1          "Vine Gloves"                        4       2         4             22           0          30            60             0           0             0               0      0       0       1       0       0       0       0
11       5      0       2       2        1            1            1          "Silk Gloves"                        14      4         8             26           0          30            70             0           0             0               0      0       0       1       0       0       0       0
12       5      0       2       2        1            1            1          "Wind Gloves"                        26      6         10            32           0          30            80             0           0             0               0      0       0       1       0       0       0       0
13       5      0       2       2        1            1            1          "Spirit Gloves"                      38      9         4             38           0          40            80             0           0             0               0      0       0       1       0       0       0       0
14       5      0       2       2        1            1            1          "Guardian Gloves"                    50      15        6             45           0          40            80             0           0             0               0      0       0       1       0       0       0       0
15       5      0       2       2        1            1            1          "Storm Crow Gloves"                  70      20        6             80           0          150           70             0           0             0               0      0       0       0       1       0       0       0
16       5      0       2       2        1            1            1          "Black Dragon Gloves"                76      22        6             74           0          170           60             0           0             0               0      0       1       0       0       0       0       0
17       5      0       2       2        1            1            1          "Dark Phoenix Gloves"                86      37        6             80           0          205           63             0           0             0               0      0       2       0       0       0       0       0
18       5      0       2       2        1            1            1          "Grand Soul Gloves"                  70      20        5             67           0          49            10             0           0             0               0      2       0       0       0       0       0       0
19       5      0       2       2        1            1            1          "Divine Gloves"                      72      29        6             74           0          50            110            0           0             0               0      0       0       2       0       0       0       0
20       5      0       2       2        1            1            1          "Thunder Hawk Gloves"                88      34        7             82           0          150           70             0           0             0               0      0       0       0       1       0       0       0
21       5      0       2       2        1            1            1          "Great Dragon Gloves"                94      48        6             86           0          200           58             0           0             0               0      0       2       0       0       0       0       0
22       5      0       2       2        1            1            1          "Dark Soul Gloves"                   87      30        6             75           0          55            18             0           0             0               0      2       0       0       0       0       0       0
23       5      0       2       2        1            1            1          "Hurricane Gloves"                   102     45        7             90           0          162           66             0           0             0               0      0       0       0       1       0       0       0
24       5      0       2       2        1            1            1          "Red Spirit Gloves"                  84      38        6             80           0          52            115            0           0             0               0      0       0       2       0       0       0       0
25       5      0       2       2        1            1            1          "Light Plate Gloves"                 42      12        7             42           0          70            20             0           0             0               0      0       0       0       0       1       0       0
26       5      0       2       2        1            1            1          "Adamantine Gloves"                  57      18        6             56           0          77            21             0           0             0               0      0       0       0       0       1       0       0
27       5      0       2       2        1            1            1          "Dark Steel Gloves"                  75      21        5             70           0          84            22             0           0             0               0      0       0       0       0       1       0       0
28       5      0       2       2        1            1            1          "Dark Master Gloves"                 89      29        4             78           0          80            21             0           0             0               0      0       0       0       0       1       0       0
29       5      0       2       2        1            1            1          "Dragon Knight Gloves"               114     60        7             90           380        170           60             0           0             0               0      0       2       0       0       0       0       0
30       5      0       2       2        1            1            1          "Venom Mist Gloves"                  111     44        7             86           380        44            15             0           0             0               0      2       0       0       0       0       0       0
31       5      0       2       2        1            1            1          "Sylphid Ray Gloves"                 111     50        7             86           380        38            80             0           0             0               0      0       0       2       0       0       0       0
32       5      0       2       2        1            1            1          "Volcano Gloves"                     127     55        7             95           380        145           60             0           0             0               0      0       0       0       1       0       0       0
33       5      0       2       2        1            1            1          "Sunlight Gloves"                    110     40        5             82           380        62            16             0           0             0               0      0       0       0       0       1       0       0
34       5      0       2       2        1            1            1          "Ashcrow Gloves"                     61      18        6             72           0          160           50             0           0             0               0      0       1       0       0       0       0       0
35       5      0       2       2        1            1            1          "Eclipse Gloves"                     61      15        6             54           0          53            12             0           0             0               0      1       0       0       0       0       0       0
36       5      0       2       2        1            1            1          "Iris Gloves"                        61      22        6             59           0          50            70             0           0             0               0      0       0       1       0       0       0       0
37       5      0       2       2        1            1            1          "Valiant Gloves"                     91      27        7             81           0          155           50             0           0             0               0      0       0       0       1       0       0       0
38       5      0       2       2        1            1            1          "Glorious Gloves"                    91      25        5             74           0          80            21             0           0             0               0      0       0       0       0       1       0       0
39       5      0       2       2        1            1            1          "Violent Wind Gloves"                24      9         6             36           0          22            0              0           0             0               0      0       0       0       0       0       1       0
40       5      0       2       2        1            1            1          "Red Wing Gloves"                    44      13        8             42           0          18            4              0           0             0               0      0       0       0       0       0       1       0
41       5      0       2       2        1            1            1          "Ancient Gloves"                     61      19        7             54           0          52            16             0           0             0               0      0       0       0       0       0       1       0
42       5      0       2       2        1            1            1          "Demonic Gloves"                     70      26        6             67           0          50            10             0           0             0               0      0       0       0       0       0       2       0
43       5      0       2       2        1            1            1          "Storm Blitz Gloves"                 87      34        6             75           380        56            20             0           0             0               0      0       0       0       0       0       2       0
45       5      0       2       2        1            1            1          "Titan  Gloves"                      100     56        7             86           380        222           32             0           0             0               0      0       1       0       0       0       0       0
46       5      0       2       2        1            1            1          "Brave Gloves"                       97      42        7             86           380        74            162            0           0             0               0      0       1       0       0       0       0       0
47       5      0       2       2        1            1            1          "Phantom  Gloves"                    101     49        7             86           380        212           57             0           0             0               0      0       0       0       1       0       0       0
48       5      0       2       2        1            1            1          "Destroy Gloves"                     99      40        7             86           380        62            19             165         0             0               0      0       0       0       1       0       0       0
49       5      0       2       2        1            1            1          "Seraphim Gloves"                    100     43        7             86           380        55            197            0           0             0               0      0       0       1       0       0       0       0
50       5      0       2       2        1            1            1          "Divine Gloves"                      95      36        7             86           380        32            29             138         0             0               0      0       0       1       0       0       0       0
51       5      0       2       2        1            1            1          "Royal Gloves"                       101     34        7             86           380        105           38             0           0             0               0      0       0       0       0       1       0       0
52       5      0       2       2        1            1            1          "Hades Gloves"                       100     31        7             86           380        60            15             181         0             0               0      1       0       0       0       0       0       0
62       5      0       2       2        0            0            0          "Lucky Scale Gloves"                 22      10        10            255          1          0             0              0           0             0               0      0       1       0       0       1       0       1
63       5      0       2       2        0            0            0          "Lucky Silk Gloves"                  14      6         8             255          1          0             0              0           0             0               0      0       0       1       0       0       0       0
64       5      0       2       2        0            0            0          "Lucky Sphinx Gloves"                28      12        0             255          1          0             0              0           0             0               0      1       0       0       1       0       0       0
65       5      0       2       2        0            0            0          "Lucky Violent Wind Gloves"          24      13        6             255          1          0             0              0           0             0               0      0       0       0       0       0       1       0
66       5      0       2       2        0            0            0          "Lucky Dark Soul Gloves"             57      20        6             255          150        0             0              0           0             0               0      0       0       0       0       1       0       0
67       5      0       2       2        0            0            0          "Lucky Dragon Gloves"                52      19        6             255          150        0             0              0           0             0               0      0       1       0       0       0       0       0
68       5      0       2       2        0            0            0          "Lucky Guardian Gloves"              50      20        6             255          150        0             0              0           0             0               0      0       0       1       0       0       0       0
69       5      0       2       2        0            0            0          "Lucky Legendary Gloves"             44      16        0             255          150        0             0              0           0             0               0      1       0       0       0       0       0       0
70       5      0       2       2        0            0            0          "Lucky Red Wing Gloves"              44      18        8             255          150        0             0              0           0             0               0      0       0       0       0       0       1       0
71       5      0       2       2        0            0            0          "Lucky Atlans Gloves"                70      25        6             255          150        0             0              0           0             0               0      0       0       0       1       0       0       0
//----BY:Zeus Revolutions Team Itens Novos 97D+2.0-----
98       5	0	2	2	 1	      1	           0	      "Especial 01 Gloves"	           120	   247	     7	           90	        380	   170	         60	        0	    0	          0	          1	 1	 1	 1	 1	 1	 1	 1
99       5	0	2	2	 1	      1	           0	      "Especial 02 Gloves [E]"	       	   120	   247	     7	           90	        380	   170	         60	        0	    0	          0	          1	 1	 1	 1	 1	 1	 1	 1
100      5      0       2       2        1            1            0          "Especial 03 Gloves [E]"             120     48        6             100          200        31            68             0           0             0               1	 1	 1	 1	 1	 1	 1	 1
101      5      0       2       2        1            1            0          "Especial 04 Gloves [E]"             120     36        8             100          200        25            5              0           0             0               1	 1	 1	 1	 1	 1	 1	 1
102      5      0       2       2        1            1            0          "Especial 05 Gloves [E]"             120     55        7             100          200        115           47             0           0             0               1	 1	 1	 1	 1	 1	 1	 1
103      5      0       2       2        1            1            0          "Especial 06 Gloves [E]"             120     39        5             100          200        50            13             0           0             0               1	 1	 1	 1	 1	 1	 1	 1
104      5      0       2       2        1            1            0          "Especial 07 Gloves [E]"             120     39        5             100          200        50            13             0           0             0               1	 1	 1	 1	 1	 1	 1	 1
106      5      0       2       2        1            1            0          "Especial 08 Gloves [E]"             120     178       6             100          350        131           38             0           0             0               1	 1	 1	 1	 1	 1	 1	 1
107      5      0       2       2        1            1            0          "Especial 01-X Gloves [Ex]"          120     159       6             100          350        33            11             0           0             0               1	 1	 1	 1	 1	 1	 1	 1
108      5      0       2       2        1            1            0          "Especial 02-X Gloves [Ex]"          120     170       6             100          350        31            68             0           0             0               1	 1	 1	 1	 1	 1	 1	 1
109      5      0       2       2        1            1            0          "Gloves Of Dark Raven"               120     158       8             100          350        25            5              0           0             0               1	 1	 1	 1	 1	 1	 1	 1
110      5      0       2       2        1            1            0          "Gloves Of Cup"                      120     175       7             100          350        115           47             0           0             0               1	 1	 1	 1	 1	 1	 1	 1
111      5      0       2       2        1            1            0          "Gloves Of War [RL]"                 120     159       5             100          350        50            13             0           0             0               1	 1	 1	 1	 1	 1	 1	 1
112      5      0       2       2        1            1            0          "Gloves Of Love Black [RL]"          120     159       5             100          350        50            13             0           0             0               1	 1	 1	 1	 1	 1	 1	 1
114      5      0       2       2        1            1            0          "Gloves Of Majestick 2.0"            120     93        7             100          350        12            25             148         0             0               1	 1	 1	 1	 1	 1	 1	 1
115      5      0       2       2        1            1            0          "Gloves Dark Pirate [F]"             120     172       7             100          350        30            27             151         0             0               1	 1	 1	 1	 1	 1	 1	 1
138      5      0       2       2        1            1            0          "Gloves Love 2.0 [M]"                120     83        6             100          250        131           38             0           0             0               1	 1	 1	 1	 1	 1	 1	 1
139      5      0       2       2        1            1            0          "Gloves Love 2.0 [F]"                120     65        6             100          250        33            11             0           0             0               1	 1	 1	 1	 1	 1	 1	 1
140      5      0       2       2        1            1            0          "Gloves Dark Pirate [M]"             10      73        6             100          250        31            68             0           0             0               1	 1	 1	 1	 1	 1	 1	 1
141      5      0       2       2        1            1            0          "Gloves Of Apocalipse 2.0"           10      61        8             100          250        25            5              0           0             0               1	 1	 1	 1	 1	 1	 1	 1
142      5      0       2       2        1            1            0          "Darkangel Magic Gloves (A)"         120     80        7             100          250        115           47             0           0             0               1	 1	 1	 1	 1	 1	 1	 1
143      5      0       2       2        1            1            0          "Gloves Of Natalino [M]"             10      64        5             100          250        50            13             0           0             0               1	 1	 1	 1	 1	 1	 1	 1
144      5      0       2       2        1            1            0          "Gloves Of Natalino [F]"             10      64        5             100          250        50            13             0           0             0               1	 1	 1	 1	 1	 1	 1	 1
145      5      0       2       2        1            1            0          "Gloves Of Marinheiro [M]"           3       217       7             100          380        30            27             151         0             0               1	 1	 1	 1	 1	 1	 1	 1
146      5      0       2       2        1            1            0          "Gloves Of Marinheiro [F]"           3       217       7             100          380        30            27             151         0             0               1	 1	 1	 1	 1	 1	 1	 1
147      5      0       2       2        1            1            0          "Gloves Of Holy v2 [M]"              3       217       7             100          380        30            27             151         0             0               1	 1	 1	 1	 1	 1	 1	 1
148      5      0       2       2        1            1            0          "Gloves Of Holy v2 [F]"              3       217       7             100          380        30            27             151         0             0               1	 1	 1	 1	 1	 1	 1	 1
149      5      0       2       2        1            1            0          "Gloves Rei Do PvP"                  3       217       7             100          380        30            27             151         0             0               1	 1	 1	 1	 1	 1	 1	 1
150      5      0       2       2        1            1            0          "Gloves Of Snow [RL]"                120     133       6             100          300        131           38             0           0             0               1	 1	 1	 1	 1	 1	 1	 1
151      5      0       2       2        1            1            0          "Gloves Of Gold [RL]"                120     115       6             100          300        33            11             0           0             0               1	 1	 1	 1	 1	 1	 1	 1
152      5      0       2       2        1            1            0          "Gloves Of Gold 2.0"                 120     123       6             100          300        31            68             0           0             0               1	 1	 1	 1	 1	 1	 1	 1
153      5      0       2       2        1            1            0          "Gloves Of Elf"                      120     111       8             100          300        25            5              0           0             0               1	 1	 1	 1	 1	 1	 1	 1
154      5      0       2       2        1            1            0          "Gloves Of Dialmond [RL]"            120     130       7             100          300        115           47             0           0             0               1	 1	 1	 1	 1	 1	 1	 1
155      5      0       2       2        1            1            0          "Gloves Blood Vampire"               120     114       5             100          300        50            13             0           0             0               1	 1	 1	 1	 1	 1	 1	 1
156      5      0       2       2        1            1            0          "Gloves Of Steel 2.0 [M]"            120     114       5             100          300        50            13             0           0             0               1	 1	 1	 1	 1	 1	 1	 1
158      5      0       2       2        1            1            0          "Bloodangel Elf Gloves (B)"          150     20        7             100          200        12            25             148         0             0               1	 1	 1	 1	 1	 1	 1	 1
159      5      0       2       2        1            1            0          "Darkangel Elf Gloves (B)"           150     33        7             100          250        12            25             148         0             0               1	 1	 1	 1	 1	 1	 1	 1
160      5      0       2       2        1            1            0          "Holyangel Elf Gloves (B)"           150     52        7             100          300        12            25             148         0             0               1	 1	 1	 1	 1	 1	 1	 1
161      5      0       2       2        1            1            0          "Bloodangel Magic Gloves (B)"        150     52        7             100          200        30            27             151         0             0               1	 1	 1	 1	 1	 1	 1	 1
162      5      0       2       2        1            1            0          "Darkangel Magic Gloves (B)"         150     77        7             100          250        30            27             151         0             0               1	 1	 1	 1	 1	 1	 1	 1
163      5      0       2       2        1            1            0          "Holyangel Magic Gloves (B)"         150     127       7             100          300        30            27             151         0             0               1	 1	 1	 1	 1	 1	 1	 1
164      5      0       2       2        1            1            0          "Gloves Of Steel 2.0 [F]"            130     223       6             100          380        131           38             0           0             0               1	 1	 1	 1	 1	 1	 1	 1
165      5      0       2       2        1            1            0          "Gloves Of Horus [M]"                130     204       6             100          380        33            11             0           0             0               1	 1	 1	 1	 1	 1	 1	 1
166      5      0       2       2        1            1            0          "Gloves Of Isis [F]"                 130     215       6             100          380        31            68             0           0             0               1	 1	 1	 1	 1	 1	 1	 1
167      5      0       2       2        1            1            0          "Gloves Of Zeus"                     130     203       8             100          380        25            5              0           0             0               1	 1	 1	 1	 1	 1	 1	 1
168      5      0       2       2        1            1            0          "Gloves Of Holy [M]"                 130     220       7             100          380        115           47             0           0             0               1	 1	 1	 1	 1	 1	 1	 1
169      5      0       2       2        1            1            0          "Gloves Of Holy [F]"                 130     204       5             100          380        50            13             0           0             0               1	 1	 1	 1	 1	 1	 1	 1
170      5      0       2       2        1            1            0          "Gloves Light Hawk [M]"              130     138       7             100          380        12            25             148         0             0               1	 1	 1	 1	 1	 1	 1	 1
171      5      0       2       2        1            1            0          "Gloves Light Hawk [F]"              100     138       7             100          380        12            25             148         0             0               1	 1	 1	 1	 1	 1	 1	 1
172      5      0       2       2        1            1            0          "Blue Eye Elf Gloves (B)"            130     138       7             100          380        12            25             148         0             0               1	 1	 1	 1	 1	 1	 1	 1
173      5      0       2       2        1            1            0          "Gloves GrandSoul Rosa"              130     217       7             100          380        30            27             151         0             0               1	 1	 1	 1	 1	 1	 1	 1
174      5      0       2       2        1            1            0          "Gloves Of BloodRed-2022 [F]"        11      138       7             100          380        12            25             148         0             0               1	 1	 1	 1	 1	 1	 1	 1
175      5      0       2       2        1            1            0          "Gloves Of Blue White [F]"           11      217       7             100          380        30            27             151         0             0               1	 1	 1	 1	 1	 1	 1	 1
176      5      0       2       2        1            1            0          "Gloves Of Black Gold [M]"           3       217       7             100          380        30            27             151         0             0               1	 1	 1	 1	 1	 1	 1	 1
177      5      0       2       2        1            1            0          "Gloves Red Fire [M]"                3       217       7             100          380        30            27             151         0             0               1	 1	 1	 1	 1	 1	 1	 1
178      5      0       2       2        1            1            0          "Gloves Ligh Blue [M]"               3       217       7             100          380        30            27             151         0             0               1	 1	 1	 1	 1	 1	 1	 1
179      5      0       2       2        1            1            0          "Gloves Of Black Gold [F]"           3       217       7             100          380        30            27             151         0             0               1	 1	 1	 1	 1	 1	 1	 1
180      5      0       2       2        1            1            0          "Gloves Red Fire [F]"                3       217       7             100          380        30            27             151         0             0               1	 1	 1	 1	 1	 1	 1	 1
181      5      0       2       2        1            1            0          "Gloves Ligh Blue [F]"               3       217       7             100          380        30            27             151         0             0               1	 1	 1	 1	 1	 1	 1	 1
182      5      0       2       2        1            1            0          "Gloves Of Rabbit Lunar [RL]"        3       217       7             100          380        30            27             151         0             0               1	 1	 1	 1	 1	 1	 1	 1
183      5      0       2       2        1            1            0          "Gloves BlackRabbit Lunar"           3       217       7             100          380        30            27             151         0             0               1	 1	 1	 1	 1	 1	 1	 1
184      5      0       2       2        1            1            0          "Gloves Of War 2.0 [M][RL]"          3       217       7             100          380        30            27             151         0             0               1	 1	 1	 1	 1	 1	 1	 1
185      5      0       2       2        1            1            0          "Gloves Of War 2.0 [F][RL]"          3       217       7             100          380        30            27             151         0             0               1	 1	 1	 1	 1	 1	 1	 1
186      5      0       2       2        1            1            0          "Gloves Of Abaddon [M]"              3       217       7             100          380        30            27             151         0             0               1	 1	 1	 1	 1	 1	 1	 1
187      5      0       2       2        1            1            0          "Gloves Of Abaddon [F]"              3       217       7             100          380        30            27             151         0             0               1	 1	 1	 1	 1	 1	 1	 1
189      5      0       2       2        1            1            0          "Gloves Of Zeus 1.0 [M]"             130     268       6             100          380        131           38             0           0             0               1	 1	 1	 1	 1	 1	 1	 1
190      5      0       2       2        1            1            0          "Gloves Of Zeus 1.0 [F]"             130     249       6             100          380        33            11             0           0             0               1	 1	 1	 1	 1	 1	 1	 1
191      5      0       2       2        1            1            0          "Gloves Fire King 2.0 [M]"           130     260       6             100          380        31            68             0           0             0               1	 1	 1	 1	 1	 1	 1	 1
192      5      0       2       2        1            1            0          "Gloves Fire King 2.0 [F]"           130     248       8             100          380        25            5              0           0             0               1	 1	 1	 1	 1	 1	 1	 1
193      5      0       2       2        1            1            0          "Gloves Fire Green [M]"              130     265       7             100          380        115           47             0           0             0               1	 1	 1	 1	 1	 1	 1	 1
194      5      0       2       2        1            1            0          "Gloves Fire Green [F]"              130     249       5             100          380        50            13             0           0             0               1	 1	 1	 1	 1	 1	 1	 1
195      5      0       2       2        1            1            0          "Gloves Of Fantasy"                  11      247       7             100          380        115           47             0           0             0               1	 1	 1	 1	 1	 1	 1	 1
196      5      0       2       2        1            1            0          "Gloves Of BloodRed-2022"            11      247       7             100          380        115           47             0           0             0               1	 1	 1	 1	 1	 1	 1	 1
197      5      0       2       2        1            1            0          "Gloves Fire Green [F]"              11      183       7             100          380        12            25             148         0             0               1	 1	 1	 1	 1	 1	 1	 1
198      5      0       2       2        1            1            0          "Gloves Of Blue White [M]"           11      247       7             100          380        115           47             0           0             0               1	 1	 1	 1	 1	 1	 1	 1
199	 5	0	2	2	 1	      1	           0	      "Gloves Of Saron [M]"	           10	   247	     7	           90	        380	    170	         60	        0	    0	          0	          1	 1	 1	 1	 1	 1	 1	 1
200      5	0	2	2	 1	      1	           0	      "Gloves Of Saron [F]"	       	   10	   247	     7	           90	        380	   170	         60	        0	    0	          0	          1	 1	 1	 1	 1	 1	 1	 1
201      5	0	2	2	 1	      1	           0	      "Gloves Of Green V2 [M]"	           10	   247	     7	           90	        380	   170	         60	        0	    0	          0	          1	 1	 1	 1	 1	 1	 1	 1
202      5	0	2	2	 1	      1	           0	      "Gloves Of Green V2 [F]"	       	   10	   247	     7	           90	        380	   170	         60	        0	    0	          0	          1	 1	 1	 1	 1	 1	 1	 1
203      5	0	2	2	 1	      1	           0	      "Gloves Of Armageddon [RL]"	   10	   247	     7	           90	        380	   170	         60	        0	    0	          0	          1	 1	 1	 1	 1	 1	 1	 1
204      5	0	2	2	 1	      1	           0	      "Gloves Of New 2022"	           8	   247	     7	           90	        380	   170	         60	        0	    0	          0	          1	 1	 1	 1	 1	 1	 1	 1
end

//=================================
//  //Categoria //Boots
//=================================
11
// [01]  [02]   [03]    [04]    [05]     [06]         [07]         [08]       [NOME]                               [09]    [10]      [11]        [12]         [13]       [14]          [15]           [16]        [17]          [18]            [19]   [SM]    [BK]    [ELF]   [MG]    [DL]    [SU]    [RF]
//Type   Slot   Skill   Width   Height   HaveSerial   HaveOption   DropItem   Name                                 Level   Defense   WalkSpeed   Durability   ReqLevel   ReqStrength   ReqDexterity   ReqEnergy   ReqVitality   ReqLeadership   None   DW      DK      FE      MG      DL      SU      RF
0        6      0       2       2        1            1            1          "Bronze Boots"                       12      4         10          34           0          80            20             0           0             0               0      0       1       0       1       1       0       0
1        6      0       2       2        1            1            1          "Dragon Boots"                       54      15        2           68           0          120           30             0           0             0               0      0       1       0       1       0       0       0
2        6      0       2       2        1            1            1          "Pad Boots"                          4       3         10          28           0          20            0              0           0             0               0      1       0       0       1       0       0       0
3        6      0       2       2        1            1            1          "Legendary Boots"                    46      12        0           42           0          30            0              0           0             0               0      1       0       0       1       0       0       0
4        6      0       2       2        1            1            1          "Bone Boots"                         16      6         6           30           0          30            0              0           0             0               0      1       0       0       1       0       0       0
5        6      0       2       2        1            1            1          "Leather Boots"                      5       2         12          30           0          80            0              0           0             0               0      0       1       0       1       1       0       0
6        6      0       2       2        1            1            1          "Scale Boots"                        22      8         8           40           0          110           0              0           0             0               0      0       1       0       1       1       0       1
7        6      0       2       2        1            1            1          "Sphinx Boots"                       30      9         8           36           0          30            0              0           0             0               0      1       0       0       1       0       0       0
8        6      0       2       2        1            1            1          "Brass Boots"                        32      10        6           44           0          100           30             0           0             0               0      0       1       0       1       0       0       1
9        6      0       2       2        1            1            1          "Plate Boots"                        42      12        4           50           0          130           0              0           0             0               0      0       1       0       1       0       0       1
10       6      0       2       2        1            1            1          "Vine Boots"                         5       2         0           22           0          30            60             0           0             0               0      0       0       1       0       0       0       0
11       6      0       2       2        1            1            1          "Silk Boots"                         15      4         0           26           0          30            70             0           0             0               0      0       0       1       0       0       0       0
12       6      0       2       2        1            1            1          "Wind Boots"                         27      7         0           32           0          30            80             0           0             0               0      0       0       1       0       0       0       0
13       6      0       2       2        1            1            1          "Spirit Boots"                       40      10        0           38           0          40            80             0           0             0               0      0       0       1       0       0       0       0
14       6      0       2       2        1            1            1          "Guardian Boots"                     52      16        0           45           0          40            80             0           0             0               0      0       0       1       0       0       0       0
15       6      0       2       2        1            1            1          "Storm Crow Boots"                   72      22        2           80           0          150           70             0           0             0               0      0       0       0       1       0       0       0
16       6      0       2       2        1            1            1          "Black Dragon Boots"                 78      24        2           74           0          170           60             0           0             0               0      0       1       0       0       0       0       0
17       6      0       2       2        1            1            1          "Dark Phoenix Boots"                 93      40        2           80           0          198           60             0           0             0               0      0       2       0       0       0       0       0
18       6      0       2       2        1            1            1          "Grand Soul Boots"                   76      22        0           67           0          59            10             0           0             0               0      2       0       0       0       0       0       0
19       6      0       2       2        1            1            1          "Divine Boots"                       81      30        0           74           0          50            110            0           0             0               0      0       0       2       0       0       0       0
20       6      0       2       2        1            1            1          "Thunder Hawk Boots"                 92      37        2           82           0          150           70             0           0             0               0      0       0       0       1       0       0       0
21       6      0       2       2        1            1            1          "Great Dragon Boots"                 98      50        0           86           0          200           58             0           0             0               0      0       2       0       0       0       0       0
22       6      0       2       2        1            1            1          "Dark Soul Boots"                    95      31        0           75           0          55            18             0           0             0               0      2       0       0       0       0       0       0
23       6      0       2       2        1            1            1          "Hurricane Boots"                    110     50        0           90           0          162           66             0           0             0               0      0       0       0       1       0       0       0
24       6      0       2       2        1            1            1          "Red Spirit Boots"                   87      40        0           80           0          52            115            0           0             0               0      0       0       2       0       0       0       0
25       6      0       2       2        1            1            1          "Light Plate Boots"                  45      13        0           42           0          70            20             0           0             0               0      0       0       0       0       1       0       0
26       6      0       2       2        1            1            1          "Adamantine Boots"                   60      20        0           56           0          77            21             0           0             0               0      0       0       0       0       1       0       0
27       6      0       2       2        1            1            1          "Dark Steel Boots"                   83      25        0           70           0          84            22             0           0             0               0      0       0       0       0       1       0       0
28       6      0       2       2        1            1            1          "Dark Master Boots"                  95      33        0           78           0          80            21             0           0             0               0      0       0       0       0       1       0       0
29       6      0       2       2        1            1            1          "Dragon Knight Boots"                119     63        0           90           380        170           60             0           0             0               0      0       2       0       0       0       0       0
30       6      0       2       2        1            1            1          "Venom Mist Boots"                   119     47        0           86           380        44            15             0           0             0               0      2       0       0       0       0       0       0
31       6      0       2       2        1            1            1          "Sylphid Ray Boots"                  119     53        0           86           380        38            80             0           0             0               0      0       0       2       0       0       0       0
32       6      0       2       2        1            1            1          "Volcano Boots"                      131     61        0           95           380        145           60             0           0             0               0      0       0       0       1       0       0       0
33       6      0       2       2        1            1            1          "Sunlight Boots"                     121     44        0           82           380        62            16             0           0             0               0      0       0       0       0       1       0       0
34       6      0       2       2        1            1            1          "Ashcrow Boots"                      68      19        0           72           0          160           50             0           0             0               0      0       1       0       0       0       0       0
35       6      0       2       2        1            1            1          "Eclipse Boots"                      68      17        0           54           0          53            12             0           0             0               0      1       0       0       0       0       0       0
36       6      0       2       2        1            1            1          "Iris Boots"                         68      23        0           59           0          50            70             0           0             0               0      0       0       1       0       0       0       0
37       6      0       2       2        1            1            1          "Valiant Boots"                      98      29        0           81           0          155           50             0           0             0               0      0       0       0       1       0       0       0
38       6      0       2       2        1            1            1          "Glorious Boots"                     98      29        0           74           0          80            21             0           0             0               0      0       0       0       0       1       0       0
39       6      0       2       2        1            1            1          "Violent Wind Boots"                 26      11        0           36           0          27            0              0           0             0               0      0       0       0       0       0       1       0
40       6      0       2       2        1            1            1          "Red Wing Boots"                     46      15        0           42           0          25            4              0           0             0               0      0       0       0       0       0       1       0
41       6      0       2       2        1            1            1          "Ancient Boots"                      65      21        0           54           0          53            16             0           0             0               0      0       0       0       0       0       1       0
42       6      0       2       2        1            1            1          "Demonic Boots"                      76      28        0           67           0          60            10             0           0             0               0      0       0       0       0       0       2       0
43       6      0       2       2        1            1            1          "Storm Blitz Boots"                  95      38        0           75           380        57            20             0           0             0               0      0       0       0       0       0       2       0
45       6      0       2       2        1            1            1          "Titan Boots"                        96      57        0           86           380        222           32             0           0             0               0      0       1       0       0       0       0       0
46       6      0       2       2        1            1            1          "Brave Boots"                        93      45        0           86           380        74            162            0           0             0               0      0       1       0       0       0       0       0
47       6      0       2       2        1            1            1          "Phantom Boots"                      97      54        0           86           380        212           57             0           0             0               0      0       0       0       1       0       0       0
48       6      0       2       2        1            1            1          "Destroy Boots"                      94      44        0           86           380        62            19             165         0             0               0      0       0       0       1       0       0       0
49       6      0       2       2        1            1            1          "Seraphim Boots"                     97      42        0           86           380        55            197            0           0             0               0      0       0       1       0       0       0       0
50       6      0       2       2        1            1            1          "Divine Boots"                       92      35        0           86           380        32            29             138         0             0               0      0       0       1       0       0       0       0
51       6      0       2       2        1            1            1          "Royal Boots"                        98      38        0           86           380        105           38             0           0             0               0      0       0       0       0       1       0       0
52       6      0       2       2        1            1            1          "Hades Boots"                        94      34        0           86           380        60            15             181         0             0               0      1       0       0       0       0       0       0
59       6      0       2       2        1            1            1          "Sacred Boots"                       50      20        0           52           0          85            0              0           75            0               0      0       0       0       0       0       0       1
60       6      0       2       2        1            1            1          "Storm Hard Boots"                   62      28        0           68           0          100           0              0           90            0               0      0       0       0       0       0       0       1
61       6      0       2       2        1            1            1          "Piercing Boots"                     82      36        0           82           0          115           0              0           100           0               0      0       0       0       0       0       0       1
62       6      0       2       2        0            0            0          "Lucky Scale Boots"                  22      12        8           255          1          0             0              0           0             0               0      0       1       0       0       1       0       1
63       6      0       2       2        0            0            0          "Lucky Silk Boots"                   15      7         0           255          1          0             0              0           0             0               0      0       0       1       0       0       0       0
64       6      0       2       2        0            0            0          "Lucky Sphinx Boots"                 30      13        8           255          1          0             0              0           0             0               0      1       0       0       1       0       0       0
65       6      0       2       2        0            0            0          "Lucky Violent Wind Boots"           26      15        0           255          1          0             0              0           0             0               0      0       0       0       0       0       1       0
66       6      0       2       2        0            0            0          "Lucky Dark Soul Boots"              60      25        0           255          150        0             0              0           0             0               0      0       0       0       0       1       0       0
67       6      0       2       2        0            0            0          "Lucky Dragon Boots"                 54      20        2           255          150        0             0              0           0             0               0      0       1       0       0       0       0       0
68       6      0       2       2        0            0            0          "Lucky Guardian Boots"               52      23        0           255          150        0             0              0           0             0               0      0       0       1       0       0       0       0
69       6      0       2       2        0            0            0          "Lucky Legendary Boots"              46      17        0           255          150        0             0              0           0             0               0      1       0       0       0       0       0       0
70       6      0       2       2        0            0            0          "Lucky Red Wing Boots"               46      17        0           255          150        0             0              0           0             0               0      0       0       0       0       0       1       0
71       6      0       2       2        0            0            0          "Lucky Atlans Boots"                 72      27        2           255          150        0             0              0           0             0               0      0       0       0       1       0       0       0
72       6      0       2       2        0            0            0          "Lucky Storm Hard Boots"             62      20        0           255          150        0             0              0           0             0               0      0       0       0       0       0       0       1
73       6      0       2       2        1            1	           1	      "Phoenix Soul Boots"	           119	   57	     0	         88	      380	 97	       0	      0	          85	        0	        0      0       0       0       0       0       0       1	
//----BY:Zeus Revolutions Team Itens Novos 97D+2.0-----
98       6	0	2	2	 1	      1	           0	      "Especial 01 Boots"		   120	   253	     0	         90	      380	 170	       60	      0	          0	        0	        1      1       1       1       1       1       1       1            
99       6	0	2	2	 1	      1	           0	      "Especial 02 Boots [E]"		   120	   253	     0	         90	      380	 170	       60	      0	          0	        0	        1      1       1       1       1       1       1       1
100      6      0       2       2        1            1            0          "Especial 03 Boots [E]"              120     50        0           100          200        32            70             0           0             0               1      1       1       1       1       1       1       1
101      6      0       2       2        1            1            0          "Especial 04 Boots [E]"              120     38        0           100          200        32            5              0           0             0               1      1       1       1       1       1       1       1
102      6      0       2       2        1            1            0          "Especial 05 Boots [E]"              120     60        0           100          200        124           50             0           0             0               1      1       1       1       1       1       1       1
103      6      0       2       2        1            1            0          "Especial 06 Boots [E]"              120     43        0           100          200        53            14             0           0             0               1      1       1       1       1       1       1       1
104      6      0       2       2        1            1            0          "Especial 07 Boots [E]"              120     46        0           100          200        66            0              0           0             0               1      1       1       1       1       1       1       1
106      6      0       2       2        1            1            0          "Especial 08 Boots [E]"              120     182       0           100          350        137           39             0           0             0               1      1       1       1       1       1       1       1
107      6      0       2       2        1            1            0          "Especial 01-X Boots [Ex]"           120     164       0           100          350        36            12             0           0             0               1      1       1       1       1       1       1       1
108      6      0       2       2        1            1            0          "Especial 02-X Boots [Ex]"           120     172       0           100          350        32            70             0           0             0               1      1       1       1       1       1       1       1
109      6      0       2       2        1            1            0          "Boots Of Dark Raven"                120     161       0           100          350        32            5              0           0             0               1      1       1       1       1       1       1       1
110      6      0       2       2        1            1            0          "Boots Of Cup"                       120     180       0           100          350        124           50             0           0             0               1      1       1       1       1       1       1       1
111      6      0       2       2        1            1            0          "Boots Of War [RL]"                  120     162       0           100          350        53            14             0           0             0               1      1       1       1       1       1       1       1
112      6      0       2       2        1            1            0          "Boots Love 2.0 Black[RL]"           120     166       0           100          350        66            0              0           0             0               1      1       1       1       1       1       1       1
114      6      0       2       2        1            1            0          "Boots Of Majestick 2.0 [RL]"        120     96        0           100          350        13            25             149         0             0               1      1       1       1       1       1       1       1
115      6      0       2       2        1            1            0          "Boots Dark Pirate [F]"              120     176       0           100          350        31            28             148         0             0               1      1       1       1       1       1       1       1
138      6      0       2       2        1            1            0          "Boots Love 2.0 [M]"                 120     85        0           100          250        137           39             0           0             0               1      1       1       1       1       1       1       1
139      6      0       2       2        1            1            0          "Boots Love 2.0 [F]"                 120     66        0           100          250        36            12             0           0             0               1      1       1       1       1       1       1       1
140      6      0       2       2        1            1            0          "Boots Dark Pirate [M]"              12      175       0           100          250        32            70             0           0             0               1      1       1       1       1       1       1       1
141      6      0       2       2        1            1            0          "Boots Of Apocalipse 2.0"            12      63        0           100          250        32            5              0           0             0               1      1       1       1       1       1       1       1
142      6      0       2       2        1            1            0          "Darkangel Magic Boots (A)"          120     85        0           100          250        124           50             0           0             0               1      1       1       1       1       1       1       1
143      6      0       2       2        1            1            0          "Boots Of Natalino [M]"              120     68        0           100          250        53            14             0           0             0               1      1       1       1       1       1       1       1
144      6      0       2       2        1            1            0          "Boots Of Natalino [F]"              120     71        0           100          250        66            0              0           0             0               1      1       1       1       1       1       1       1
145      6      0       2       2        1            1            0          "Boots Of Marinheiro [M]"            3       221       0           100          380        31            28             148         0             0               1      1       1       1       1       1       1       1
146      6      0       2       2        1            1            0          "Boots Of Marinheiro [F]"            3       221       0           100          380        31            28             148         0             0               1      1       1       1       1       1       1       1
147      6      0       2       2        1            1            0          "Boots Of Holy v2 [M]"               3       221       0           100          380        31            28             148         0             0               1      1       1       1       1       1       1       1
148      6      0       2       2        1            1            0          "Boots Of Holy v2 [F]"               3       221       0           100          380        31            28             148         0             0               1      1       1       1       1       1       1       1
149      6      0       2       2        1            1            0          "Boots Rei Do PvP"                   3       221       0           100          380        31            28             148         0             0               1      1       1       1       1       1       1       1
150      6      0       2       2        1            1            0          "Boots Of Snow [RL]"                 120     135       0           100          300        137           39             0           0             0               1      1       1       1       1       1       1       1
151      6      0       2       2        1            1            0          "Boots Of Gold [RL]"                 120     116       0           100          300        36            12             0           0             0               1      1       1       1       1       1       1       1
152      6      0       2       2        1            1            0          "Boots Of Gold 2.0"                  120     125       0           100          300        32            70             0           0             0               1      1       1       1       1       1       1       1
153      6      0       2       2        1            1            0          "Boots Of Elf"                       120     113       0           100          300        32            5              0           0             0               1      1       1       1       1       1       1       1
154      6      0       2       2        1            1            0          "Boots Of Dialmond [RL]"             120     135       0           100          300        124           50             0           0             0               1      1       1       1       1       1       1       1
155      6      0       2       2        1            1            0          "Boots Blood Vampire"                120     118       0           100          300        53            14             0           0             0               1      1       1       1       1       1       1       1
156      6      0       2       2        1            1            0          "Boots Of Steel 2.0 [M]"             120     121       0           100          300        66            0              0           0             0               1      1       1       1       1       1       1       1
158      6      0       2       2        1            1            0          "Bloodangel Elf Boots (B)"           150     23        0           100          200        13            25             149         0             0               1      1       1       1       1       1       1       1
159      6      0       2       2        1            1            0          "Darkangel Elf Boots (B)"            150     36        0           100          250        13            25             149         0             0               1      1       1       1       1       1       1       1
160      6      0       2       2        1            1            0          "Holyangel Elf Boots (B)"            150     55        0           100          300        13            25             149         0             0               1      1       1       1       1       1       1       1
161      6      0       2       2        1            1            0          "Bloodangel Magic Boots (B)"         150     55        0           100          200        31            28             148         0             0               1      1       1       1       1       1       1       1
162      6      0       2       2        1            1            0          "Darkangel Magic Boots (B)"          150     80        0           100          250        31            28             148         0             0               1      1       1       1       1       1       1       1
163      6      0       2       2        1            1            0          "Holyangel Magic Boots (B)"          150     130       0           100          300        31            28             148         0             0               1      1       1       1       1       1       1       1
164      6      0       2       2        1            1            0          "Boots Of Steel 2.0 [F]"             130     227       0           100          380        137           39             0           0             0               1      1       1       1       1       1       1       1
165      6      0       2       2        1            1            0          "Boots Of Horus [M]"                 130     209       0           100          380        36            12             0           0             0               1      1       1       1       1       1       1       1
166      6      0       2       2        1            1            0          "Boots Of Isis [F]"                  130     217       0           100          380        32            70             0           0             0               1      1       1       1       1       1       1       1
167      6      0       2       2        1            1            0          "Boots Of Zeus"                      130     206       0           100          380        32            5              0           0             0               1      1       1       1       1       1       1       1
168      6      0       2       2        1            1            0          "Boots Of Holy [M]"                  130     225       0           100          380        124           50             0           0             0               1      1       1       1       1       1       1       1
169      6      0       2       2        1            1            0          "Boots Of Holy [F]"                  130     207       0           100          380        53            14             0           0             0               1      1       1       1       1       1       1       1
170      6      0       2       2        1            1            0          "Boots Light Hawk [M]"               130     211       0           100          380        66            0              0           0             0               1      1       1       1       1       1       1       1
171      6      0       2       2        1            1            0          "Boots Light Hawk [F]"               130     211       0           100          380        66            0              0           0             0               1      1       1       1       1       1       1       1
172      6      0       2       2        1            1            0          "Blue Eye Elf Boots (B)"             130     141       0           100          380        13            25             149         0             0               1      1       1       1       1       1       1       1
173      6      0       2       2        1            1            0          "Boots GrandSoul Rosa"               130     221       0           100          380        31            28             148         0             0               1      1       1       1       1       1       1       1
174      6      0       2       2        1            1            0          "Boots Of BloodRed-2022 [F]"         12      141       0           100          380        13            25             149         0             0               1      1       1       1       1       1       1       1
175      6      0       2       2        1            1            0          "Boots Of Blue White [F]"            12      221       0           100          380        31            28             148         0             0               1      1       1       1       1       1       1       1
176      6      0       2       2        1            1            0          "Boots Of Black Gold [M]"            3       221       0           100          380        31            28             148         0             0               1      1       1       1       1       1       1       1
177      6      0       2       2        1            1            0          "Boots Red Fire [M]"                 3       221       0           100          380        31            28             148         0             0               1      1       1       1       1       1       1       1
178      6      0       2       2        1            1            0          "Boots Ligh Blue [M]"                3       221       0           100          380        31            28             148         0             0               1      1       1       1       1       1       1       1
179      6      0       2       2        1            1            0          "Boots Of Black Gold [F]"            3       221       0           100          380        31            28             148         0             0               1      1       1       1       1       1       1       1
180      6      0       2       2        1            1            0          "Boots Red Fire [F]"                 3       221       0           100          380        31            28             148         0             0               1      1       1       1       1       1       1       1
181      6      0       2       2        1            1            0          "Boots Ligh Blue [F]"                3       221       0           100          380        31            28             148         0             0               1      1       1       1       1       1       1       1
182      6      0       2       2        1            1            0          "Boots Of Rabbit Lunar[RL]"          3       221       0           100          380        31            28             148         0             0               1      1       1       1       1       1       1       1
183      6      0       2       2        1            1            0          "Boots BlackRabbit Lunar"            3       221       0           100          380        31            28             148         0             0               1      1       1       1       1       1       1       1
184      6      0       2       2        1            1            0          "Boots Of War 2.0 [M][RL]"           3       221       0           100          380        31            28             148         0             0               1      1       1       1       1       1       1       1
185      6      0       2       2        1            1            0          "Boots Of War 2.0 [F][RL]"           3       221       0           100          380        31            28             148         0             0               1      1       1       1       1       1       1       1
186      6      0       2       2        1            1            0          "Boots Of Abaddon [M]"               3       221       0           100          380        31            28             148         0             0               1      1       1       1       1       1       1       1
187      6      0       2       2        1            1            0          "Boots Of Abaddon [F]"               3       221       0           100          380        31            28             148         0             0               1      1       1       1       1       1       1       1
189      6      0       2       2        1            1            0          "Boots Of Zeus 1.0 [M]"              130     272       0           100          380        137           39             0           0             0               1      1       1       1       1       1       1       1
190      6      0       2       2        1            1            0          "Boots Of Zeus 1.0 [F]"              130     254       0           100          380        36            12             0           0             0               1      1       1       1       1       1       1       1
191      6      0       2       2        1            1            0          "Boots Fire King 2.0 [M]"            130     262       0           100          380        32            70             0           0             0               1      1       1       1       1       1       1       1
192      6      0       2       2        1            1            0          "Boots Fire King 2.0 [F]"            130     251       0           100          380        32            5              0           0             0               1      1       1       1       1       1       1       1
193      6      0       2       2        1            1            0          "Boots Fire Green [M]"               130     270       0           100          380        124           50             0           0             0               1      1       1       1       1       1       1       1
194      6      0       2       2        1            1            0          "Boots Fire Green [F]"               130     252       0           100          380        53            14             0           0             0               1      1       1       1       1       1       1       1
195      6      0       2       2        1            1            0          "Boots Of Fantasy"                   12      253       0           100          380        66            0              0           0             0               1      1       1       1       1       1       1       1
196      6      0       2       2        1            1            0          "Boots Of BloodRed-2022 [M]"         12      253       0           100          380        66            0              0           0             0               1      1       1       1       1       1       1       1
197      6      0       2       2        1            1            0          "Boots Fire Green [F]"               130     186       0           100          380        13            25             149         0             0               1      1       1       1       1       1       1       1
198      6      0       2       2        1            1            0          "Boots Of Blue White [M]"            12      253       0           100          380        66            0              0           0             0               1      1       1       1       1       1       1       1
199	 6	0	2	2	 1	      1	           0	      "Boots Of Saron [M]"	           12	   253	     0	         90	      380	 170	       60	      0	          0	        0	        1      1       1       1       1       1       1       1
200      6	0	2	2	 1	      1	           0	      "Boots Of Saron [F]"		   12	   253	     0	         90	      380	 170	       60	      0	          0	        0	        1      1       1       1       1       1       1       1
201      6	0	2	2	 1	      1	           0	      "Boots Of Green V2 [M]"		   12	   253	     0	         90	      380	 170	       60	      0	          0	        0	        1      1       1       1       1       1       1       1            
202      6	0	2	2	 1	      1	           0	      "Boots Of Green V2 [F]"		   12	   253	     0	         90	      380	 170	       60	      0	          0	        0	        1      1       1       1       1       1       1       1
203      6	0	2	2	 1	      1	           0	      "Boots Of Armageddon [RL]"	   12	   253	     0	         90	      380	 170	       60	      0	          0	        0	        1      1       1       1       1       1       1       1            
204      6	0	2	2	 1	      1	           0	      "Boots Of New 2022"		   9	   253	     0	         90	      380	 170	       60	      0	          0	        0	        1      1       1       1       1       1       1       1
end

//=================================
//  //Categoria //Wings # Capa
//=================================
12
// [01]  [02]   [03]    [04]    [05]     [06]         [07]         [08]       [NOME]                               [09]    [10]      [11]        [12]         [13]       [14]          [15]           [16]            [17]      [SM]    [BK]    [ELF]   [MG]    [DL]    [SU]    [RF]
//Type   Slot   Skill   Width   Height   HaveSerial   HaveOption   DropItem   Name                                 Level   Defense   Durability   ReqLevel   ReqEnergy   ReqStrength   ReqDexterity   ReqLeadership   BuyMoney   DW      DK      FE      MG      DL      SU      RF
0        7      0       3       2        1            0            0          "Wings of Elf"                       180     10        200          180        0           0             0              0               0          0       0       1       0       0       0       0
1        7      0       5       3        1            0            0          "Wings of Heaven"                    180     10        200          180        0           0             0              0               0          1       0       0       1       0       0       0
2        7      0       5       2        1            1            0          "Wings of Satan"                     180     20        200          180        0           0             0              0               0          0       1       0       1       0       0       0
3        7      0       5       3        1            1            0          "Wings of Spirits"                   220     30        200          215        0           0             0              0               0          0       0       2       0       0       0       0
4        7      0       5       3        1            1            0          "Wings of Soul"                      220     30        200          215        0           0             0              0               0          2       0       0       0       0       0       0
5        7      0       3       3        1            1            0          "Wings of Dragon"                    220     45        200          215        0           0             0              0               0          0       2       0       0       0       0       0
6        7      0       4       2        1            1            0          "Wings of Darkness"                  220     40        200          215        0           0             0              0               0          0       0       0       1       0       0       0
7        *      0       1       1        1            0            1          "Orb of Twisting Slash"              47      0         0            80         0           0             0              0               29000      0       1       0       1       0       0       0
8        *      0       1       1        1            0            1          "Healing Orb"                        8       0         0            0          100         0             0              0               800        0       0       1       0       0       0       0
9        *      0       1       1        1            0            1          "Orb of Greater Fortitude"           13      0         0            0          100         0             0              0               3000       0       0       1       0       0       0       0
10       *      0       1       1        1            0            1          "Orb of Greater Damage"              18      0         0            0          100         0             0              0               7000       0       0       1       0       0       0       0
11       *      0       1       1        1            0            1          "Orb of Summoning"                   3       0         0            0          0           0             0              0               150        0       0       1       0       0       0       0
12       *      0       1       1        1            0            1          "Orb of Rageful Blow"                78      0         0            170        0           0             0              0               150000     0       2       0       0       0       0       0
13       *      0       1       1        1            0            1          "Orb of Impale"                      20      0         0            28         0           0             0              0               10000      0       1       0       1       0       0       0
14       *      0       1       1        1            0            1          "Orb of Swell Life"           	   60      0         0            120        0           0             0              0               43000      0       1       0       0       0       0       0
15       *      0       1       1        1            0            0          "Jewel of Chaos"                     12      0         0            0          0           0             0              0               0          1       1       1       1       1       0       1
16       *      0       1       1        1            0            1          "Orb of Fire Slash"                  60      0         0            0          0           320           0              0               51000      0       0       0       1       0       0       0
17       *      0       1       1        1            0            1          "Orb of Penetration"                 64      0         0            130        0           0             0              0               72000      0       0       1       0       0       0       0
18       *      0       1       1        1            0            1          "Orb of Ice Arrow"                   81      0         0            0          0           0             258            0               195000     0       0       2       0       0       0       0
19       *      0       1       1        1            0            1          "Orb of Death Stab"                  72      0         0            160        0           0             0              0               85000      0       2       0       0       0       0       0
21       *      0       1       2        1            0            1          "Scroll of FireBurst"                74      0         0            0          20          0             0              0               115000     0       0       0       0       1       0       0
22       *      0       1       2        1            0            1          "Scroll of Summon"                   98      0         0            0          34          0             0              400             375000     0       0       0       0       1       0       0
23       *      0       1       2        1            0            1          "Scroll of Critical Damage"          82      0         0            0          25          0             0              300             220000     0       0       0       0       1       0       0
24       *      0       1       2        1            0            1          "Scroll of Electric Spark"           92      0         0            0          29          0             0              340             295000     0       0       0       0       1       0       0
26       *      0       1       1        1            0            0          "Gem of Secret"                      0       0         0            0          0           0             0              0               0          1       1       1       1       1       1       1
30       *      0       1       1        1            0            0          "Bundled Jewel of Bless"             25      0         0            0          0           0             0              0               0          1       1       1       1       1       1       1
31       *      0       1       1        1            0            0          "Bundled Jewel of Soul"              30      0         0            0          0           0             0              0               0          1       1       1       1       1       1       1
32       *      0       1       1        1            0            0          "Box of Red Ribbon"                  0       0         0            0          0           0             0              0               0          1       1       1       1       1       1       1
33       *      0       1       1        1            0            0          "Box of Green Ribbon"                0       0         0            0          0           0             0              0               0          1       1       1       1       1       1       1
34       *      0       1       1        1            0            0          "Box of Blue Ribbon"                 0       0         0            0          0           0             0              0               0          1       1       1       1       1       1       1
35       *      0       1       2        1            0            1          "Scroll of Fire Scream"              102     0         0            0          32          0             0              70              300000     0       0       0       0       1       0       0
36       7      0       4       3        1            1            0          "Wing of Storm"                      400     60        220          400        0           0             0              0               0          2       2       2       1       1       2       1
37       7      0       4       3        1            1            0          "Wing of Eternal"                    400     45        220          400        0           0             0              0               0          2       2       2       1       1       2       1
38       7      0       4       3        1            1            0          "Wing of Illusion"                   400     45        220          400        0           0             0              0               0          2       2       2       1       1       2       1
39       7      0       4       3        1            1            0          "Wing of Ruin"                       400     55        220          400        0           0             0              0               0          2       2       2       1       1       2       1
40       7      0       4       3        1            1            0          "Cape of Emperor"                    400     45        220          400        0           0             0              0               0          2       2       2       1       1       2       1
41       7      0       4       2        1            0            0          "Wing of Curse"                      180     10        200          180        0           0             0              0               0          2       2       2       1       1       2       1
42       7      0       4       3        1            1            0          "Wind of Despair"                    220     30        200          215        0           0             0              0               0          2       2       2       1       1       2       1
43       7      0       4       3        1            1            0          "Wing of Dimension"                  400     45        220          400        0           0             0              0               0          2       2       2       1       1       2       1
44       *      0       1       1        1            0            1          "Crystal of Destruction"             100     0         0            220        0           0             0              0               380000     2       2       2       1       1       2       1
45       *      0       1       1        1            0            1          "Crystal of Multi-Shot"              100     0         0            220        0           0             0              0               380000     2       2       2       1       1       2       1
46       *      0       1       1        1            0            1          "Crystal of Recovery"                100     0         0            220        37          0             0              0               250000     2       2       2       1       1       2       1
47       *      0       1       1        1            0            1          "Crystal of Flame Strike"            100     0         0            220        0           0             0              0               380000     2       2       2       1       1       2       1
48       *      0       1       2        1            0            1          "Scroll of Chaotic Diseier"          100     0         0            220        16          0             0              0               380000     2       2       2       1       1       2       1
49       7      0       2       3        1            1            0          "Cloak of Warrior"                   180     20        200          180        0           0             0              0               0          0       0       0       0       0       0       1
50       7      0       2       3        1            1            0          "Lord of the Cape"                   150     45        220          400        0           0             0              0               0          0       0       0       0       0       0       3
60	 7	0	4	3	 1	      1	           0	      "Seds Red"		           1	   254	     220	  300	     0	         0	       0	      0	              0	         2       2       2       1       1       2       1
61	 7	0	2	3	 1	      1	           0	      "Seds Blue"		           1	   254	     220	  300	     0	         0	       0	      0	              0	         2       2       2       1       1       2       1
130      7      0       2       2        1            0            0          "Small Cape of Lord"                 1       0         200          1          0           0             0              0               0          0       0       0       0       1       0       0
131      7      0       3       2        1            0            0          "Small Wing of Curse"                1       10        200          1          0           0             0              0               0          0       0       0       0       0       1       0
132      7      0       3       2        1            0            0          "Small Wings of Elf"                 1       10        200          1          0           0             0              0               0          0       0       1       0       0       0       0
133      7      0       3       2        1            0            0          "Small Wings of Heaven"              1       10        200          1          0           0             0              0               0          1       0       0       1       0       0       0
134      7      0       3       2        1            0            0          "Small Wings of Satan"               1       20        200          1          0           0             0              0               0          0       1       0       1       0       0       0
135      7      0       2       2        1            0            0          "Small Cloak of Warrior"             1       15        200          0          0           0             0              0               0          0       0       0       0       0       0       1
136      *      0       1       1        1            0            0          "Bundled Jewel of Life"              72      0         0            0          0           0             0              0               0          1       1       1       1       1       1       1
137      *      0       1       1        1            0            0          "Bundled Jewel of Creation"          78      0         0            0          0           0             0              0               0          1       1       1       1       1       1       1
138      *      0       1       1        1            0            0          "Bundled Jewel of Guardian"          0       0         0            0          0           0             0              0               0          1       1       1       1       1       1       1
139      *      0       1       1        1            0            0          "Bundled Gemstone"                   0       0         0            0          0           0             0              0               0          1       1       1       1       1       1       1
140      *      0       1       1        1            0            0          "Bundled Jewel of Harmony"           25      0         0            0          0           0             0              0               0          1       1       1       1       1       1       1
141      *      0       1       1        1            0            0          "Bundled Jewel of Chaos"             12      0         0            0          0           0             0              0               0          1       1       1       1       1       1       1
142      *      0       1       1        1            0            0          "Bundled Lower Refining Stone"       25      0         0            0          0           0             0              0               0          1       1       1       1       1       1       1
143      *      0       1       1        1            0            0          "Bundled Higer Refining Stone"       25      0         0            0          0           0             0              0               0          1       1       1       1       1       1       1
144      7      0       4       3        1            1            0          "Wings Of DarkRaven"                 150     200       220          1          0           0             0              0               0          1       1       1       1       1       1       1
145      7      0       4       3        1            1            0          "Capa Of DarkRaven"                  150     200       220          1          0           0             0              0               0          1       1       1       1       1       1       1
146      7      0       4       3        1            1            0          "Wings Of War Ed.Cup"                150     200       220          1          0           0             0              0               0          2       2       2       1       1       2       1
147      7      0       4       3        1            1            0          "Wings Of Cup Skin"                  150     200       220          1          0           0             0              0               0          2       2       2       1       1       2       1
148      7      0       4       3        1            1            0          "Capa Of War [RL]"                   150     200       220          1          0           0             0              0               0          1       1       1       1       1       1       1
149      7      0       4       3        1            1            0          "Wings Of War [RL]"                  150     200       220          1          0           0             0              0               0          1       1       1       1       1       1       1
150      7      0       4       3        1            1            0          "Wings Of DarkRaven"                 150     46        210          290        0           0             0              0               0          2       2       2       1       1       2       1
151      7      0       4       3        1            1            0          "Wings Of War 2.0 [RL]"              150     37        210          290        0           0             0              0               0          2       2       2       1       1       2       1
152      7      0       4       3        1            1            0          "Capa Of War 2.0 [RL]"               150     37        210          290        0           0             0              0               0          2       2       2       1       1       2       1
153      7      0       4       3        1            1            0          "Wings Of Abaddon"                   150     200       220          1          0           0             0              0               0          2       2       2       1       1       2       1
154      7      0       4	3        1            1            0          "Wings Of Angel and Devil"           350     100       220          350        0           0             0              0               0          2       2       2       1       1       2       1
155      7      0       4	3        1            1            0          "Capa Of Abaddon"                    150     27        210          290        0           0             0              0               0          2       2       2       1       1       2       1
156      7      0       4       3        1            1            0          "Wings Of Black Gold"                150     45        220          400        0           0             0              0               0          2       2       2       1       1       2       1
157      7      0       4       3        1            1            0          "Capa Of Black Gold"                 150     60        220          400        0           0             0              0               0          2       2       2       1       1       2       1
158      7      0       4       3        1            1            0          "Wings Red Fire"                     150     45        220          400        0           0             0              0               0          2       2       2       1       1       2       1
159      7      0       4       3        1            1            0          "Capa Red Fire"                      150     55        220          400        0           0             0              0               0          2       2       2       1       1       2       1
160      7      0       4	3        1            1            0          "Capa Ligh Blue"                     150     45        220          400        0           0             0              0               0          2       2       2       1       1       2       1
161      7      0       4       3        1            1            0          "Wings Ligh Blue"                    150     45        220          400        0           0             0              0               0          2       2       2       1       1       2       1
162      7      0       4	3        1            1            0          "Wings Of Rabbit Lunar [RL]"         150     45        220          1	     0           0             0              0               0          2       2       2       1       1       2       1
163      7      0       4	3        1            1            0          "Capa Of Armageddon [RL]"            150     27        210          290        0           0             0              0               0          2       2       2       1       1       2       1
164      7      0       4       3        1            1            0          "Wings Of Armageddon [RL]"           150     200       220          1          0           0             0              0               0          2       2       2       1       1       2       1
165      7      0       4       3        1            1            0          "Wings Of Love 2.0 [RL]"             150     200       220          1          0           0             0              0               0          2       2       2       1       1       2       1
166      7      0       4	3        1            1            0          "Capa Of Apocalipse 2.0"             150     27        210          290        0           0             0              0               0          2       2       2       1       1       2       1
167      7      0       4       3        1            1            0          "Wings Of Apocalipse 2.0"            50      200       220          1          0           0             0              0               0          2       2       2       1       1       2       1
168      7      0       4       3        1            1            0          "Capa Of Natalino"                   50      200       220          1          0           0             0              0               0          2       2       2       1       1       2       1
169      7      0       4       3        1            1            0          "Wings Of Natalino"                  50      200       220          1          0           0             0              0               0          2       2       2       1       1       2       1
170      7      0       4       3        1            1            0          "Wings Of Horus [Ed.Gold]"           50      200       220          1          0           0             0              0               0          2       2       2       1       1       2       1
171      7      0       4       3        1            1            0          "Wings Of Majestick 2.0 [RL]"        50      200       220          1          0           0             0              0               0          2       2       2       1       1       2       1
172      7      0       4	3        1            1            0          "Capa Of Snow [RL]"                  150     27        210          290        0           0             0              0               0          2       2       2       1       1       2       1
173      7      0       4       3        1            1            0          "Wings Of Snow [RL]"                 150     200       220          1          0           0             0              0               0          2       2       2       1       1       2       1
174      7      0       4       3        1            1            0          "Wings Of Gold [RL]"                 150     200       220          1          0           0             0              0               0          2       2       2       1       1       2       1
175      7      0       4       3        1            1            0          "Wings Of Gold 2.0"                  150     200       220          1          0           0             0              0               0          2       2       2       1       1       2       1
176      7      0       4       3        1            1            0          "Capa Of Gold 2.0"                   150     200       220          1          0           0             0              0               0          2       2       2       1       1       2       1
177      7      0       4       3        1            1            0          "Wings Blood Vampire"                150     200       220          1          0           0             0              0               0          2       2       2       1       1       2       1
178      7      0       4       3        1            1            0          "Capa Blood Vampire"                 150     200       220          1          0           0             0              0               0          2       2       2       1       1       2       1
179      7      0       4       3        1            1            0          "Wings Of Steel 2.0"                 150     200       220          1          0           0             0              0               0          2       2       2       1       1       2       1
180      7      0       4       3        1            1            0          "Capa Of Steel 2.0"                  150     200       220          1          0           0             0              0               0          2       2       2       1       1       2       1
181      7      0       4       3        1            1            0          "Wings Of Horus"                     150     200       220          1          0           0             0              0               0          2       2       2       1       1       2       1
182      7      0       4       3        1            1            0          "Capa Of Horus"                      150     200       220          1          0           0             0              0               0          2       2       2       1       1       2       1
183      7      0       4       3        1            1            0          "Wings Of Zeus"                      150     200       220          1          0           0             0              0               0          2       2       2       1       1       2       1
184      7      0       4       3        1            1            0          "Capa Of Zeus"                       150     200       220          1          0           0             0              0               0          2       2       2       1       1       2       1
185      7      0       4       3        1            1            0          "Wings Of Holy"                      150     200       220          1          0           0             0              0               0          2       2       2       1       1       2       1
186      7      0       4       3        1            1            0          "Capa Of Holy"                       150     200       220          1          0           0             0              0               0          2       2       2       1       1       2       1
187      7      0       4       3        1            1            0          "Capa Dark Pirate"                   150     200       220          1          0           0             0              0               0          2       2       2       1       1       2       1
188      7      0       4       3        1            1            0          "Wings Of New 2022"                  150     200       220          1          0           0             0              0               0          2       2       2       1       1       2       1
189      7      0       4       3        1            1            0          "Wings Fire King 2.0"                150     200       220          1          0           0             0              0               0          2       2       2       1       1       2       1
190      7      0       4       3        1            1            0          "Capa Fire King 2.0"                 150     200       220          1          0           0             0              0               0          2       2       2       1       1       2       1
191      7      0       4       3        1            1            0          "Wings Fire Green"                   150     200       220          1          0           0             0              0               0          2       2       2       1       1       2       1
192      7      0       4       3        1            1            0          "Capa Fire Green"                    150     200       220          1          0           0             0              0               0          2       2       2       1       1       2       1
193      7      0       4       3        1            1            0          "Wings Of Fantasy"                   150     200       220          1          0           0             0              0               0          2       2       2       1       1       2       1
194      7      0       4       3        1            1            0          "Capa Of Fantasy"                    150     200       220          1          0           0             0              0               0          2       2       2       1       1       2       1
195      7      0       4       3        1            1            0          "Wings Of Marinheiro"                150     200       220          1          0           0             0              0               0          2       2       2       1       1       2       1
196      7      0       4       3        1            1            0          "Capa Of Marinheiro"                 150     200       220          1          0           0             0              0               0          2       2       2       1       1       2       1
197      7      0       4       3        1            1            0          "Wings Of Holy v2"                   150     200       220          1          0           0             0              0               0          2       2       2       1       1       2       1
198      7      0       4       3        1            1            0          "Capa Of Holy v2"                    150     200       220          1          0           0             0              0               0          2       2       2       1       1       2       1
199      7      0       4       3        1            1            0          "Wings Rei Do PvP"                   150     200       220          1          0           0             0              0               0          2       2       2       1       1       2       1
200      7      0       4	3        1            1            0          "Capa Of Blue White"                 150     45        220          1	     0           0             0              0               0          2       2       2       1       1       2       1
201      7      0       4	3        1            1            0          "Capa White Angels"              	   150     45        220          1	     0           0             0              0               0          2       2       2       1       1       2       1
235      7      0       4	3        1            1            0          "Wings Light Hawk"                   150     45        220          1	     0           0             0              0               0          2       2       2       1       1       2       1
236      7      0       4	3        1            1            0          "Capa Light Hawk"              	   150     45        220          1	     0           0             0              0               0          2       2       2       1       1       2       1
237      7      0       4	3        1            1            0          "Wings Of BloodRed-2022"             150     45        220          1	     0           0             0              0               0          2       2       2       1       1       2       1
238      7      0       4	3        1            1            0          "Capa Of BloodRed-2022"              150     45        220          1	     0           0             0              0               0          2       2       2       1       1       2       1
239      7      0       4	3        1            1            0          "Wings GrandSoul Rosa"               150     45        220          1	     0           0             0              0               0          2       2       2       1       1       2       1
240      7      0       4	3        1            1            0          "Wings Of Blue White"                150     45        220          1	     0           0             0              0               0          2       2       2       1       1       2       1
241      7      0       4	3        1            1            0          "Capa Of Saron"                      150     27        210          290        0           0             0              0               0          2       2       2       1       1       2       1
242      7      0       4       3        1            1            0          "Wings Of Saron"                     150     200       220          1          0           0             0              0               0          2       2       2       1       1       2       1
243	 7	0	4	3	 1	      1	           0	      "Wings Of Green V2 "		   150	   254	     220	  300	     0	         0	       0	      0	              0	         2       2       2       1       1       2       1
244	 7	0	4	3	 1	      1	           0	      "Capa Of Green V2"		   150	   254	     220	  300	     0	         0	       0	      0	              0	         2       2       2       1       1       2       1
265	 7	0	4	3	 1	      1	           0	      "Capa Of Green V2"		   150	   254	     220	  300	     0	         0	       0	      0	              0	         2       2       2       1       1       2       1
295      7      0       4       3        1            1            0          "Wings Of Zeus 1.0"                  150     200       220          1          0           0             0              0               0          2       2       2       1       1       2       1
296      7      0       4       3        1            1            0          "Capa Of Zeus 1.0"                   150     200       220          1          0           0             0              0               0          2       2       2       1       1       2       1
end

//=================================
//  //Categoria //Pets # 
//=================================
13
// [01]  [02]   [03]    [04]    [05]     [06]         [07]         [08]       [NOME]                               [09]    [10]      [11]        [12]         [13]       [14]          [15]           [16]            [17]      [SM]    [BK]    [ELF]   [MG]    [DL]    [SU]    [RF]
//Type   Slot   Skill   Width   Height   HaveSerial   HaveOption   DropItem   Name                                 Level   Durability   Resistance1   Resistance2   Resistance3   Resistance4   Resistance5   Resistance6   Resistance7   None   DW      DK      FE      MG      DL      SU      RF
0        8      0       1       1        1            0            0          "Guardian Angel"                     23      255          0             0             0             0             0             0             0             0      1       1       1       1       1       1       1
1        8      0       1       1        1            0            0          "Imp"                                28      255          0             0             0             0             0             0             0             0      1       1       1       1       1       1       1
2        8      0       1       1        1            0            0          "Horn of Uniria"                     25      255          0             0             0             0             0             0             0             0      1       1       1       1       1       1       1
3        8      49      1       1        1            0            0          "Horn of Dinorant"                   110     255          0             0             0             0             0             0             0             0      1       1       1       1       1       1       1
4        8      62      1       1        1            0            0          "Dark Horse"                         218     255          0             0             0             0             0             0             0             0      0       0       0       0       1       0       0
5        1      0       1       1        1            0            0          "Dark Raven"                         0       255          0             0             0             0             0             0             0             0      0       0       0       0       1       0       0
7        *      0       1       1        1            0            0          "Contract (Summon)"                  0       255          0             0             0             0             0             0             0             0      1       1       1       1       1       1       1
8        10     0       1       1        1            1            1          "Ring of Ice"                        20      50           1             0             0             0             0             0             0             0      1       1       1       1       1       1       1
9        10     0       1       1        1            1            1          "Ring of Poison"                     17      50           0             1             0             0             0             0             0             0      1       1       1       1       1       1       1
10       10     0       1       1        1            0            0          "Transformation Ring"                0       200          0             0             0             0             0             0             0             0      1       1       1       1       1       1       1
11       *      0       1       1        1            0            0          "Order (Guardian/Life Stone)"        0       255          0             0             0             0             0             0             0             0      1       1       1       1       1       1       1
12       9      0       1       1        1            1            1          "Pendant of Lighting"                21      50           0             0             1             0             0             0             0             0      1       1       1       1       1       1       1
13       9      0       1       1        1            1            1          "Pendant of Fire"                    13      50           0             0             0             1             0             0             0             0      1       1       1       1       1       1       1
14       *      0       1       2        1            0            0          "Loch's Feather"                     78      0            0             0             0             0             0             0             0             0      1       1       1       1       1       1       1
15       *      0       1       1        1            0            0          "Fruits"                             0       0            0             0             0             0             0             0             0             0      1       1       1       1       1       1       1
16       *      0       1       2        1            0            0          "Scroll of Archangel"                0       128          0             0             0             0             0             0             0             0      1       1       1       1       1       1       1
17       *      0       1       2        1            0            0          "Blood Bone"                         0       128          0             0             0             0             0             0             0             0      1       1       1       1       1       1       1
18       *      0       2       2        1            0            0          "Invisibility Cloak"                 0       255          0             0             0             0             0             0             0             0      1       1       1       1       1       1       1
19       *      0       1       2        1            0            0          "Absolute Weapon of Archangel"       0       255          0             0             0             0             0             0             0             0      1       1       1       1       1       1       1
20       10     0       1       1        1            0            0          "Wizards Ring"                       0       30           0             0             0             0             0             0             0             0      1       1       1       1       1       1       1
21       10     0       1       1        1            1            1          "Ring of Fire"                       30      50           0             0             0             1             0             0             0             0      1       1       1       1       1       1       1
22       10     0       1       1        1            1            1          "Ring of Earth"                      38      50           0             0             0             0             1             0             0             0      1       1       1       1       1       1       1
23       10     0       1       1        1            1            1          "Ring of Wind"                       44      50           0             0             0             0             0             1             0             0      1       1       1       1       1       1       1
24       10     0       1       1        1            1            1          "Ring of Magic"                      47      50           0             0             0             0             0             0             0             0      1       1       1       1       1       1       1
25       9      0       1       1        1            1            1          "Pendant of Ice"                     34      50           1             0             0             0             0             0             0             0      1       1       1       1       1       1       1
26       9      0       1       1        1            1            1          "Pendant of Wind"                    42      50           0             0             0             0             0             1             0             0      1       1       1       1       1       1       1
27       9      0       1       1        1            1            1          "Pendant of Water"                   46      50           0             0             0             0             0             0             1             0      1       1       1       1       1       1       1
28       9      0       1       1        1            1            1          "Pendant of Ability"                 50      50           0             0             0             0             0             0             0             0      1       1       1       1       1       1       1
29       *      0       2       2        1            0            0          "Armor of Guardsman"                 0       0            0             0             0             0             0             0             0             0      1       1       1       1       1       1       1
30       7      0       2       3        1            0            0          "Cape of Lord"                       180     200          0             0             0             0             0             0             0             0      0       0       0       0       1       0       0
31       *      0       1       1        1            0            0          "Spirit"                             0       0            0             0             0             0             0             0             0             0      0       0       0       0       1       0       0
32       *      0       1       1        1            0            0          "Splinter of Armor"                  0       1            0             0             0             0             0             0             0             0      1       1       1       1       1       1       1
33       *      0       1       1        1            0            0          "Bless of Guardian"                  0       1            0             0             0             0             0             0             0             0      1       1       1       1       1       1       1
34       *      0       1       1        1            0            0          "Claw of Beast"                      0       1            0             0             0             0             0             0             0             0      1       1       1       1       1       1       1
35       *      0       1       1        1            0            0          "Fragment of Horn"                   0       1            0             0             0             0             0             0             0             0      1       1       1       1       1       1       1
36       *      0       2       2        1            0            0          "Broken Horn"                        0       1            0             0             0             0             0             0             0             0      1       1       1       1       1       1       1
37       8      0       2       2        1            0            0          "Horn of Fenrir"                     300     255          0             0             0             0             0             0             0             0      2       2       2       1       1       2       1
38       10     0       1       1        1            0            0          "Moonstone Pendant"                  21      120          0             0             0             0             0             0             0             0      1       1       1       1       1       1       1
39       10     0       1       1        1            0            0          "Eilte Transfer Skeleton Ring"       10      255          0             0             0             0             0             0             0             0      1       1       1       1       1       1       1
40       10     0       1       1        1            0            0          "Jack Olantern Ring"                 10      100          0             0             0             0             0             0             0             0      1       1       1       1       1       1       1
41       10     0       1       1        1            0            0          "Transfer Christmas Ring"            1       100          0             0             0             0             0             0             0             0      1       1       1       1       1       1       1
42       10     0       1       1        1            0            0          "Ring of GM"                         0       255          255           255           255           255           255           255           255           0      1       1       1       1       1       1       1
43       10     0       1       1        1            0            0          "Seal of Ascension"                  0       0            0             0             0             0             0             0             0             0      1       1       1       1       1       1       1
44       10     0       1       1        1            0            0          "Seal of Wealth"                     0       0            0             0             0             0             0             0             0             0      1       1       1       1       1       1       1
45       10     0       1       1        1            0            0          "Seal of Sustenance"                 0       0            0             0             0             0             0             0             0             0      1       1       1       1       1       1       1
46       *      0       1       1        1            0            0          "Devil Square Ticket"                0       10           0             0             0             0             0             0             0             0      1       1       1       1       1       1       1
47       *      0       1       1        1            0            0          "Blood Castle Ticket"                0       10           0             0             0             0             0             0             0             0      1       1       1       1       1       1       1
48       *      0       1       1        1            0            0          "Kalima Ticket"                      0       10           0             0             0             0             0             0             0             0      1       1       1       1       1       1       1
49       *      0       1       1        1            0            0          "Old Scroll"                         0       0            0             0             0             0             0             0             0             0      1       1       1       1       1       1       1
50       *      0       1       2        1            0            0          "Illusion Sorcerer Covenant"         0       0            0             0             0             0             0             0             0             0      1       1       1       1       1       1       1
51       *      0       2       2        1            0            0          "Scroll of Blood"                    0       1            0             0             0             0             0             0             0             0      1       1       1       1       1       1       1
52       *      0       1       2        1            0            0          "Condor Flame"                       0       0            0             0             0             0             0             0             0             0      1       1       1       1       1       1       1
53       *      0       1       2        1            0            0          "Condor Feather"                     0       0            0             0             0             0             0             0             0             0      1       1       1       1       1       1       1
54       *      0       1       1        1            0            0          "Reset Fruit Strength"               0       0            0             0             0             0             0             0             0             0      1       1       1       1       1       1       1
55       *      0       1       1        1            0            0          "Reset Fruit Quickness"              0       100          0             0             0             0             0             0             0             0      1       1       1       1       1       1       1
56       *      0       1       1        1            0            0          "Reset Fruit Health"                 0       100          0             0             0             0             0             0             0             0      1       1       1       1       1       1       1
57       *      0       1       1        1            0            0          "Reset Fruit Energy"                 0       100          0             0             0             0             0             0             0             0      1       1       1       1       1       1       1
58       *      0       1       1        1            0            0          "Reset Fruit Control"                0       100          0             0             0             0             0             0             0             0      1       1       1       1       1       1       1
59       *      0       1       1        1            0            0          "Seal of Mobility"                   0       0            0             0             0             0             0             0             0             0      1       1       1       1       1       1       1
60       *      0       1       2        1            0            0          "Indulgence"                         0       0            0             0             0             0             0             0             0             0      1       1       1       1       1       1       1
61       *      0       1       1        1            0            0          "Illusion Temple Ticket"             0       10           0             0             0             0             0             0             0             0      1       1       1       1       1       1       1
62       *      0       1       1        1            0            0          "Seal of Healing"                    0       0            0             0             0             0             0             0             0             0      1       1       1       1       1       1       1
63       *      0       1       1        1            0            0          "Seal of Divinity"                   0       0            0             0             0             0             0             0             0             0      1       1       1       1       1       1       1
64       8      0       1       1        1            0            0          "Demon"                              28      255          0             0             0             0             0             0             0             0      1       1       1       1       1       1       1
65       8      0       1       1        1            0            0          "Spirit of Guardian"                 28      255          0             0             0             0             0             0             0             0      1       1       1       1       1       1       1
66       *      0       1       1        1            0            0          "Invitation to Santa Village"        0       10           0             0             0             0             0             0             0             0      1       1       1       1       1       1       1
67       8      0       1       1        1            0            0          "Pet Rudolf"                         28      255          0             0             0             0             0             0             0             0      1       1       1       1       1       1       1
68       10     0       1       1        1            0            0          "Snowman Transformation Ring"        10      100          0             0             0             0             0             0             0             0      1       1       1       1       1       1       1
69       *      0       1       1        1            0            0          "Talisman of Resurrection"           0       0            0             0             0             0             0             0             0             0      1       1       1       1       1       1       1
70       *      0       1       1        1            0            0          "Talisman of Mobility"               0       2            0             0             0             0             0             0             0             0      1       1       1       1       1       1       1
71       8      0       2       3        1            0            0          "Sword/Mace/Spear"                   0       255          0             0             0             0             0             0             0             0      1       1       1       1       1       1       1
72       8      0       2       3        1            0            0          "Staff"                              0       255          0             0             0             0             0             0             0             0      1       1       1       1       1       1       1
73       8      0       2       3        1            0            0          "Bow/Crossbow"                       0       255          0             0             0             0             0             0             0             0      1       1       1       1       1       1       1
74       8      0       2       3        1            0            0          "Scepter"                            0       255          0             0             0             0             0             0             0             0      1       1       1       1       1       1       1
75       8      0       2       3        1            0            0          "Stick"                              0       255          0             0             0             0             0             0             0             0      1       1       1       1       1       1       1
76       10     0       1       1        1            0            0          "Panda Ring"                         28      255          0             0             0             0             0             0             0             0      1       1       1       1       1       1       1
80       8      0       1       1        1            0            0          "Pet Panda"                          28      255          0             0             0             0             0             0             0             0      1       1       1       1       1       1       1
81       *      0       1       1        1            0            0          "Talisman of Guardian"               0       0            0             0             0             0             0             0             0             0      1       1       1       1       1       1       1
82       *      0       1       1        1            0            0          "Talisman of Item Protection"        0       0            0             0             0             0             0             0             0             0      1       1       1       1       1       1       1
83       *      0       1       1        1            0            0          "Talisman of Wings of Satan"         0       0            0             0             0             0             0             0             0             0      1       1       1       1       1       1       1
84       *      0       1       1        1            0            0          "Talisman of Wings of Heaven"        0       0            0             0             0             0             0             0             0             0      1       1       1       1       1       1       1
85       *      0       1       1        1            0            0          "Talisman of Wings of Elf"           0       0            0             0             0             0             0             0             0             0      1       1       1       1       1       1       1
86       *      0       1       1        1            0            0          "Talisman of Wing of Curse"          0       0            0             0             0             0             0             0             0             0      1       1       1       1       1       1       1
87       *      0       1       1        1            0            0          "Talisman of Cape of Emperor"        0       0            0             0             0             0             0             0             0             0      1       1       1       1       1       1       1
88       *      0       1       1        1            0            0          "Talisman of Wings of Dragon"        0       0            0             0             0             0             0             0             0             0      1       1       1       1       1       1       1
89       *      0       1       1        1            0            0          "Talisman of Wings of Soul"          0       0            0             0             0             0             0             0             0             0      1       1       1       1       1       1       1
90       *      0       1       1        1            0            0          "Talisman of Wings of Spirits"       0       0            0             0             0             0             0             0             0             0      1       1       1       1       1       1       1
91       *      0       1       1        1            0            0          "Talisman of Wing of Despair"        0       0            0             0             0             0             0             0             0             0      1       1       1       1       1       1       1
92       *      0       1       1        1            0            0          "Talisman of Wings of Darkness"      0       0            0             0             0             0             0             0             0             0      1       1       1       1       1       1       1
93       *      0       1       1        1            0            0          "Master Seal of Ascension"           0       0            0             0             0             0             0             0             0             0      1       1       1       1       1       1       1
94       *      0       1       1        1            0            0          "Master Seal of Wealth"              0       0            0             0             0             0             0             0             0             0      1       1       1       1       1       1       1
95       *      0       1       1        1            0            0          "Gladiator's Honor"                  0       255          0             0             0             0             0             0             0             0      1       1       1       1       1       1       1
96       *      0       1       1        1            0            0          "Seal of Strength"                   0       0            0             0             0             0             0             0             0             0      1       1       1       1       1       1       1
103      *      0       1       1        1            0            0          "Party EXP Scroll"                   0       0            0             0             0             0             0             0             0             0      1       1       1       1       1       1       1
104      *      0       1       1        1            0            0          "Max AG Boost Aura"                  0       0            0             0             0             0             0             0             0             0      1       1       1       1       1       1       1
105      *      0       1       1        1            0            0          "Max SD Boost Aura"                  0       0            0             0             0             0             0             0             0             0      1       1       1       1       1       1       1
106      8      0       1       1        1            0            0          "Pet Unicorn"                        28      255          0             0             0             0             0             0             0             0      1       1       1       1       1       1       1
107      10     0       1       1        1            0            0          "Lethal Wizard's Ring"               0       100          0             0             0             0             0             0             0             0      1       1       1       1       1       1       1
109      10     0       1       1        1            0            0          "Sapphire Ring"                      0       50           0             0             0             0             0             0             0             0      1       1       1       1       1       1       1
110      10     0       1       1        1            0            0          "Ruby Ring"                          0       50           0             0             0             0             0             0             0             0      1       1       1       1       1       1       1
111      10     0       1       1        1            0            0          "Topaz Ring"                         0       50           0             0             0             0             0             0             0             0      1       1       1       1       1       1       1
112      10     0       1       1        1            0            0          "Amethyst Ring"                      0       50           0             0             0             0             0             0             0             0      1       1       1       1       1       1       1
113      9      0       1       1        1            0            0          "Ruby Necklace"                      0       50           0             0             0             0             0             0             0             0      1       1       1       1       1       1       1
114      9      0       1       1        1            0            0          "Emerald Necklace"                   0       50           0             0             0             0             0             0             0             0      1       1       1       1       1       1       1
115      9      0       1       1        1            0            0          "Sapphire Necklace"                  0       50           0             0             0             0             0             0             0             0      1       1       1       1       1       1       1
116      10     0       1       1        1            0            0          "Seal of Wealth"                     0       0            0             0             0             0             0             0             0             0      1       1       1       1       1       1       1
117      *      0       1       1        1            0            0          "Minimum Vitality Potion"            0       0            0             0             0             0             0             0             0             0      1       1       1       1       1       1       1
118      *      0       1       1        1            0            0          "Low Vitality Potion"                0       0            0             0             0             0             0             0             0             0      1       1       1       1       1       1       1
119      *      0       1       1        1            0            0          "Medium Vitality Potion"             0       0            0             0             0             0             0             0             0             0      1       1       1       1       1       1       1
120      *      0       1       1        1            0            0          "High Vitality Potion"               0       0            0             0             0             0             0             0             0             0      1       1       1       1       1       1       1
121      0      0       1       1        1            0            0          "Open Access Ticket to Chaos Ca"     25964   10           0             0             0             0             0             0             0             0      1       1       1       1       1       1       1
122      10     0       1       1        1            0            0          "Skeleton Transformation Ring"       1       255          0             0             0             0             0             0             0             0      1       1       1       1       1       1       1
123      8      0       1       1        1            0            0          "Pet Skeleton"                       1       255          0             0             0             0             0             0             0             0      1       1       1       1       1       1       1
124      *      0       1       1        1            0            0          "Paid Channel Access Ticket"         0       0            0             0             0             0             0             0             0             0      1       1       1       1       1       1       1
125      0      0       1       1        1            0            0          "Open Access Ticket to Doppelga"     29285   10           0             0             0             0             0             0             0             0      1       1       1       1       1       1       1
126      *      0       1       1        1            0            0          "Open Access Ticket to Varka"        0       10           0             0             0             0             0             0             0             0      1       1       1       1       1       1       1
127      *      0       1       1        1            0            0          "Open Access Ticket to Varka Ma"     55      3            0             0             0             0             0             0             0             0      1       1       1       1       1       1       1
128      *      0       1       1        1            0            0          "Hawk Figurine"                      0       255          0             0             0             0             0             0             0             0      1       1       1       1       1       1       1
129      *      0       1       1        1            0            0          "Goat Figurine"                      0       255          0             0             0             0             0             0             0             0      1       1       1       1       1       1       1
130      *      0       1       1        1            0            0          "Oak Charm"                          0       255          0             0             0             0             0             0             0             0      1       1       1       1       1       1       1
131      *      0       1       1        1            0            0          "Maple Charm"                        0       255          0             0             0             0             0             0             0             0      1       1       1       1       1       1       1
132      *      0       1       2        1            0            0          "Golden Oak Charm"                   0       255          0             0             0             0             0             0             0             0      1       1       1       1       1       1       1
133      *      0       1       2        1            0            0          "Golden Maple Charm"                 0       255          0             0             0             0             0             0             0             0      1       1       1       1       1       1       1
134      *      0       1       1        1            0            0          "Worn Horseshoe"                     0       255          0             0             0             0             0             0             0             0      1       1       1       1       1       1       1
135      *      0       1       1        1            0	           0	      "1st Lucky Armor Ticket"	           0	   255	        0	      0	            0	          0	        0	      0	            0	          0	 1	 1	 1	 1	 1	 1	 1	
136      *      0       1       1        1            0	           0	      "1st Lucky Pants Ticket"	           0	   255	        0	      0	            0	          0	        0	      0	            0	          0	 1	 1	 1	 1	 1	 1	 1	
137      *      0       1       1        1            0	           0	      "1st Lucky Helm Ticket"	           0	   255	        0	      0	            0	          0	        0	      0	            0	          0	 1	 1	 1	 1	 1	 1	 1	
138      *      0       1       1        1            0	           0	      "1st Lucky Gloves Ticket"	           0	   255	        0	      0	            0	          0	        0	      0	            0	          0	 1	 1	 1	 1	 1	 1	 1	
139      *      0       1       1        1            0	           0	      "1st Lucky Boots Ticket"	           0	   255	        0	      0	            0	          0	        0	      0	            0	          0	 1	 1	 1	 1	 1	 1	 1	
140      *      0       1       1        1            0	           0	      "2sd Lucky Armor Ticket"	           0	   255	        0	      0	            0	          0	        0	      0	            0	          0	 1	 1	 1	 1	 1	 1	 1	
141      *      0       1       1        1            0	           0	      "2sd Lucky Pants Ticket"	           0	   255	        0	      0	            0	          0	        0	      0	            0	          0	 1	 1	 1	 1	 1	 1	 1	
142      *      0       1       1        1            0	           0	      "2sd Lucky Helm Ticket"	           0	   255	        0	      0	            0	          0	        0	      0	            0	          0	 1	 1	 1	 1	 1	 1	 1	
143      *      0       1       1        1            0	           0	      "2sd Lucky Gloves Ticket"	           0	   255	        0	      0	            0	          0	        0	      0	            0	          0	 1	 1	 1	 1	 1	 1	 1	
144      *      0       1       1        1            0	           0	      "2sd Lucky Boots Ticket"	           0	   255	        0	      0	            0	          0	        0	      0	            0	          0	 1	 1	 1	 1	 1	 1	 1	
149      *      0       1       1        1            0            0          "Nixie's Spirit Fragment"            0       0            0             0             0             0             0             0             0             0      1       1       1       1       1       1       1
150      *      0       1       1        1            0            0          "Steel of Heaven"               	   0       0            0             0             0             0             0             0             0             0      1       1       1       1       1       1       1
151      *      0       2       2        1            0            0          "Archangel's Hammer"                 0       0            0             0             0             0             0             0             0             0      1       1       1       1       1       1       1
152      *      0       2       2        1            0            0          "Sealed Stone Shard"                 0       0            0             0             0             0             0             0             0             0      1       1       1       1       1       1       1
153      *      0       2       2        1            0            0          "Holyangel Soul"               	   0       0            0             0             0             0             0             0             0             0      1       1       1       1       1       1       1
154      *      0       2       2        1            0            0          "Dark Angel Anvil"               	   0       255          0             0             0             0             0             0             0             0      1       1       1       1       1       1       1
155      *      0       2       2        1            0            0          "Holyangel Anvil"               	   0       255          0             0             0             0             0             0             0             0      1       1       1       1       1       1       1
165      *      0       1       2        1            0            0          "Garuda's Feather"               	   0       0            0             0             0             0             0             0             0             0      1       1       1       1       1       1       1
166      *      0       1       2        1            0            0          "Garuda's Flame"               	   0       0            0             0             0             0             0             0             0             0      1       1       1       1       1       1       1
167      *      0       1       1        1            0            0          "Golden Sentences"               	   0       1            0             0             0             0             0             0             0             0      1       1       1       1       1       1       1
168      *      0       1       1        1            0            0          "Lesser Spirit Stone"                0       0            0             0             0             0             0             0             0             0      1       1       1       1       1       1       1
169      *      0       1       1        1            0            0          "Intermediate Spirit Stone"          0       0            0             0             0             0             0             0             0             0      1       1       1       1       1       1       1
170      *      0       1       1        1            0            0          "Greater Spirit Stone"               0       0            0             0             0             0             0             0             0             0      1       1       1       1       1       1       1
171      *      0       1       1        1            0            0          "Muun Egg"                 	   0       1            0             0             0             0             0             0             0             0      1       1       1       1       1       1       1
173      *      0       2       2        1            0            0          "Cold Horn"               	   0       255          0             0             0             0             0             0             0             0      1       1       1       1       1       1       1
174      *      0       2       2        1            0            0          "Blue Eye Anvil"               	   0       255          0             0             0             0             0             0             0             0      1       1       1       1       1       1       1
175      *      0       2       2        1            0            0          "Awakening Soul"               	   0       255          0             0             0             0             0             0             0             0      1       1       1       1       1       1       1
176      *      0       2       2        1            0            0          "Soul Anvil"               	   0       255          0             0             0             0             0             0             0             0      1       1       1       1       1       1       1

//====================================================
//  //Categoria # Pets # Ferir # Horse # Do 200 Até 280
//====================================================
//[01]   [02]   [03]    [04]    [05]     [06]         [07]         [08]       [NOME]                               [09]    [10]         [11]          [12]         [13]          [14]          [15]          [16]          [17]          [18]   [SM]    [BK]    [ELF]   [MG]    [DL]    [SU]    [RF]
//Type   Slot   Skill   Width   Height   HaveSerial   HaveOption   DropItem   Name                                 Level   Durability   Resistance1   Resistance2   Resistance3   Resistance4   Resistance5   Resistance6   Resistance7   None   DW      DK      FE      MG      DL      SU      RF
200	 8	76	1	1	 1            1		   0          "Pet Ferir Dark Raven"		   0	   255		0	      0		    0		  0		0             0		    0		  0	 1	 1	 1	 1	 1	 1	 1
201	 8	76	1	1	 1            1		   0          "Pet Ferir Armageddon"		   0	   255		0	      0		    0		  0		0             0		    0		  0	 1	 1	 1	 1	 1	 1	 1
202	 8	76	1	1	 1            1		   0          "Pet Ferir Of Apocalipse"		   0	   255		0	      0		    0		  0		0             0		    0		  0	 1	 1	 1	 1	 1	 1	 1
203	 8	76	1	1	 1            1		   0          "Pet IceRed Dragon"	           0	   255		0	      0		    0		  0		0             0		    0		  0	 1	 1	 1	 1	 1	 1	 1
204	 8	76	1	1	 1            1		   0          "Pet IceBlue Dragon"		   0	   255		0	      0		    0		  0		0             0		    0		  0	 1	 1	 1	 1	 1	 1	 1
205	 8	76	1	1	 1            1		   0          "Pet Ferir Natal"			   0	   255		0	      0		    0		  0		0             0		    0		  0	 1	 1	 1	 1	 1	 1	 1
206	 8	0	1	1	 1            1		   0          "Pet Ferir Blue"			   0	   255		0	      0		    0		  0		0             0		    0		  0	 1	 1	 1	 1	 1	 1	 1
207	 8	76	1	1	 1            1		   0          "Pet Ferir Green"		           0	   255		0	      0		    0		  0		0             0		    0		  0	 1	 1	 1	 1	 1	 1	 1
208	 8	76	1	1	 1            1		   0          "Pet Ferir purple"		   0	   255		0	      0		    0		  0		0             0		    0		  0	 1	 1	 1	 1	 1	 1	 1
209	 8	76	1	1	 1            1		   0          "Pet Ferir Pink"			   0	   255		0	      0		    0		  0		0             0		    0		  0	 1	 1	 1	 1	 1	 1	 1
210	 8	76	1	1	 1            1		   0          "Pet Ferir Red"			   0	   255		0	      0		    0		  0		0             0		    0		  0	 1	 1	 1	 1	 1	 1	 1
211      8      76      2       2        1            0            0          "Pet Ferir Gold"                     300     255          0             0             0             0             0             0             0             0      1       1       1       1       1       1       1
212      8      0       2       2        1            0            0          "Pet Ferir Of New 2022"              300     255          0             0             0             0             0             0             0             0      1       1       1       1       1       1       1
213      8      0       2       2        1            0            0          "Pet Dragon Fire Green"              300     255          0             0             0             0             0             0             0             0      1       1       1       1       1       1       1
214      8      76      1       1        1            0            0          "Pet Ferir Blood Vampire"            300     255          0             0             0             0             0             0             0             0      1       1       1       1       1       1       1
215      8      0       2       2        1            0            0          "Pet Dragon Of Blue White"           300     255          0             0             0             0             0             0             0             0      1       1       1       1       1       1       1


//====================================================
//  //Categoria # Pets # Horse 
//====================================================
251	 8      62      1       1        1            0            0          "Pet Horse Natal"			   300     255          0             0             0             0             0             0             0             0      1       1       1       1       1       1       1
252	 8      62      1       1        1            0            0          "Pet Horse White"			   0	   255		0	      0		    0		  0		0             0		    0		  0	 1	 1	 1	 1	 1	 1	 1
253      8      62      1       1        1            0            0          "Ghost Horse"                        218     255          0             0             0             0             0             0             0             0      1       1       1       1       1       1       1
254      8      62      1       1        1            0            0          "Horse GlostRed"                     300     255          0             0             0             0             0             0             0             0      1       1       1       1       1       1       1
255      8      62      1       1        1            0            0          "Horse Amarelo"                      300     255          0             0             0             0             0             0             0             0      1       1       1       1       1       1       1
256      8      62      1       1        1            0            0          "Horse Abaddon"                      300     255          0             0             0             0             0             0             0             0      1       1       1       1       1       1       1
257      8      62      1       1        1            0            0          "Horse Christmas"                    300     255          0             0             0             0             0             0             0             0      1       1       1       1       1       1       1
211	 8      62      1       1        1            0            0          "Pet Horse Rena Natal"		   300     255          0             0             0             0             0             0             0             0      1       1       1       1       1       1       1
232      8      0       1       1        1            0            0          "Horn Of Uniria"                     25      255          0             0             0             0             0             0             0             0      1       1       1       1       1       1       1



//==================================================================
//  //Categoria # Pets # MuunPets # Do 281 Até 350
//==================================================================
//[01]  [02]   [03]    [04]    [05]     [06]         [07]         [08]       [NOME]                               [09]    [10]         [11]          [12]          [13]          [14]          [15]          [16]          [17]          [18]  [SM]    [BK]    [ELF]   [MG]    [DL]    [SU]    [RF]
//Type   Slot   Skill   Width   Height   HaveSerial   HaveOption   DropItem   Name                                 Level   Durability   Resistance1   Resistance2   Resistance3   Resistance4   Resistance5   Resistance6   Resistance7   None   DW      DK      FE      MG      DL      SU      RF
281	 12	0	1	1	 1            1		   0          "Pet Dark Pirate"			   0	   255		0	      0		    0		  0		0             0		    0		  0	 1	 1	 1	 1	 1	 1	 1
282	 12	0	1	1	 1            1		   0          "Pet Mummy Horus"			   0	   255		0	      0		    0		  0		0             0		    0		  0	 1	 1	 1	 1	 1	 1	 1
283      12     0       1       1        1            0            0          "Pet Of Marinheiro"                  300     255          0             0             0             0             0             0             0             0      1       1       1       1       1       1       1
284	 12	0	1	1	 1            1		   0          "Pet War 2.0 [RL]"		   0	   255		0	      0		    0		  0		0             0		    0		  0	 1	 1	 1	 1	 1	 1	 1
285	 12	0	1	1	 1            1		   0          "Pet Mommoth"			   0	   255		0	      0		    0		  0		0             0		    0		  0	 1	 1	 1	 1	 1	 1	 1
286	 12	0	1	1	 1            1		   0          "Pet Mini Rena Natal"		   0	   255		0	      0		    0		  0		0             0		    0		  0	 1	 1	 1	 1	 1	 1	 1
287      12     76      1       1        1            0            0          "Pet Mini Ferir Natal"               28      255          0             0             0             0             0             0             0             0      0       1       0       0       1       0       0
288	 12	0	1	1	 1            1		   0          "Pet Of Cup [F]"			   0	   255		0	      0		    0		  0		0             0		    0		  0	 1	 1	 1	 1	 1	 1	 1
289      12     0       1       1        1            0            0          "Mini Ferir Abaddon"                 300     255          0             0             0             0             0             0             0             0      1       1       1       1       1       1       1


//==================================================================
//  //Categoria # Pets # Angles Pets Voador Do 351 Até 410
//==================================================================
//[01]  [02]   [03]    [04]    [05]     [06]         [07]         [08]       [NOME]                               [09]    [10]         [11]          [12]          [13]          [14]          [15]          [16]          [17]          [18]   [SM]    [BK]    [ELF]   [MG]    [DL]    [SU]    [RF]
//Type   Slot   Skill   Width   Height   HaveSerial   HaveOption   DropItem   Name                                 Level   Durability   Resistance1   Resistance2   Resistance3   Resistance4   Resistance5   Resistance6   Resistance7   None   DW      DK      FE      MG      DL      SU      RF
351	 12	0	1	1	 1            1		   0          "Pet Eagle Horus"		           0	   255		0	      0		    0		  0		0             0		    0		  0	 1	 1	 1	 1	 1	 1	 1
352	 12	0	1	1	 1            1		   0          "Pet Eagle Zeus"			   0	   255		0	      0		    0		  0		0             0		    0		  0	 1	 1	 1	 1	 1	 1	 1
353      12     0       1       1        1            0            0          "Pet Eagle Of Saron"                 25      255          0             0             0             0             0             0             0             0      1       1       1       1       1       1       1
354      12     0       1       1        1            0            0          "Eagle Of New 2022"                  25      255          0             0             0             0             0             0             0             0      1       1       1       1       1       1       1
355      12     0       1       1        1            0            0          "Eagle Fire Green"                   25      255          0             0             0             0             0             0             0             0      1       1       1       1       1       1       1
356	 12	0	1	1	 1            1		   0          "Pet Steel 2.0"			   0	   255		0	      0		    0		  0		0             0		    0		  0	 1	 1	 1	 1	 1	 1	 1
357	 12	0	1	1	 1            1		   0          "Pet Arcanjo Voador"		   0	   255		0	      0		    0		  0		0             0		    0		  0	 1	 1	 1	 1	 1	 1	 1

end

//=================================
//  //Categoria # Potion #  Jewel
//=================================
14
// [01]  [02]   [03]    [04]    [05]     [06]         [07]         [08]       [NOME]                               [09]    [10]      
//Type   Slot   Skill   Width   Height   HaveSerial   HaveOption   DropItem   Name                                 Value   Level
0        *      0       1       1        1            0            1          "Apple"                              5       1
1        *      0       1       1        1            0            1          "Small Healing Potion"               10      10
2        *      0       1       1        1            0            1          "Healing Potion"                     20      25
3        *      0       1       1        1            0            1          "Large Healing Potion"               30      40
4        *      0       1       1        1            0            1          "Small Mana Potion"                  10      10
5        *      0       1       1        1            0            1          "Mana Potion"                        20      25
6        *      0       1       1        1            0            1          "Large Mana Potion"                  30      40
7        *      0       1       1        1            0            0          "Siege Potion"                       30      0
8        *      0       1       1        1            0            1          "Antidote"                           10      10
9        *      0       1       2        1            0            1          "Ale"                                30      15
10       *      0       1       2        1            0            1          "Town Portal Scroll"                 30      30
11       *      0       1       1        1            0            0          "Box of Luck"                        0       0
12       *      0       1       1        1            0            0          "Heart"                              0       0
13       *      0       1       1        1            0            0          "Jewel of Bless"                     150     25
14       *      0       1       1        1            0            0          "Jewel of Soul"                      150     30
15       *      0       1       1        0            0            0          "Zen"                                0       0
16       *      0       1       1        1            0            0          "Jewel of Life"                      0       72
17       *      0       1       1        1            0            0          "Devil's Eye"                        0       1
18       *      0       1       1        1            0            0          "Devil's Key"                        0       1
19       *      0       1       1        1            0            0          "Devil's Invitation"                 0       0
20       *      0       1       1        1            0            0          "Remedy of Love"                     0       0
21       *      0       1       1        1            0            0          "Rena"                               0       0
22       *      0       1       1        1            0            0          "Jewel of Creation"                  0       78
23       *      0       1       1        1            0            0          "Scroll of the Emperor"              0       0
24       *      0       1       2        1            0            0          "Broken Sword"                       0       0
25       *      0       1       1        1            0            0          "Tear of Elf"                        0       0
//Type   Slot   Skill   Width   Height   HaveSerial   HaveOption   DropItem   Name                                 Value       Level
26       *      0       1       1        1            1            1          "Zen: 500.000.000"                   0       0   
27       *      0       1       1        1            0            1          "Zen: 1.000.000.000"                 0       0   
30       *      0       1       1        1            0            1          "Zen: 2.000.000.000"                 0       0 
31       *      0       1       1        1            0            0          "Jewel of Guardian"                  75      0
32       *      0       1       1        1            0            0          "Pink Chocolate Box"                 0       0
33       *      0       1       1        1            0            0          "Red Chocolate Box"                  0       0
34       *      0       1       1        1            0            0          "Blue Chocolate Box"                 0       0
35       *      0       1       1        1            0            1          "Small SD Potion"                    50      0
36       *      0       1       1        1            0            1          "SD Potion"                          80      0
37       *      0       1       1        1            0            1          "Large SD Potion"                    100     0
38       *      0       1       1        1            0            1          "Small Complex Potion"               20      68
39       *      0       1       1        1            0            1          "Complex Potion"                     40      96
40       *      0       1       1        1            0            1          "Large Complex Potion"               60      118
41       *      0       1       1        1            0            0          "Gemstone"                           150     25
42       *      0       1       1        1            0            0          "Jewel of Harmony"                   150     25
43       *      0       1       1        1            0            0          "Lower refining stone"               150     25
44       *      0       1       1        1            0            0          "Higher refining stone"              150     25
45       *      0       1       1        1            0            0          "Pumpkin of Luck"                    0       1
46       *      0       1       2        1            0            0          "Jack O'Lantern Blessings"           0       0
47       *      0       1       2        1            0            0          "Jack O'Lantern Wrath"               0       0
48       *      0       1       2        1            0            0          "Jack O'Lantern Cry"                 0       0
49       *      0       1       1        1            0            0          "Jack O'Lantern Food"                0       0
50       *      0       1       1        1            0            0          "Jack O'Lantern Drink"               0       0
51       *      0       1       1        1            0            0          "Chistmas Star"                      0       0
52       *      0       1       1        1            0            0          "GM Gift"                            0       0
53       *      0       1       1        1            0            0          "Talisman of Luck"                   0       0
54       *      0       1       1        1            0            0          "Chaos Card"                         0       0
55       *      0       1       1        1            0            0          "Green Chaos Box"                    0       0
56       *      0       1       1        1            0            0          "Red Chaos Box"                      0       0
57       *      0       1       1        1            0            0          "Purple Chaos Box"                   0       0
58       *      0       1       1        1            0            0          "Rare Item Ticket1"                  0       0
59       *      0       1       1        1            0            0          "Rare Item Ticket2"                  0       0
60       *      0       1       1        1            0            0          "Rare Item Ticket3"                  0       0
61       *      0       1       1        1            0            0          "Rare Item Ticket4"                  0       0
62       *      0       1       1        1            0            0          "Rare Item Ticket5"                  0       0
63       *      0       1       1        1            0            0          "Firecracker"                        0       0
64       *      0       1       1        1            0            0          "Cursed Castle Water"                0       0
65       *      0       1       1        1            0            0          "Death-beam Knight Flame"            0       0
66       *      0       1       2        1            0            0          "Hell-Miner Horn"                    0       0
67       *      0       1       2        1            0            0          "Dark Phoenix Feather"               0       0
68       *      0       1       2        1            0            0          "Abyssal Eye"                        0       0
70       *      0       1       1        1            0            0          "Elite Healing Potion"               0       0
71       *      0       1       1        1            0            0          "Elite Mana Potion"                  0       0
72       *      0       2       2        1            0            0          "Scroll of Quickness"                0       0
73       *      0       2       2        1            0            0          "Scroll of Defense"                  0       0
74       *      0       2       2        1            0            0          "Scroll of Wrath"                    0       0
75       *      0       2       2        1            0            0          "Scroll of Wizardry"                 0       0
76       *      0       2       2        1            0            0          "Scroll of Health"                   0       0
77       *      0       2       2        1            0            0          "Scroll of Mana"                     0       0
78       *      0       1       2        1            0            0          "Elixir of Strength"                 0       0
79       *      0       1       2        1            0            0          "Elixir of Agility"                  0       0
80       *      0       1       2        1            0            0          "Elixir of Health"                   0       0
81       *      0       1       2        1            0            0          "Elixir of Energy"                   0       0
82       *      0       1       2        1            0            0          "Elixir of Control"                  0       0
83       *      0       1       1        1            0            0          "Rare Item Ticket"                   0       0
84       *      0       1       1        1            0            0          "Cherry Blossom Play-Box"            0       0
85       *      0       1       2        1            0            0          "Cherry Blossom Wine"                0       0
86       *      0       1       1        1            0            0          "Cherry Blossom Rice Cake"           0       0
87       *      0       1       1        1            0            0          "Cherry Blossom Flower Petal"        0       0
88       *      0       1       2        1            0            0          "White Cherry Blossom Branch"        0       0
89       *      0       1       2        1            0            0          "Red Cherry Blossom Branch"          0       0
90       *      0       1       2        1            0            0          "Golden Cherry Blossom Branch"       0       0
91       *      0       1       1        1            0            0          "Summoner Character Card"            0       0
92       *      0       1       1        1            0            0          "Chaos Card Gold"                    0       0
93       *      0       1       1        1            0            0          "Chaos Card Rare"                    0       0
94       *      0       1       1        1            0            0          "Medium Elite Healing Potion"        0       0
95       *      0       1       1        1            0            0          "Chaos Card  Mini"                   0       0
96       *      0       1       1        1            0            0          "Talisman of Chaos Assembly"         0       0
97       *      0       2       2        1            0            0          "Scroll of Battle"                   0       0
98       *      0       2       2        1            0            0          "Scroll of Strength"                 0       0
99       *      0       1       1        1            0            0          "Christmas Firecracker"              0       0
100      *      0       1       1        1            0            0          "Lucky Coin"                         0       0
101      *      0       1       1        1            0            0          "Suspicious Scrap of Paper"          0       32
102      *      0       1       1        1            0            0          "Gaion's Order"                      0       0
103      *      0       1       1        1            0            0          "First Secromicon Fragment"          0       0
104      *      0       1       1        1            0            0          "Second Secromicon Fragment"         0       0
105      *      0       1       1        1            0            0          "Third Secromicon Fragment"          0       0
106      *      0       1       1        1            0            0          "Fourth Secromicon Fragment"         0       0
107      *      0       1       1        1            0            0          "Fifth Secromicon Fragment"          0       0
108      *      0       1       1        1            0            0          "Sixth Secromicon Fragment"          0       0
109      *      0       1       1        1            0            0          "Complete Secromicon"                0       0
110      *      0       1       1        1            0            0          "Sign of Dimensions"                 0       32
111      *      0       1       1        1            0            0          "Mirror of Dimensions"               0       0
112      *      0       1       1        1            0            0          "Silver Key"                         0       0
113      *      0       1       1        1            0            0          "Gold Key"                           0       0
114      *      0       1       1        1            0            0          "Master Skill Reset"                 0       0
115      *      0       1       1        1            0            0          "Stat Adjustment"                    0       0
116      *      0       1       1        1            0            0          "Character Relocation Service"       0       0
117      *      0       1       1        1            0            0          "Character Rename Service"           0       0
118      *      0       1       1        1            0            0          "Server Relocation Service"          0       0
119      *      0       1       1        1            0            0          "Premium Package"                    0       0
120      *      0       1       1        1            0            0          "Goblin Gold Coin"                   0       0
125      *      0       1       1        1            0            0          "Package Box"                        0       0
126      *      0       1       1        1            0            0          "30-Day Pass"                        0       0
127      *      0       1       1        1            0            0          "90-Day Pass"                        0       0
128      *      0       1       1        1            0            0          "30-Day Pass - Points"               0       0
129      *      0       1       1        1            0            0          "90-Day Pass - Points"               0       0
130      *      0       1       1        1            0            0          "3-Hour Pass"                        0       0
131      *      0       1       1        1            0            0          "5-Hour Pass"                        0       0
132      *      0       1       1        1            0            0          "10-Hour Pass"                       0       0
133      *      0       1       1        1            0            0          "Elite SD Potion"                    0       0
134      *      0       1       1        1            0            0          "Package Box A"                      0       0
135      *      0       1       1        1            0            0          "Package Box B"                      0       0
136      *      0       1       1        1            0            0          "Package Box C"                      0       0
137      *      0       1       1        1            0            0          "Package Box D"                      0       0
138      *      0       1       1        1            0            0          "Package Box E"                      0       0
139      *      0       1       1        1            0            0          "Package Box F"                      0       0
140      *      0       2       2        1            0            0          "Scroll of Healing"                  0       0
141      *      0       1       1        1            0            0          "Shining Jewelry Case"               0       0
142      *      0       1       1        1            0            0          "Elegant Jewelry Case"               0       0
143      *      0       1       1        1            0            0          "Steel Jewelry Case"                 0       0
144      *      0       1       1        1            0            0          "Old Jewelry Case"                   0       0
145      *      0       1       1        1            0            0          "Rare Item Ticket 7"                 0       0
146      *      0       1       1        1            0            0          "Rare Item Ticket 8"                 0       0
147      *      0       1       1        1            0            0          "Rare Item Ticket 9"                 0       0
148      *      0       1       1        1            0            0          "Rare Item Ticket 10"                0       0
149      *      0       1       1        1            0            0          "Rare Item Ticket 11"                0       0
150      *      0       1       1        1            0            0          "Rare Item Ticket 12"                0       0
151      *      0       1       2        1            0	           0	      "Lv. 1 Letter of Request"	           0	   0	
152      *      0       1       2        1            0	           0	      "Lv. 1 Completion Certificate"	   0	   0	
153      *      0       1       1        1            0	           0	      "Stardust"	                   60	   0	
154      *      0       1       1        1            0	           0	      "Kalt Stone"	                   60	   0	
155      *      0       2       2        1            0	           0	      "Tantalos's Armor"	           60	   0	
156      *      0       1       3        1            0	           0	      "Burnt Murderer's Club"	           60	   0	
157      *      0       1       1        1            0	           0	      "Green Box"	                   190	   0	
158      *      0       1       1        1            0	           0	      "Red Box"	                           190	   0	
159      *      0       1       1        1            0	           0	      "Purple Box"	                   190	   0	
160      *      0       1       1        1            0	           0	      "Jewel of Extension"	           0	   0	
161      *      0       1       1        1            0	           0	      "Jewel of Elevation"	           0	   0	
162      *      0       1       1        1            0	           0	      "Magic Backpack"	                   0	   0	
163      *      0       1       1        1            0	           0	      "Vault Expansion Certificate"	   0	   0	
164	 *	0	1	1	 1	      0	           0	      "Ancient Statue"	   		   0	   0	
165	 *	0	1	1	 1	      0	           0	      "Magic Cloth"	   		   0	   0
166	 *	0	1	1	 1	      0	           0	      "Space Cloth"	   		   0	   0
169      *      0       1       1        1            0	           0	      "Rage Fighter Character Card"	   0	   0	
//=====================================
// Box Of Eventos
//=====================================
170      *      0       2       2        1            0            0          "Mastery Box (Minor)"                0       0
171      *      0       2       2        1            0            0          "Mastery Box (Standar)"              0       0
172     200     0       1       1        1            1            0          "Mastery Box (Greater)"              0       0
173	200	0	1	1	 1	      1	           0	      "Box Of Event"			   0	   0
174	200	0	1	1	 1	      1	           0	      "Box Of Horus"			   0	   0
175	200	0	1	1	 1	      1	           0	      "Box Of Npc Maluco"	           0	   0
176	200	0	1	1	 1	      1	           0	      "Box Of Maratona"	                   0	   0
177	200	0	1	1	 1	      1	           0	      "Box Of Lunar Rabbit"	           0	   0
178	200	0	1	1	 1	      1	           0	      "Box Abaddon"	                   0	   0

//=====================================
// Custom Jewel Chaos Mix
//=====================================
242      *      0       1       1        1            0	           0	      "Jewel Of LightGold"	           0	   0
243      *      0       1       1        1            0	           0	      "Jewel Of LightSupremo"		   0	   0
244      *      0       1       1        1            0	           0	      "Jewel Of Light"		           0	   0
//=====================================
// Custom Jewel
//=====================================
244      *      0       1       1        1            0	           0	      "Jewel Of Level"			   0	   0
245      *      0       1       1        1            0	           0	      "Jewel Of Skill"		           0	   0
246      *      0       1       1        1            0	           0	      "Jewel Of Luck"		           0	   0
247      *      0       1       1        1            0	           0	      "Jewel Of Adicional"		   0	   0
248      *      0       1       1        1            0	           0	      "Jewel Of Excelent"		   0	   0
249      *      0       1       1        1            0	           0	      "Jewel Of Socket"		           0	   0
250      *      0       1       1        1            0	           0 	      "Jewel Of Ancient 1"		   0	   0
251      *      0       1       1        1            0	           0	      "Jewel Of Ancient 2"		   0	   0
252      *      0       1       1        1            0	           0	      "Jewel Of full"		           0	   0
end

//=================================
//  //Categoria //Magias #  Scroll
//=================================
15
// [01]  [02]   [03]    [04]    [05]     [06]         [07]         [08]       [NOME]                               [09]    [10]       [11]        [12]      [SM]    [BK]    [ELF]   [MG]    [DL]    [SU]    [RF]
//Type   Slot   Skill   Width   Height   HaveSerial   HaveOption   DropItem   Name                                 Level   ReqLevel   ReqEnergy   BuyMoney   DW      DK      FE      MG      DL      SU      RF
0        *      0       1       2        1            0            1          "Scroll of Poison"                   30      0          100         17000      1       0       0       1       0       0       0
1        *      0       1       2        1            0            1          "Scroll of Meteorite"                21      0          100         11000      1       0       0       1       0       1       0
2        *      0       1       2        1            0            1          "Scroll of Lighting"                 13      0          100         3000       1       0       0       1       0       0       0
3        *      0       1       2        1            0            1          "Scroll of Fire Ball"                5       0          100         300        1       0       0       1       0       1       0
4        *      0       1       2        1            0            1          "Scroll of Flame"                    35      0          100         21000      1       0       0       1       0       0       0
5        *      0       1       2        1            0            1          "Scroll of Teleport"                 17      0          100         5000       1       0       0       0       0       0       0
6        *      0       1       2        1            0            1          "Scroll of Ice"                      25      0          100         14000      1       0       0       1       0       1       0
7        *      0       1       2        1            0            1          "Scroll of Twister"                  40      0          100         25000      1       0       0       1       0       0       0
8        *      0       1       2        1            0            1          "Scroll of Evil Spirit"              50      0          100         35000      1       0       0       1       0       0       0
9        *      0       1       2        1            0            1          "Scroll of Hellfire"                 60      0          100         60000      1       0       0       1       0       0       0
10       *      0       1       2        1            0            1          "Scroll of Power Wave"               9       0          100         1150       1       0       0       1       0       1       0
11       *      0       1       2        1            0            1          "Scroll of Aqua Beam"                74      0          110         100000     1       0       0       1       0       0       0
12       *      0       1       2        1            0            1          "Scroll of Cometfall"                80      0          150         175000     1       0       0       1       0       0       0
13       *      0       1       2        1            0            1          "Scroll of Inferno"                  88      0          200         265000     1       0       0       1       0       0       0
14       *      0       1       2        1            0            1          "Scroll of Teleport Ally"            83      0          188         245000     2       0       0       0       0       0       0
15       *      0       1       2        1            0            1          "Scroll of Soul Barrier"             77      0          126         135000     1       0       0       0       0       0       0
16       *      0       1       2        1            0            1          "Scroll of Decay"                    96      0          243         345000     2       0       0       0       0       0       0
17       *      0       1       2        1            0            1          "Scroll of Ice Storm"                93      0          223         315000     2       0       0       0       0       0       0
18       *      0       1       2        1            0            1          "Scroll of Nova"                     100     0          258         410000     2       0       0       0       0       0       0
19       *      0       1       2        1            0            1          "Chain Lightning Parchment"          75      0          75          175000     0       0       0       0       0       1       0
20       *      0       1       2        1            0            1          "Drain Life Parchment"               35      0          93          100000     0       0       0       0       0       1       0
21       *      0       1       2        1            0            1          "Lightning Shock Parchment"          93      0          216         315000     0       0       0       0       0       1       0
22       *      0       1       2        1            0            1          "Damage Reflection Parchment"        80      0          111         245000     0       0       0       0       0       1       0
23       *      0       1       2        1            0            1          "Berserker Parchment"                83      0          181         265000     0       0       0       0       0       1       0
24       *      0       1       2        1            0            1          "Sleep Parchment"                    40      0          100         135000     0       0       0       0       0       1       0
26       *      0       1       2        1            0            1          "Weakness Parchment"                 93      0          173         410000     0       0       0       0       0       2       0
27       *      0       1       2        1            0            1          "Innovation Parchment"               111     0          201         450000     0       0       0       0       0       2       0
28       *      0       1       2        1            0            1          "Scroll of Wizardry Enhance"         100     220        118         425000     2       0       0       0       0       0       0
29       *      0       1       2        1            0            1          "Scroll of Gigantic Storm"           100     220        118         380000     0       0       0       1       0       0       0
30       *      0       1       2        1            0            1          "Chain Driver Parchment"             80      150        0           175000     0       0       0       0       0       0       1
31       *      0       1       2        1            0            1          "Dark Side Parchment"                100     180        0           345000     0       0       0       0       0       0       1
32       *      0       1       2        1            0            1          "Dragon Lore Parchment"              90      150        0           265000     0       0       0       0       0       0       1
33       *      0       1       2        1            0            1          "Dragon Slayer Parchment"            100     200        0           345000     0       0       0       0       0       0       1
34       *      0       1       2        1            0            1          "Red Armor Ignore Parchment"         100     120        0           345000     0       0       0       0       0       0       1
35       *      0       1       2        1            0            1          "Fitness Parchment"                  90      80         0           265000     0       0       0       0       0       0       1
36       *      0       1       2        1            0            1          "Defense Rate Parchment"             70      50         0           60000      0       0       0       0       0       0       1
50       *      0       1       2        1            0            1          "Summon of Scroll"                    0	   0          0           410000     0       0       0       0       0       0       0

end